file	unit_number	table_or_group	localization_or_lookup_key	source_hash	zh_tw_hash	source_ref	zh_tw_ref	unit_kind	review_touched	glossary_hit	lookup_used	ai_rechecked	result	reason_codes	batch_id	placeholder_status	lookup_status
Enhanced_descriptions_localization.lua	1	generated_root_localization	"type_name .. ""_text_colour"""	C247B46998EB138F24D4ADCA4CAAC6E8520697308702DBB5AEA6348815340E2D	1ADD39CD246B3BCA921E42AAFDD0C8075080946AD839F0AD5C341476C55445E3	Enhanced_descriptions_localization.lua:111	Enhanced_descriptions_localization.lua:114	generated_root_localization	no	no	no	yes	KEEP		ED3-ROOT-RECHECK-001	match	none
Enhanced_descriptions_localization.lua	2	root_localization	mod_name	858AF9D467309A52309DB94594A6E7FDDC587BC25A21748C0EC249B7DB395022	163B22E7A414F7E03FD1A0F3359A91CC1040EF539B7B4F59FA21D5257D647730	Enhanced_descriptions_localization.lua:128	Enhanced_descriptions_localization.lua:131	root_localization	no	no	no	yes	KEEP		ED3-ROOT-RECHECK-001	match	none
Enhanced_descriptions_localization.lua	3	root_localization	mod_description	3F0B32D2A55109D6A985AFBE46CB882F016332346C04AD6809221FF1FF777666	581603F936832C2481AAFDA4C9365CC4C167177EBA49EEE32F76364EA7D8FE59	Enhanced_descriptions_localization.lua:142	Enhanced_descriptions_localization.lua:145	root_localization	no	yes	no	yes	KEEP		ED3-ROOT-RECHECK-001	match	none
Enhanced_descriptions_localization.lua	4	root_localization	general_settings_group	897C4C778611FA711DA5A2DFE2D4D7EC148D8AE66086C050E61EC0F9B43D21D8	B7FACB1548AFD992EBC9867091098B3DEAD4B4A98D3F72B3E16A0AFD76420D33	Enhanced_descriptions_localization.lua:158	Enhanced_descriptions_localization.lua:161	root_localization	no	no	no	yes	KEEP		ED3-ROOT-RECHECK-001	match	none
Enhanced_descriptions_localization.lua	5	root_localization	modules_group	B8801184E07E4815A9BB988D8E5A7705DD4FD4E6360F5D4B1251F0A2FC8565AC	60138AED4EF12B132AE3B2E7EB4ED2A9F090546773405BEB832BF73016E18425	Enhanced_descriptions_localization.lua:173	Enhanced_descriptions_localization.lua:176	root_localization	no	no	no	yes	KEEP		ED3-ROOT-RECHECK-001	match	none
Enhanced_descriptions_localization.lua	6	root_localization	colors_group	FE1720A734776D511A6A1EAEA4B9C5493ECEFB8D262F088D5A4F9314B7D172C6	C09291B978C04D24AFFD281D218B41C731CDD624611E238EC8F6E69851222B98	Enhanced_descriptions_localization.lua:188	Enhanced_descriptions_localization.lua:191	root_localization	no	no	no	yes	KEEP		ED3-ROOT-RECHECK-001	match	none
Enhanced_descriptions_localization.lua	7	root_localization	language_group	15DC75E2143C177F5A5376332E28A71647ECE9170A9856A031004D983110024A	CB3C35624C9FB5E6697C3CEC952A40CB7CFF092068299939AF3FFD4C82EDE116	Enhanced_descriptions_localization.lua:204	Enhanced_descriptions_localization.lua:207	root_localization	no	no	no	yes	KEEP		ED3-ROOT-RECHECK-001	match	none
Enhanced_descriptions_localization.lua	8	root_localization	language_override	EEDC85CA4771AFE00E4E92C73FA1E749E548C394D633002C0066032DA7B97137	EBF67DD03C8286EECD363F657D1FB5DD742FA9634A6A93220DCF3FA08380E403	Enhanced_descriptions_localization.lua:218	Enhanced_descriptions_localization.lua:221	root_localization	no	no	no	yes	KEEP		ED3-ROOT-RECHECK-001	match	none
Enhanced_descriptions_localization.lua	9	root_localization	language_override_description	806942A09BEE341BA90F781B8BF09D32D91AD461CAA2F8114C69658CE130AF23	249D16A9E1490D445C95B7EE9638893043959509DE3FDF9EA1F810B37C414AAA	Enhanced_descriptions_localization.lua:232	Enhanced_descriptions_localization.lua:241	root_localization	no	no	no	yes	KEEP		ED3-ROOT-RECHECK-001	match	none
Enhanced_descriptions_localization.lua	10	root_localization	language_auto	6783A5F5480BF3DE1642081AB1B09244357089F736D1EF6C1521331F45522736	183F19B0027058C27008D34D68AEE936B9D31F764EB04789D0A106036FF64A6D	Enhanced_descriptions_localization.lua:272	Enhanced_descriptions_localization.lua:275	root_localization	no	no	no	yes	KEEP		ED3-ROOT-RECHECK-001	match	none
Enhanced_descriptions_localization.lua	11	root_localization	language_en	32889A931B08BA01DADFC309DF2EC6BD7B8234AA9A8DB49FFD49818F3B3AA1C6	9E8CBD5A556EA9CB1D62F722CBB5A4B65A6D2F90765A3564D6E8CBB4713513D5	Enhanced_descriptions_localization.lua:286	Enhanced_descriptions_localization.lua:289	root_localization	no	no	no	yes	KEEP		ED3-ROOT-RECHECK-001	match	none
Enhanced_descriptions_localization.lua	12	root_localization	language_ru	07BB3C3F5A38AF2D0DEEA379CFB2D7E4F592FD2D553FC2DAF7FD14AAF22EDE3E	EA5DAEE46CE6D4EAB506CA99F81714F120DFA6ED7CD9AC7C01FF95DF06FDDF1B	Enhanced_descriptions_localization.lua:300	Enhanced_descriptions_localization.lua:303	root_localization	no	no	no	yes	KEEP		ED3-ROOT-RECHECK-001	match	none
Enhanced_descriptions_localization.lua	13	root_localization	language_fr	092033938CA2DEBB340BE95266C500B7EE4739FACAF97F9A059B190A19CEE0F5	9D34367305AD0048829ED6D7513CDABDCF7288F9F6C4B974C679EE1EA928E1D4	Enhanced_descriptions_localization.lua:314	Enhanced_descriptions_localization.lua:317	root_localization	no	no	no	yes	KEEP		ED3-ROOT-RECHECK-001	match	none
Enhanced_descriptions_localization.lua	14	root_localization	language_zh_tw	21970AB6A6311D829C0D8CB8F256CD8BA6CCED60EF2983E211AB84E7AC809B5E	74F3E5C5B629EE9B19993F6E1A52D8C5E5B48AE33069D8F03C5F332C08F8787A	Enhanced_descriptions_localization.lua:328	Enhanced_descriptions_localization.lua:331	root_localization	no	no	no	yes	KEEP		ED3-ROOT-RECHECK-001	match	none
Enhanced_descriptions_localization.lua	15	root_localization	language_zh_cn	EB505D87279ADBCF04DD361EECFE7FC63F6E9637D38E098D3C00FD3553F18F1B	D7666B1D9DEC424A7FDCD2BFCAE366C219D4DC7EA7DA6FFC89A5A33B1493C417	Enhanced_descriptions_localization.lua:342	Enhanced_descriptions_localization.lua:345	root_localization	no	no	no	yes	KEEP		ED3-ROOT-RECHECK-001	match	none
Enhanced_descriptions_localization.lua	16	root_localization	language_de	AE4D849AD5C154F541D7168EDF7878B994D27B800ABA40C436C7F275CCD2A2C0	0A85DD8563F3F5A3BB60B58387D9441CA3B1F867B90C47BC9975CB9FB71BAC48	Enhanced_descriptions_localization.lua:356	Enhanced_descriptions_localization.lua:359	root_localization	no	no	no	yes	KEEP		ED3-ROOT-RECHECK-002	match	none
Enhanced_descriptions_localization.lua	17	root_localization	language_it	E5777CAB81802A685DE3E4C40931F39B76B9ACADAA7431159F1143C2276ED320	92F9203DB534728403D1C8A95CFC8752794347F54A544F8E38BE2E2FE961D675	Enhanced_descriptions_localization.lua:370	Enhanced_descriptions_localization.lua:373	root_localization	no	no	no	yes	KEEP		ED3-ROOT-RECHECK-002	match	none
Enhanced_descriptions_localization.lua	18	root_localization	language_ja	A01376B77482743DEBD24E43F99A5FEDA70B536A0D5BFE4525BBFB2E8EECD2D8	874C637696F5ACE1E2FD9FD12A69CA1B7FC4AEA47A0D22D5F1BD913B1A58EFEF	Enhanced_descriptions_localization.lua:384	Enhanced_descriptions_localization.lua:387	root_localization	no	no	no	yes	KEEP		ED3-ROOT-RECHECK-002	match	none
Enhanced_descriptions_localization.lua	19	root_localization	language_ko	ACDFFDE69EB3FB0F3D0B5F842B08F863611DDE92CF08B0F05DF17FF200604810	E654F45D2168FAED3D5460F278118A774660D28DE4E7CA66C44A78595252A722	Enhanced_descriptions_localization.lua:398	Enhanced_descriptions_localization.lua:401	root_localization	no	no	no	yes	KEEP		ED3-ROOT-RECHECK-002	match	none
Enhanced_descriptions_localization.lua	20	root_localization	language_pl	83BDAAD12C66361011B90886BFC2E1CBA1A76F2914EBA88AF4A3DB6CB3A43DA0	A9FCECB6200576F00891CD9C943F3ADD07D4CDAC0CFE53932EDB5A49A7750550	Enhanced_descriptions_localization.lua:412	Enhanced_descriptions_localization.lua:415	root_localization	no	no	no	yes	KEEP		ED3-ROOT-RECHECK-002	match	none
Enhanced_descriptions_localization.lua	21	root_localization	language_pt_br	02AAA1C3B13744B773B29C7331741871622097E1ECFDBBAC7CF8A7CE06103FCF	1E6683CBF7E921405F05628C4D7FBE192173307668C07F5616DB284337A12653	Enhanced_descriptions_localization.lua:426	Enhanced_descriptions_localization.lua:429	root_localization	no	no	no	yes	KEEP		ED3-ROOT-RECHECK-002	match	none
Enhanced_descriptions_localization.lua	22	root_localization	language_es	F67D489C628B745CAA4180E0CFB5BFBD5A9226172706845B497BA33869E135E8	B6B96270BB50FC280B7B9EED125F5DDC7244D08AD12AE00CEA1BB9A84B74072C	Enhanced_descriptions_localization.lua:440	Enhanced_descriptions_localization.lua:443	root_localization	no	no	no	yes	KEEP		ED3-ROOT-RECHECK-002	match	none
Enhanced_descriptions_localization.lua	23	root_localization	enable_weapons_file	D4E6F98751DBBCA5F0EE4B8CC41DE29DF5BCD4F4FD678817AA5D7CA413BF7C05	EDE56ACC7EF216A99195A43B6C0A198E551E427194F028819D8E41662A05886A	Enhanced_descriptions_localization.lua:455	Enhanced_descriptions_localization.lua:458	root_localization	no	yes	no	yes	KEEP		ED3-ROOT-RECHECK-002	match	none
Enhanced_descriptions_localization.lua	24	root_localization	enable_weapons_file_description	E587B2097A8EF050ADA6034C93CB8B2296820566CD51B9B5FB31E25190BDD514	69C8E9808ECB639ED128E95580BCC57CEE6BB100DB696DED5F6E5473166A9309	Enhanced_descriptions_localization.lua:469	Enhanced_descriptions_localization.lua:472	root_localization	no	yes	no	yes	KEEP		ED3-ROOT-RECHECK-002	match	none
Enhanced_descriptions_localization.lua	25	root_localization	enable_curious_file	F9EEEC25A5D2F6C8A85AA4485AF40D78B221FEEC35941139450716956B5A53B4	215E1A707D567671D3C23F65C8F9C1C37D42ADAB894102934478CF2B91359A91	Enhanced_descriptions_localization.lua:484	Enhanced_descriptions_localization.lua:487	root_localization	no	yes	no	yes	KEEP		ED3-ROOT-RECHECK-002	match	none
Enhanced_descriptions_localization.lua	26	root_localization	enable_curious_file_description	BE2CE5203E4CCDE87F8B9B7C130EA457146B8C5E4FDB28D9B64E5B0C6E958561	49997A2E72BF1192A01CC74A9697EBDE2BF0C0F21B1EF879B3513A7CD838B2C1	Enhanced_descriptions_localization.lua:498	Enhanced_descriptions_localization.lua:501	root_localization	no	yes	no	yes	KEEP		ED3-ROOT-RECHECK-002	match	none
Enhanced_descriptions_localization.lua	27	root_localization	enable_menus_file	C1257BD7534F7B3B36BD50E527572D0A859277154FAE5B71C7777811F1C474F1	440EA0BD53FEAA37B4364283535C75F859689A6F69C01A68652847BBF6878582	Enhanced_descriptions_localization.lua:513	Enhanced_descriptions_localization.lua:516	root_localization	no	no	no	yes	KEEP		ED3-ROOT-RECHECK-002	match	none
Enhanced_descriptions_localization.lua	28	root_localization	enable_menus_file_description	7138F92214FFFBAA65ACCA4B9C712541BC6BF240183BA85FD30BB2E650CA4F5A	080BD491F231FB06BC25AC7723CE909A368D6F9191B91FD96EE918219FB3E69E	Enhanced_descriptions_localization.lua:527	Enhanced_descriptions_localization.lua:530	root_localization	no	yes	no	yes	KEEP		ED3-ROOT-RECHECK-002	match	none
Enhanced_descriptions_localization.lua	29	root_localization	enable_talents_file	2D3944755F96D15C09BA2C2794297CE1CDEAE7F59700FB65F163E86E5B5BD94C	14325AE667A2C1E70CC19571A275B2AB3C5C133AFF80E418791C4FF721660C8C	Enhanced_descriptions_localization.lua:542	Enhanced_descriptions_localization.lua:545	root_localization	no	yes	no	yes	KEEP		ED3-ROOT-RECHECK-002	match	none
Enhanced_descriptions_localization.lua	30	root_localization	enable_talents_file_description	C604E0F949C0542595BCF5029899B4AD98B4556AB6B85320CB9BF36896CE7036	5C0E14F4A10720DE494F7D6C3C33450A27808DC7D190CD57B8748A595023D8F3	Enhanced_descriptions_localization.lua:556	Enhanced_descriptions_localization.lua:559	root_localization	no	yes	no	yes	KEEP		ED3-ROOT-RECHECK-002	match	none
Enhanced_descriptions_localization.lua	31	root_localization	enable_penances_file	1AFBB3B0B5A6EEF16643519ECB4CE2A8A423114754701DA6354D41D95D567AAF	E7D2C95D9CB35259DAC4FE83A4AB6A1F8B9A9B0B9560A7184180C17FC87A508C	Enhanced_descriptions_localization.lua:571	Enhanced_descriptions_localization.lua:574	root_localization	no	yes	no	yes	KEEP		ED3-ROOT-RECHECK-003	match	none
Enhanced_descriptions_localization.lua	32	root_localization	enable_penances_file_description	295CEF18D7082B3AB6C4413C1A18B6967ABA530049A0C9CBB9E84D0F65221106	0E51AF85E9F3B8DC9E5DECA90BCE202BB13EBBB2C0E4B4B4596FA3459058AC5D	Enhanced_descriptions_localization.lua:585	Enhanced_descriptions_localization.lua:588	root_localization	no	yes	no	yes	KEEP		ED3-ROOT-RECHECK-003	match	none
Enhanced_descriptions_localization.lua	33	root_localization	enable_names_file	BC537E8DAAC7944ACD777BCD82559F698841969EF1ECEB26123A4850AC6E9073	B4F38D1420BB07640C1F8485A71541B0AAA1D202291553B4B92DD999D7617932	Enhanced_descriptions_localization.lua:600	Enhanced_descriptions_localization.lua:603	root_localization	no	yes	no	yes	KEEP		ED3-ROOT-RECHECK-003	match	none
Enhanced_descriptions_localization.lua	34	root_localization	enable_names_file_description	79C867E964B3EB344E31B8934324F90D233D71C80EF86BBB0B818892481AC8C2	8A2D179E31DC119C214AB59884F422C19E9CD28AD59095A693EE177CBA029793	Enhanced_descriptions_localization.lua:614	Enhanced_descriptions_localization.lua:618	root_localization	no	yes	no	yes	KEEP		ED3-ROOT-RECHECK-003	match	none
Enhanced_descriptions_localization.lua	35	root_localization	enable_names_tal_bless_file	9AE8FB6FB6A504C89E1BB3804F5940AED7178B254CE1AC47687A39F20616C491	EDD92236E0925C5B9162453B9B26A8299FB34F1E8CEADE9F315B097AA7F86A49	Enhanced_descriptions_localization.lua:631	Enhanced_descriptions_localization.lua:634	root_localization	no	yes	no	yes	KEEP		ED3-ROOT-RECHECK-003	match	none
Enhanced_descriptions_localization.lua	36	root_localization	enable_names_tal_bless_file_description	2302B83FD1804F9B8C994C11A0217E07A156DA258A1A78446605C436410E81EA	613FD06416EAA2C1A2936651657CF023502E15A4E7842C6B90CE6411CB42ECC8	Enhanced_descriptions_localization.lua:645	Enhanced_descriptions_localization.lua:649	root_localization	no	yes	no	yes	KEEP		ED3-ROOT-RECHECK-003	match	none
Enhanced_descriptions_localization.lua	37	root_localization	enable_debug_mode	C62C21EB577B43AF703C75A7FF10D48FFAA4967F1893C8A410ECB644399A6EC3	B50EE7690D7D3F9A519B7A30F2DFE780CE5BD3A984BBD086B75562996662DDE1	Enhanced_descriptions_localization.lua:662	Enhanced_descriptions_localization.lua:665	root_localization	no	no	no	yes	KEEP		ED3-ROOT-RECHECK-003	match	none
Enhanced_descriptions_localization.lua	38	root_localization	enable_debug_mode_description	03B0A6FE71B950CDF44CCA3E20BC5FD4950E0A39EA5FA2307B06D99925248C16	EEA6BD8B0442D1ED17D642B4952D1ACD24284330390E5944566614678E31FAE1	Enhanced_descriptions_localization.lua:676	Enhanced_descriptions_localization.lua:702	root_localization	no	no	no	yes	KEEP		ED3-ROOT-RECHECK-003	match	none
Enhanced_descriptions_localization.lua	39	root_localization	dump_stat_colour	04092438EF79E30B94110949E1A02C089E89B25C92C9137DCD7B1395B3167E6E	873AA4758379AB9F0045826F10B7FDE554A4D11AB8B2CB478AD2ACA8FBD871B0	Enhanced_descriptions_localization.lua:726	Enhanced_descriptions_localization.lua:730	root_localization	no	yes	no	yes	KEEP		ED3-ROOT-RECHECK-003	match	none
Enhanced_descriptions_localization.lua	40	root_localization	dump_stat2_colour	327B7F4D8E4DE544B26B508B9A07A79EA0C4CAEBE441843ED472E993FC80DD1E	C1716E008C7247F41956ED2F80EA6EFD77E066033816068A3060706F54C67C18	Enhanced_descriptions_localization.lua:735	Enhanced_descriptions_localization.lua:739	root_localization	no	yes	no	yes	KEEP		ED3-ROOT-RECHECK-003	match	none
Enhanced_descriptions_localization.lua	41	root_localization	dump_stat3_colour	33BE53402C69AC0DC1501F5282BE3A58A9B28D60FD67D0E8616C14657D5995B2	70BFBFE863C00CA2E7C327B1058B5E8E8A728396AC14934590B18302E5E1742A	Enhanced_descriptions_localization.lua:744	Enhanced_descriptions_localization.lua:748	root_localization	no	yes	no	yes	KEEP		ED3-ROOT-RECHECK-003	match	none
Enhanced_descriptions_localization.lua	42	root_localization	bleed_colour	4DF879522A55B6D7BB5648B27FBB430045309CC32F33C51DCC5755D5BEC99814	D3846D1734256FDF1A2496523E7D1125AEB3BCDB523B70CD6817A2BBE01BF0C7	Enhanced_descriptions_localization.lua:754	Enhanced_descriptions_localization.lua:757	root_localization	no	yes	no	yes	KEEP		ED3-ROOT-RECHECK-003	match	none
Enhanced_descriptions_localization.lua	43	root_localization	brittleness_colour	AEC4FFFC9037A45B072E149EDC83D74A841455AACC9B6FB92B2AAF332D93DF73	EA7AA0F281115D87002AB2AF7C16E52DF2789966483A7CBDAC9EF48635810D06	Enhanced_descriptions_localization.lua:768	Enhanced_descriptions_localization.lua:771	root_localization	no	yes	no	yes	KEEP		ED3-ROOT-RECHECK-003	match	none
Enhanced_descriptions_localization.lua	44	root_localization	burn_colour	B15CCD06680122A03F52FCF23B9AEB7C9DE74FD5608E5070C5C7A3A27AA4F1A0	D94FBA5E29405870865A2FA114BB65F7635B63B21D68718C918B7E80052AD5AC	Enhanced_descriptions_localization.lua:782	Enhanced_descriptions_localization.lua:785	root_localization	no	yes	no	yes	KEEP		ED3-ROOT-RECHECK-003	match	none
Enhanced_descriptions_localization.lua	45	root_localization	cleave_colour	8CBDA0CD1AF8B7876CE3B3ACBE2CC8D280D6284A44A8EC879BA6E135B240D564	90504D8B2FF951DD7AD2E6DCF0A212F672EB73629D0BFB623BF907ADF89B2B8D	Enhanced_descriptions_localization.lua:796	Enhanced_descriptions_localization.lua:799	root_localization	no	yes	no	yes	KEEP		ED3-ROOT-RECHECK-003	match	none
Enhanced_descriptions_localization.lua	46	root_localization	coherency_colour	650B85D4D158C4F8841449966A64F09ED7D3B6444D0EE5C066B02B4006C36E72	36DAA1112116B034EC31A0DF1DFC8E2BC61384392D710B00D5E43599DB4C91B6	Enhanced_descriptions_localization.lua:810	Enhanced_descriptions_localization.lua:813	root_localization	no	yes	no	yes	KEEP		ED3-ROOT-RECHECK-004	match	none
Enhanced_descriptions_localization.lua	47	root_localization	combat_ability_colour	313EB6DB2F70758C35FB61812328522B89C83D386F361E7DF119A25FE141BA5B	D6520DE161A119FA2B8588566D52D311AB1764DB350B86100303572D8A512D07	Enhanced_descriptions_localization.lua:824	Enhanced_descriptions_localization.lua:827	root_localization	no	yes	no	yes	KEEP		ED3-ROOT-RECHECK-004	match	none
Enhanced_descriptions_localization.lua	48	root_localization	corruption_colour	F43C11C46F35DD8FA63A698048F7FFA357E387D5484FD86153D7F6D838356643	5505311AA83EFBBAB8A2980B2DDC7C9564DFF32242E0353F55750756C8B12B89	Enhanced_descriptions_localization.lua:838	Enhanced_descriptions_localization.lua:841	root_localization	no	yes	no	yes	KEEP		ED3-ROOT-RECHECK-004	match	none
Enhanced_descriptions_localization.lua	49	root_localization	crit_colour	4CC8F7B1D029543FFB99E9669A935313D610ED2BA5CDBF241F749C32C6667DAD	359E7FEC9A984255C14D7DB51BC1C6CCAD787B778564F76DBFA862932DD45D2D	Enhanced_descriptions_localization.lua:852	Enhanced_descriptions_localization.lua:855	root_localization	no	yes	no	yes	KEEP		ED3-ROOT-RECHECK-004	match	none
Enhanced_descriptions_localization.lua	50	root_localization	damage_colour	C4A0D307EB082BF7F18E57E77F555C3FB1F4624E2A31A499B174F46532F09768	310C4A3A3766D65378D619A7A8B19EF11FE2060D04FC363E1B366FFDAB3EE0DD	Enhanced_descriptions_localization.lua:866	Enhanced_descriptions_localization.lua:869	root_localization	no	yes	no	yes	KEEP		ED3-ROOT-RECHECK-004	match	none
Enhanced_descriptions_localization.lua	51	root_localization	electrocuted_colour	0104139CC79F0E865889A6E85C1A4A154ED1676610DE9A3CB23E866BB3EE70FB	4F199954C5D5727E939347E0BE38A9E15B229E809DD4E4AA374A1CA0BF173DEB	Enhanced_descriptions_localization.lua:880	Enhanced_descriptions_localization.lua:883	root_localization	no	yes	no	yes	KEEP		ED3-ROOT-RECHECK-004	match	none
Enhanced_descriptions_localization.lua	52	root_localization	finesse_colour	4253E237168443518A90FFCE3653DCF03506C820E9C077A864227F6E741DEEAC	4E60CCFE0B01F88805C6E387EA5FBBD4CD2A7F7970D116B6A5A8D0C75F5FDBBB	Enhanced_descriptions_localization.lua:894	Enhanced_descriptions_localization.lua:897	root_localization	no	yes	no	yes	KEEP		ED3-ROOT-RECHECK-004	match	none
Enhanced_descriptions_localization.lua	53	root_localization	health_colour	F95767D23E1465C847ABA3BD0AB0A0D064A90262945EE4C326B30C2EB38BCF28	3E0D1CFC8E88F16ADA661279333FEADBA00875565726D55E762CF447C14E31FD	Enhanced_descriptions_localization.lua:908	Enhanced_descriptions_localization.lua:911	root_localization	no	yes	no	yes	KEEP		ED3-ROOT-RECHECK-004	match	none
Enhanced_descriptions_localization.lua	54	root_localization	hit_mass_colour	05776595FA47E2936EB8A1004FD53BABA0A585D08E38BFA18BD2B080757D65F6	8791862E4A40A8713A76135EBB8AC8B59EA65724AE58CC7ADEF40C22A6A3D622	Enhanced_descriptions_localization.lua:922	Enhanced_descriptions_localization.lua:925	root_localization	no	yes	no	yes	KEEP		ED3-ROOT-RECHECK-004	match	none
Enhanced_descriptions_localization.lua	55	root_localization	impact_colour	3B3198FC87054D662FD4F91731B200077EB86A9E4B0DECD6F94519B5A6C6D404	B5E3649BB2FBA7A15B4D0DBA795B1C2A4EC93665BB6609D67EDC524A7719CA28	Enhanced_descriptions_localization.lua:936	Enhanced_descriptions_localization.lua:939	root_localization	no	yes	no	yes	KEEP		ED3-ROOT-RECHECK-004	match	none
Enhanced_descriptions_localization.lua	56	root_localization	peril_colour	17226C02940D80B4C59B127532332A947224B80F0245AA5DC54009E28EB4D134	F88E065876B7BA5E92222E6C0A968BB52F8AD4270682A7CCCADAD330B98D9066	Enhanced_descriptions_localization.lua:950	Enhanced_descriptions_localization.lua:953	root_localization	no	yes	no	yes	KEEP		ED3-ROOT-RECHECK-004	match	none
Enhanced_descriptions_localization.lua	57	root_localization	power_colour	26CFC416FA0854E61AE91BD80F7982A6914D2F7C1B057A201862679162BFA1BB	ED1935BC6BACC2E4D1C25B0A4B734F585AEB045AC6FCD444F798192EBD85FB2C	Enhanced_descriptions_localization.lua:964	Enhanced_descriptions_localization.lua:967	root_localization	no	yes	no	yes	KEEP		ED3-ROOT-RECHECK-004	match	none
Enhanced_descriptions_localization.lua	58	root_localization	rending_colour	D2EA4B3F190F0D52C22331DFB225489FF9B00A023B8D27BAE3C2A61866072215	2750C73B3AB2FDF659C040307B7B5F955FCEB3812BAB060BCAA67C9193F60C52	Enhanced_descriptions_localization.lua:978	Enhanced_descriptions_localization.lua:981	root_localization	no	yes	no	yes	KEEP		ED3-ROOT-RECHECK-004	match	none
Enhanced_descriptions_localization.lua	59	root_localization	soulblaze_colour	F49DA808D3907BA0C0FB5EFDCF421AD11A90FB84401B4B6BFB5F32CFCC25FB67	5A18B8FB87286AF1D93395D753C5751A8826C19929E94267ACC2970C254C2EB5	Enhanced_descriptions_localization.lua:992	Enhanced_descriptions_localization.lua:995	root_localization	no	yes	no	yes	KEEP		ED3-ROOT-RECHECK-004	match	none
Enhanced_descriptions_localization.lua	60	root_localization	stagger_colour	024E95406CB60AF6D90E1BFC83D06519E555CF4501095C0693E0D2349573DEBF	9884B9DA4F755DEE3CC13AE3BE7A2F1943E5F286089B85CE40C3817BD1A56F3D	Enhanced_descriptions_localization.lua:1006	Enhanced_descriptions_localization.lua:1009	root_localization	no	yes	no	yes	KEEP		ED3-ROOT-RECHECK-004	match	none
Enhanced_descriptions_localization.lua	61	root_localization	stamina_colour	40D4174CF8CF3D7E22C035A23E95330F8C39ED913CAA28B38A7E2E548557B62F	BE18DE8A4BEED3602B703ABCC074964BDD87DA04758245C6C01692ED4AE8408A	Enhanced_descriptions_localization.lua:1020	Enhanced_descriptions_localization.lua:1023	root_localization	no	yes	no	yes	KEEP		ED3-ROOT-RECHECK-005	match	none
Enhanced_descriptions_localization.lua	62	root_localization	toughness_colour	5F1EDA1A868C615D4DAF16FC904FEDFAFC15EC11EF3A1ED8CABB6EAEE88A4A86	F75B69A32C432E4EA25A3A9257503298AC138E304B3D49AFBF76B10C215003C0	Enhanced_descriptions_localization.lua:1034	Enhanced_descriptions_localization.lua:1037	root_localization	no	yes	no	yes	KEEP		ED3-ROOT-RECHECK-005	match	none
Enhanced_descriptions_localization.lua	63	root_localization	weakspot_colour	6F7A51973EF9FED74FA48CE17301371C323A20ED6515695A39D3BAF3972C90CF	8869C060C328ACA064410BC737A6E53902F2F62EBB6869397CF51CBE19610B30	Enhanced_descriptions_localization.lua:1048	Enhanced_descriptions_localization.lua:1051	root_localization	no	yes	no	yes	KEEP		ED3-ROOT-RECHECK-005	match	none
Enhanced_descriptions_localization.lua	64	root_localization	class_psyker_colour	F1CA8C43BC50DEA00F739D9EA473FE80AA208A6B570D5B8B886FF994513CD6A4	854E0D0926EE83DCECF0B1F854D2BC0687F7670A2119E30FFEEF32631C46D006	Enhanced_descriptions_localization.lua:1064	Enhanced_descriptions_localization.lua:1067	root_localization	no	yes	no	yes	KEEP		ED3-ROOT-RECHECK-005	match	none
Enhanced_descriptions_localization.lua	65	root_localization	precision_colour	9A4FE2BB4EAE7CEB52881AFA4674BF614ABECB7672C5F01BBB9FD66E802E13E3	2455F1FAC3E85BA042E13211705552DA54DAA261615A43E13190502D95097263	Enhanced_descriptions_localization.lua:1078	Enhanced_descriptions_localization.lua:1081	root_localization	no	yes	no	yes	KEEP		ED3-ROOT-RECHECK-005	match	none
Enhanced_descriptions_localization.lua	66	root_localization	class_ogryn_colour	37E300FE37B27656CF782848785EBA311705388749521B2528FB0E63068B1F61	2AB8B7DFE52F37D4AA16B901E9EDE7246E15832366A99DFF55D66F5355D2FDE9	Enhanced_descriptions_localization.lua:1094	Enhanced_descriptions_localization.lua:1097	root_localization	no	yes	no	yes	KEEP		ED3-ROOT-RECHECK-005	match	none
Enhanced_descriptions_localization.lua	67	root_localization	fnp_colour	565E2651DAE3A546603ED4D1927325975905311DF8730C83BDD9A38E66F73A37	7C50D1D96EBB8517F6448AB5CFF5F7DF1BC746D7228CF4BE982BB244D1A93781	Enhanced_descriptions_localization.lua:1108	Enhanced_descriptions_localization.lua:1111	root_localization	no	yes	no	yes	KEEP		ED3-ROOT-RECHECK-005	match	none
Enhanced_descriptions_localization.lua	68	root_localization	luckyb_colour	DE8DF44258B6D8F46CE5D290E4E37E72C369D85EFC2033F698501BC270581B9D	7C006362D18B5E2E201C4DE63910C97A4984BC37C8385488EF92A90D79A1ADFB	Enhanced_descriptions_localization.lua:1122	Enhanced_descriptions_localization.lua:1125	root_localization	no	yes	no	yes	KEEP		ED3-ROOT-RECHECK-005	match	none
Enhanced_descriptions_localization.lua	69	root_localization	trample_colour	69661A6DDD2DDCA6448B81E8511B543F905C4560C41E201A5B5E9B91F68A7191	33073AFF904BB6E081F229B22B021F3405E3AF50DDE19ACB66089FFAF4731EB5	Enhanced_descriptions_localization.lua:1136	Enhanced_descriptions_localization.lua:1139	root_localization	no	yes	no	yes	KEEP		ED3-ROOT-RECHECK-005	match	none
Enhanced_descriptions_localization.lua	70	root_localization	class_zealot_colour	C2191A878458226FC5724503E4D04904EB488436B002FC6F3D14E657792BBE42	DC7A2084BAFFCB6836309665AE6CA9E83466F260187645878837A089308BE2F0	Enhanced_descriptions_localization.lua:1152	Enhanced_descriptions_localization.lua:1155	root_localization	no	yes	no	yes	KEEP		ED3-ROOT-RECHECK-005	match	none
Enhanced_descriptions_localization.lua	71	root_localization	fury_colour	1B0887816B9D52F0A06B27FA17828D45598A67BDC49DF4D778A7D3E58FA80249	404E3DA411D9E7B1BEF56FDB01826EB09E3745D17762E8AE86162F8CE89260E3	Enhanced_descriptions_localization.lua:1166	Enhanced_descriptions_localization.lua:1169	root_localization	no	yes	no	yes	KEEP		ED3-ROOT-RECHECK-005	match	none
Enhanced_descriptions_localization.lua	72	root_localization	momentum_colour	E0AC86BDD81F2174D52244CBCD6622CF90C7C4627D4E929BD5297EBF4C9EBD39	32D8B9AA85ECE336718D942A6E49FC3C85BCCB166EB0042EFF8BE5EA2E482023	Enhanced_descriptions_localization.lua:1180	Enhanced_descriptions_localization.lua:1183	root_localization	no	yes	no	yes	KEEP		ED3-ROOT-RECHECK-005	match	none
Enhanced_descriptions_localization.lua	73	root_localization	stealth_colour	22709066EAEFDE7497522548F00723177D1354EFD49AA5CAE98FCDB3A8CEBE11	4812625E235AEE1253FE0E920D157B685A4CA74191FEE342F3CF84C9CB14B5E3	Enhanced_descriptions_localization.lua:1194	Enhanced_descriptions_localization.lua:1197	root_localization	no	yes	no	yes	KEEP		ED3-ROOT-RECHECK-005	match	none
Enhanced_descriptions_localization.lua	74	root_localization	class_veteran_colour	E5881ADF28BCB1894C23609C4C3052F8E354A155FC1170BED4674D6EB6F1FBC1	554BA96C4B37E5427DC131B3BE4BCF3DA841A74221EDE46339DE9DB847B67A1F	Enhanced_descriptions_localization.lua:1210	Enhanced_descriptions_localization.lua:1213	root_localization	no	yes	no	yes	KEEP		ED3-ROOT-RECHECK-005	match	none
Enhanced_descriptions_localization.lua	75	root_localization	focus_colour	86D2AF9A8BFFFD197F39BD9970FB3FEB83447CF25B6C98652DEFD34EC23918BA	611A3F5D4A668EF4642206FD4AE14CADA7B1618C214A4F6C4B793C40C29C7FD7	Enhanced_descriptions_localization.lua:1224	Enhanced_descriptions_localization.lua:1227	root_localization	no	yes	no	yes	KEEP		ED3-ROOT-RECHECK-005	match	none
Enhanced_descriptions_localization.lua	76	root_localization	focust_colour	7E0041050A22509EA25BCA146671B9511DADB8CABAC169DABC6CBCC4B89CFA5B	E5C0EBAEE7C9CBA0EC6925313B67AB7319AE7FC9BC71E8D25F4920B53A1724A2	Enhanced_descriptions_localization.lua:1238	Enhanced_descriptions_localization.lua:1241	root_localization	no	yes	no	yes	KEEP		ED3-ROOT-RECHECK-006	match	none
Enhanced_descriptions_localization.lua	77	root_localization	meleespec_colour	0ADD24D6C640336CE9AACBF3B3B47F4EAC8C775AF62A44D678863E6CDF3BED31	1AA5E9CA9F771DA716CF1D4A2992D183CCAE2954CDD301151B2F65710C4F328D	Enhanced_descriptions_localization.lua:1252	Enhanced_descriptions_localization.lua:1255	root_localization	no	yes	no	yes	KEEP		ED3-ROOT-RECHECK-006	match	none
Enhanced_descriptions_localization.lua	78	root_localization	rangedspec_colour	10FA6CD78BCEA05C9AE720EB229269552AFE9C309AAAB8C76CC897708C30A125	D03AB195378484AE80D9215218C8ED0E0909DB9D3A025440A21FB649A852C145	Enhanced_descriptions_localization.lua:1266	Enhanced_descriptions_localization.lua:1269	root_localization	no	yes	no	yes	KEEP		ED3-ROOT-RECHECK-006	match	none
Enhanced_descriptions_localization.lua	79	root_localization	class_arbites_colour	7D5491061F5DBB5C7F4AA058F09160D91177FC9A4C0BE373A534B8182B0C66D2	5FC43FFA92E71AE5F4F13EC695D0036948C0EE8EEC715C00E9242E5B34FF3D33	Enhanced_descriptions_localization.lua:1282	Enhanced_descriptions_localization.lua:1285	root_localization	no	yes	no	yes	KEEP		ED3-ROOT-RECHECK-006	match	none
Enhanced_descriptions_localization.lua	80	root_localization	class_scum_colour	21926BDA38137D611141F412CCFC31FE3E66072DCBB848F0BD290A812D4CF424	C91544FDCFBC268C8CAB34E1A12F8015E6636E5249C500D08D55C490C0DBDCCF	Enhanced_descriptions_localization.lua:1298	Enhanced_descriptions_localization.lua:1301	root_localization	no	yes	no	yes	KEEP		ED3-ROOT-RECHECK-006	match	none
Enhanced_descriptions_localization.lua	81	root_localization	chemtox_colour	2E42F1FAFCA366A4817ACA196E56C3D84437E84939173A0B35F748C39B620746	FBC3A8F59AFA87E362FCB832E43F452E8A50665232451922F2FCC5CF601DF01D	Enhanced_descriptions_localization.lua:1312	Enhanced_descriptions_localization.lua:1315	root_localization	no	yes	no	yes	KEEP		ED3-ROOT-RECHECK-006	match	none
Enhanced_descriptions_localization.lua	82	root_localization	talents_colour	44D423F6AA36B2B24E261068909FEE232B6AFA4AA199A294FFB0C16AB1808A3D	A534FA4E367BA932ACD781C92DD6343C34A0B7F2196265C95DF0AAA83D03AFF2	Enhanced_descriptions_localization.lua:1328	Enhanced_descriptions_localization.lua:1331	root_localization	no	yes	no	yes	KEEP		ED3-ROOT-RECHECK-006	match	none
Enhanced_descriptions_localization.lua	83	root_localization	talents_penances_colour	D890B2B9017BA87FF4DB5F117381031A0354C6AF8736935AA47724DDEF72A8E3	66AE40CA2014D2CC6C92BD73BC779BF6B427137FA8D28791106ABFBA91C8B3FB	Enhanced_descriptions_localization.lua:1342	Enhanced_descriptions_localization.lua:1345	root_localization	no	yes	no	yes	KEEP		ED3-ROOT-RECHECK-006	match	none
Enhanced_descriptions_localization.lua	84	root_localization	numbers_colour	C8D1A256A9AD2BEC6E031C0998D037708ED32CEF60DE0C8C5B404482A40A76B5	428CA7E386CEE0A85884EF2B5B868EB0162A84C887F729E15BC3588EF4548C01	Enhanced_descriptions_localization.lua:1356	Enhanced_descriptions_localization.lua:1359	root_localization	no	no	no	yes	KEEP		ED3-ROOT-RECHECK-006	match	none
Enhanced_descriptions_localization.lua	85	root_localization	variables_colour	2501EA1309802FA22B12E465DEEBB6EFD38DC4BEC23CD3D34AF17BE9AB79D314	C280B664CE4681198B334D80A6A90C17C539FB5AFF9942B8255C7649990DA84F	Enhanced_descriptions_localization.lua:1370	Enhanced_descriptions_localization.lua:1373	root_localization	no	no	no	yes	KEEP		ED3-ROOT-RECHECK-006	match	none
Enhanced_descriptions_localization.lua	86	root_localization	note_colour	8F2032E3A5FBA6B67D337E6F4CE1A5E5A436395EA896FACC925477D6CC52303D	529289D423EFC9754EB6D16D61ADD3FB20F89481A4A353EE07B87B370CB21459	Enhanced_descriptions_localization.lua:1384	Enhanced_descriptions_localization.lua:1387	root_localization	no	yes	no	yes	KEEP		ED3-ROOT-RECHECK-006	match	none
Enhanced_descriptions_localization.lua	87	root_localization	warning_colour	B00927BADB9E0E06E03848B79D4760016DD408659B37E99E32987ADEC16E96A5	3320558A8E3FF3841BFFCF0633D37990A0ED5E8601D2BD18AB83325A9955203E	Enhanced_descriptions_localization.lua:1398	Enhanced_descriptions_localization.lua:1401	root_localization	no	no	no	yes	KEEP		ED3-ROOT-RECHECK-006	match	none
Enhanced_descriptions_localization.lua	88	root_localization	sedition_colour	4DE800C5EDDA11BBC71C9BBB08091ADD1389D47D145D397768C10054E4499228	12F1A1A0AC1829D419D7CBFD1CAD66E66B2F169316BDF80764FE3F426B0593F3	Enhanced_descriptions_localization.lua:1414	Enhanced_descriptions_localization.lua:1417	root_localization	no	yes	no	yes	KEEP		ED3-ROOT-RECHECK-006	match	none
Enhanced_descriptions_localization.lua	89	root_localization	uprising_colour	CEC5BCA7685AF32DE999673871B805CCD563194DB4CD733DF5D754E577012D87	1D658D8170A6BC6D5D283C416D107334026F0E42C102DCD13D0FC9A526601985	Enhanced_descriptions_localization.lua:1428	Enhanced_descriptions_localization.lua:1431	root_localization	no	yes	no	yes	KEEP		ED3-ROOT-RECHECK-006	match	none
Enhanced_descriptions_localization.lua	90	root_localization	malice_colour	603E7385D40C6221BD0DBDDFFB71AACD0CA36372983FE72C8DA832F57B05380C	5A45C8D2A8FA0F86FFD80C3D769CEA6F28265C2F108DBF5E01DE1A608ECE3603	Enhanced_descriptions_localization.lua:1442	Enhanced_descriptions_localization.lua:1445	root_localization	no	yes	no	yes	KEEP		ED3-ROOT-RECHECK-006	match	none
Enhanced_descriptions_localization.lua	91	root_localization	heresy_colour	7548C19D381CCC43C5426E3F5588004C4EC4FF95DE7D75F5C4403C6917DFB26B	2828868351040306AB4333B7FAD4316BEE0E6C5DB71C0788E5D83B4047FB3D46	Enhanced_descriptions_localization.lua:1456	Enhanced_descriptions_localization.lua:1459	root_localization	no	yes	no	yes	KEEP		ED3-ROOT-RECHECK-007	match	none
Enhanced_descriptions_localization.lua	92	root_localization	damnation_colour	472025FEAF816C4C122AE2770A090CA0D4DA6FB1C66B715F7E08C544C5774679	F20A1AFB088756189EF6DE31CC7725DC526E5DF01865F95D57F1A389D2C02EFD	Enhanced_descriptions_localization.lua:1470	Enhanced_descriptions_localization.lua:1473	root_localization	no	yes	no	yes	KEEP		ED3-ROOT-RECHECK-007	match	none
Enhanced_descriptions_localization.lua	93	root_localization	auric_colour	149EE0339A4BC92BBBD4C0514AB667C94801D5B1131A4783DAEDE6656409B1FB	3BF8B10538CA8A59E2F92AAFB96D6E896F29665CF1765BD4279B89561CC0B9BA	Enhanced_descriptions_localization.lua:1484	Enhanced_descriptions_localization.lua:1487	root_localization	no	no	no	yes	KEEP		ED3-ROOT-RECHECK-007	match	none
Colors_Keywords_Numbers/COLORS_KWords_tw.lua	1	bleed_text_colour	bleed_text_colour#1	5B4CE1C9D95EC67143B8C86055A90F906B2369D6165C1E9E96DC115DF591A116	C8AE5E4BE599FED51DD1E4F229A59CD1692A55403EA8304969277C3EFA39DEAD	Colors_Keywords_Numbers/COLORS_KWords.lua:8	Colors_Keywords_Numbers/COLORS_KWords_tw.lua:8	keyword_group_structure	no	yes	no	yes	SKIP	CONTAINER_STRUCTURE	ED3-COLORS-RECHECK-001	not_applicable	not_applicable
Colors_Keywords_Numbers/COLORS_KWords_tw.lua	2	bleed_text_colour	Bleed#1	8063A3D700C9A1F62D998F13149594EA964025A7A29EE18FE5AF34C5CBE087DB	E0E67C6C76A5D9BCD57DAF06341854ABE4487A4AD80F4A1DF3382BFC59508EA2	Colors_Keywords_Numbers/COLORS_KWords.lua:9	Colors_Keywords_Numbers/COLORS_KWords_tw.lua:9	keyword	no	yes	yes	yes	KEEP		ED3-COLORS-RECHECK-001	match	definition_used
Colors_Keywords_Numbers/COLORS_KWords_tw.lua	3	bleed_text_colour	Bleeding#1	55676074EE78808358FCA3EF7C6D889983EE6394BD8C10258DE674779AB2FD24	F320C602317EF5BAAFA8A5CD61E1E5937377D35974690689072CE6EC078941AD	Colors_Keywords_Numbers/COLORS_KWords.lua:10	Colors_Keywords_Numbers/COLORS_KWords_tw.lua:10	keyword	no	yes	yes	yes	KEEP		ED3-COLORS-RECHECK-001	match	definition_used
Colors_Keywords_Numbers/COLORS_KWords_tw.lua	4	bleed_text_colour	Bleeds#1	683583BF794F9155F73A4A128DE4E0FB18925FA08BE9D28D30606F245DE96025	E0E67C6C76A5D9BCD57DAF06341854ABE4487A4AD80F4A1DF3382BFC59508EA2	Colors_Keywords_Numbers/COLORS_KWords.lua:11	Colors_Keywords_Numbers/COLORS_KWords_tw.lua:11	keyword	no	yes	yes	yes	KEEP		ED3-COLORS-RECHECK-001	match	definition_used
Colors_Keywords_Numbers/COLORS_KWords_tw.lua	5	brittleness_text_colour	brittleness_text_colour#1	EE501E7F44C99FA241801B20A5F8AB3475CCC3E989560DC3A95E89D3035BB5D5	917ABC11821780BF65889C2EA25D974133A2DAA5EA292D212C51531AEA2E6223	Colors_Keywords_Numbers/COLORS_KWords.lua:13	Colors_Keywords_Numbers/COLORS_KWords_tw.lua:13	keyword_group_structure	no	yes	no	yes	SKIP	CONTAINER_STRUCTURE	ED3-COLORS-RECHECK-001	not_applicable	not_applicable
Colors_Keywords_Numbers/COLORS_KWords_tw.lua	6	brittleness_text_colour	Brittleness#1	DF9A3D8414D740834045B981F5341684ED7EC3D3AD4959657218F752B3458AE2	AE84B7F1614A81631630F3A9DBF2D2E9C2213C1C6E5434B48264032597D4584B	Colors_Keywords_Numbers/COLORS_KWords.lua:14	Colors_Keywords_Numbers/COLORS_KWords_tw.lua:14	keyword	no	yes	yes	yes	KEEP		ED3-COLORS-RECHECK-001	match	definition_used
Colors_Keywords_Numbers/COLORS_KWords_tw.lua	7	burn_text_colour	burn_text_colour#1	69AADDCB456775C283950060F75484A3589C9E9867F96CE695011AF860005FA7	0F75DCBBD53581ABA04DF0D5842A4601016A9BE1F59935A72B22A2C9AFA1A618	Colors_Keywords_Numbers/COLORS_KWords.lua:16	Colors_Keywords_Numbers/COLORS_KWords_tw.lua:16	keyword_group_structure	yes	yes	no	yes	SKIP	CONTAINER_STRUCTURE	ED3-COLORS-RECHECK-001	not_applicable	not_applicable
Colors_Keywords_Numbers/COLORS_KWords_tw.lua	8	burn_text_colour	Burn#1	79B6848853B678D8CCC47AF8A668662DA8A057F79269EC4D6AA2FC8FC37D51ED	41CB11AE913AA8767957A2C518E0B5982C0425CE83FF5FBD011157E3A17EF809	Colors_Keywords_Numbers/COLORS_KWords.lua:17	Colors_Keywords_Numbers/COLORS_KWords_tw.lua:17	keyword	no	yes	yes	yes	KEEP		ED3-COLORS-RECHECK-001	match	definition_used
Colors_Keywords_Numbers/COLORS_KWords_tw.lua	9	burn_text_colour	Burning#1	76F529668A41F18452E8001B6804F690A8D4326E3E93DD13C4F481AAE008AA00	19BCEFD1A776CD1F299668C5E8224230EF67F807FCE4D81BCFF114BA7BFB6AB5	Colors_Keywords_Numbers/COLORS_KWords.lua:18	Colors_Keywords_Numbers/COLORS_KWords_tw.lua:18	keyword	no	yes	yes	yes	KEEP		ED3-COLORS-RECHECK-001	match	definition_used
Colors_Keywords_Numbers/COLORS_KWords_tw.lua	10	burn_text_colour	Flamer#1	1DF1854660B799DD2FF08F0854F5567C652D233E666D6CB0A4660470B6E65F1C	71EA3DC35316EDB88E1253651E54E856645AE3B144504D96006C9275F05A7AF3	Colors_Keywords_Numbers/COLORS_KWords.lua:19	Colors_Keywords_Numbers/COLORS_KWords_tw.lua:19	keyword	yes	yes	yes	yes	KEEP		ED3-COLORS-RECHECK-001	match	definition_used
Colors_Keywords_Numbers/COLORS_KWords_tw.lua	11	burn_text_colour	Heat#1	FC6018B79EE392C6DF1CF10EA2E3EC80280F696C19D319A3BABE4C0AD2571F09	4B3660D41485D76E165E88D63A591D8DED1F3C3A5ECD1B57CAC4D5960AD10293	Colors_Keywords_Numbers/COLORS_KWords.lua:20	Colors_Keywords_Numbers/COLORS_KWords_tw.lua:20	keyword	no	yes	yes	yes	KEEP		ED3-COLORS-RECHECK-001	match	definition_used
Colors_Keywords_Numbers/COLORS_KWords_tw.lua	12	burn_text_colour	Heat_diss#1	0FF278412A50BDB25BEEC401C0637B244E2D355AE6CE1492BB41960C22C6639E	5C8DAF4F2F90E3BF727E450C6A3BD541B23F47F950DF93B9B88777F9D1ED19BD	Main_Modules/WEAPONS_Blessings_Perks.lua:1644 (English usage)	Colors_Keywords_Numbers/COLORS_KWords_tw.lua:21	keyword	yes	yes	yes	yes	KEEP		ED3-COLORS-RECHECK-001	match	definition_used
Colors_Keywords_Numbers/COLORS_KWords_tw.lua	13	burn_text_colour	Overheat#1	DC3D48F224F8009EC8D8A54337D16BCD466BCD6CC009CA8DC5B5B0BB4230BF82	51D12946DE892B0371718C85EB78B2C08CCAC1BC20B41B05B8896D36A104EB6B	Colors_Keywords_Numbers/COLORS_KWords.lua:21	Colors_Keywords_Numbers/COLORS_KWords_tw.lua:22	keyword	no	no	yes	yes	KEEP		ED3-COLORS-RECHECK-001	match	definition_used
Colors_Keywords_Numbers/COLORS_KWords_tw.lua	14	cleave_text_colour	cleave_text_colour#1	3D05218B940FD60A845C7E7BA20E1D73FA680510107279929DEAC03EEB369C56	8A5F5D4A35522191147D8AB75D6281F67F553F3CA840755125E8A5867B08CBFB	Colors_Keywords_Numbers/COLORS_KWords.lua:23	Colors_Keywords_Numbers/COLORS_KWords_tw.lua:24	keyword_group_structure	no	yes	no	yes	SKIP	CONTAINER_STRUCTURE	ED3-COLORS-RECHECK-001	not_applicable	not_applicable
Colors_Keywords_Numbers/COLORS_KWords_tw.lua	15	cleave_text_colour	Cleave#1	7F33539A68ACD9B1C60B375CABB274F89A0815A8A1CFC8FC5B2F4F5D2A39A1C5	2D7B9FE768F739B96C6CF69127414C45E9B3052A6AAF1536ED010CF83F139B00	Colors_Keywords_Numbers/COLORS_KWords.lua:24	Colors_Keywords_Numbers/COLORS_KWords_tw.lua:25	keyword	no	yes	yes	yes	KEEP		ED3-COLORS-RECHECK-001	match	definition_used
Colors_Keywords_Numbers/COLORS_KWords_tw.lua	16	cleave_text_colour	Cleaved#1	A645D34C93614FDEC17027C8AB17960AF45314AF278561302100996CCD9E33B8	EE8FC5647C66E085B45092E0CF13BDC1A3657B163EE86992FEC01FAA5D900EC4	Colors_Keywords_Numbers/COLORS_KWords.lua:25	Colors_Keywords_Numbers/COLORS_KWords_tw.lua:26	keyword	no	yes	yes	yes	KEEP		ED3-COLORS-RECHECK-002	match	definition_used
Colors_Keywords_Numbers/COLORS_KWords_tw.lua	17	cleave_text_colour	Cleaving#1	7ABFCF3A81C40AF2CEBED49700282AD0E07A480A994FE46608577205EF9638FE	2D7B9FE768F739B96C6CF69127414C45E9B3052A6AAF1536ED010CF83F139B00	Colors_Keywords_Numbers/COLORS_KWords.lua:26	Colors_Keywords_Numbers/COLORS_KWords_tw.lua:27	keyword	no	yes	yes	yes	KEEP		ED3-COLORS-RECHECK-002	match	definition_used
Colors_Keywords_Numbers/COLORS_KWords_tw.lua	18	coherency_text_colour	coherency_text_colour#1	68BE12E196C161BEA1F509A0FCB412E760F5AB789ED12C6C397D37493ED57291	A5B2C294962F195C6221E055D2821683114A98B24D1B19A78297F78864BDF067	Colors_Keywords_Numbers/COLORS_KWords.lua:28	Colors_Keywords_Numbers/COLORS_KWords_tw.lua:29	keyword_group_structure	no	yes	no	yes	SKIP	CONTAINER_STRUCTURE	ED3-COLORS-RECHECK-002	not_applicable	not_applicable
Colors_Keywords_Numbers/COLORS_KWords_tw.lua	19	coherency_text_colour	Coherency#1	035A70BBC876B53A0A6F81F9D54C04DD3446E5D41BD748CEBD081AA798A4FC3B	BAAF191259FCA98A35D6248CF6B1B195BB83F00251967895B9D710F95F00BBB4	Colors_Keywords_Numbers/COLORS_KWords.lua:29	Colors_Keywords_Numbers/COLORS_KWords_tw.lua:30	keyword	no	yes	yes	yes	KEEP		ED3-COLORS-RECHECK-002	match	definition_used
Colors_Keywords_Numbers/COLORS_KWords_tw.lua	20	combat_ability_text_colour	combat_ability_text_colour#1	6F147A859F7B3510AE821882421AA964230556216C5944DB740473B56192F1AD	0FDB6A3794F11D69B0CD17EC84CCB39F4186F4D1577ED08B79F8137D541D7AEA	Colors_Keywords_Numbers/COLORS_KWords.lua:31	Colors_Keywords_Numbers/COLORS_KWords_tw.lua:32	keyword_group_structure	yes	yes	no	yes	SKIP	CONTAINER_STRUCTURE	ED3-COLORS-RECHECK-002	not_applicable	not_applicable
Colors_Keywords_Numbers/COLORS_KWords_tw.lua	21	combat_ability_text_colour	Ability#1	9C40AE32BD6BD868D855635F6D295120E965580A1182C2930A44C845569D1851	B9760B49A97CDBCD1C1C38128B8E21D2B79223D1A480229C796094E71901AE38	Main_Modules/TALENTS/TALENTS_Skitarii.lua:878 (English usage)	Colors_Keywords_Numbers/COLORS_KWords_tw.lua:33	keyword	yes	no	yes	yes	KEEP		ED3-COLORS-RECHECK-002	match	definition_used
Colors_Keywords_Numbers/COLORS_KWords_tw.lua	22	combat_ability_text_colour	Ability_cd#1	A6B2B4A280CB401B8935797B333FFC1914C492A243C9056D10F442B19832BFAF	22D158EE814E4274DE6526942BBF4D6EDF3568001E59BA737244CE7ED2FFED52	Colors_Keywords_Numbers/COLORS_KWords.lua:32	Colors_Keywords_Numbers/COLORS_KWords_tw.lua:34	keyword	no	yes	yes	yes	KEEP		ED3-COLORS-RECHECK-002	match	definition_used
Colors_Keywords_Numbers/COLORS_KWords_tw.lua	23	combat_ability_text_colour	Cd#1	37661A116F42D47CA4B3A595CB0744B4C83F144AB8FF1E67BD35E42697945E54	4EDB9F9D3B92D8BFB90EF20159807AF3FF6BD55ED5536B80EDFAB473F196EFE6	Colors_Keywords_Numbers/COLORS_KWords.lua:33	Colors_Keywords_Numbers/COLORS_KWords_tw.lua:35	keyword	no	yes	yes	yes	KEEP		ED3-COLORS-RECHECK-002	match	definition_used
Colors_Keywords_Numbers/COLORS_KWords_tw.lua	24	combat_ability_text_colour	Cmbt_abil#1	0A4E244353408D32B96B46CBAE44E92182C8735898F2C7C9EDF9D50C1F80DF83	ECD46DF248B37647EDDF9B560813AF858E22566035C8700C90C324C0EE571DDF	Colors_Keywords_Numbers/COLORS_KWords.lua:34	Colors_Keywords_Numbers/COLORS_KWords_tw.lua:36	keyword	no	yes	yes	yes	KEEP		ED3-COLORS-RECHECK-002	match	definition_used
Colors_Keywords_Numbers/COLORS_KWords_tw.lua	25	combat_ability_text_colour	Cmbt_abil_cd#1	209CC73BB3CC922EA31E915EC6FFF6E4EFA35582E6D9FE5B6ECE34369901F9F1	8B6ED97770A316AC102CBCE5FADA5476405A68039108D7DE612E0236E5861B52	Colors_Keywords_Numbers/COLORS_KWords.lua:35	Colors_Keywords_Numbers/COLORS_KWords_tw.lua:37	keyword	no	yes	no	yes	KEEP		ED3-COLORS-RECHECK-002	match	definition_unused
Colors_Keywords_Numbers/COLORS_KWords_tw.lua	26	corruption_text_colour	corruption_text_colour#1	32970E23DC971EDA3C6951C35ACA2900048662D2ADAD30DB8D6B05AD3B790D3D	AA75CDA0FAB31B437E86F57FC971DE9645FC99038266C6299413E100636C5A16	Colors_Keywords_Numbers/COLORS_KWords.lua:37	Colors_Keywords_Numbers/COLORS_KWords_tw.lua:39	keyword_group_structure	no	yes	no	yes	SKIP	CONTAINER_STRUCTURE	ED3-COLORS-RECHECK-002	not_applicable	not_applicable
Colors_Keywords_Numbers/COLORS_KWords_tw.lua	27	corruption_text_colour	Corrupted#1	BE1F82D93B61A729A42E3E48841799ECC6CDE9DFB7FD839A5C6C00C29CE54102	A665E7228EA239C8ACF5E0A9B511562816CE940938B0C76E93EF95F8CB7C4007	Colors_Keywords_Numbers/COLORS_KWords.lua:38	Colors_Keywords_Numbers/COLORS_KWords_tw.lua:40	keyword	no	yes	no	yes	KEEP		ED3-COLORS-RECHECK-002	match	definition_unused
Colors_Keywords_Numbers/COLORS_KWords_tw.lua	28	corruption_text_colour	Corruptdmg#1	5A348621BDACD87DD9F92E702E00FF6B8870B1516FF259A1749A9FA5FAD7F9E2	A6E7615B8D0D6826DDCE5DAE93B5412E8C333331B123B8275708E2E04F7922E3	Colors_Keywords_Numbers/COLORS_KWords.lua:39	Colors_Keywords_Numbers/COLORS_KWords_tw.lua:41	keyword	no	yes	yes	yes	KEEP		ED3-COLORS-RECHECK-002	match	definition_used
Colors_Keywords_Numbers/COLORS_KWords_tw.lua	29	corruption_text_colour	Corruption#1	9D7D6BCB8630C2D40901C57FDB3A33E4D003C03ECD6A0ECAFB3E6505E78B42D8	A665E7228EA239C8ACF5E0A9B511562816CE940938B0C76E93EF95F8CB7C4007	Colors_Keywords_Numbers/COLORS_KWords.lua:40	Colors_Keywords_Numbers/COLORS_KWords_tw.lua:42	keyword	no	yes	yes	yes	KEEP		ED3-COLORS-RECHECK-002	match	definition_used
Colors_Keywords_Numbers/COLORS_KWords_tw.lua	30	corruption_text_colour	Corruption_res#1	273156B4EA10D30B5992B1137941C73F07D76BB1AAA9415B477F427225051102	3AC4A9C60B2C4072F6D7AC1240A076EAA1FACD5AC22C05B7DD5D22FD6119732C	Main_Modules/CURIOS_Blessings_Perks.lua:102,117 (English usage)	Colors_Keywords_Numbers/COLORS_KWords_tw.lua:43	keyword	no	yes	yes	yes	KEEP		ED3-COLORS-RECHECK-002	match	definition_used
Colors_Keywords_Numbers/COLORS_KWords_tw.lua	31	crit_text_colour	crit_text_colour#1	91C42B81F146B1FD0A8547517AA593DEF69740BDC4B12B528A8CFFEB69755555	BA052C93137B0465F715CC2A7148F247C1B1FFBF92B3530AFC9670D49419A7D4	Colors_Keywords_Numbers/COLORS_KWords.lua:42	Colors_Keywords_Numbers/COLORS_KWords_tw.lua:45	keyword_group_structure	yes	yes	no	yes	SKIP	CONTAINER_STRUCTURE	ED3-COLORS-RECHECK-003	not_applicable	not_applicable
Colors_Keywords_Numbers/COLORS_KWords_tw.lua	32	crit_text_colour	Crit#1	AF344E877FE33119C58E1B93B7EC0562E1E6D04EC3E22CC9FA30C1120ED7704D	2714DA7552DFD3252496E25B4FD5D1D4CB109B4B69BE2C2743B83694F615AB85	Colors_Keywords_Numbers/COLORS_KWords.lua:43	Colors_Keywords_Numbers/COLORS_KWords_tw.lua:46	keyword	no	yes	yes	yes	KEEP		ED3-COLORS-RECHECK-003	match	definition_used
Colors_Keywords_Numbers/COLORS_KWords_tw.lua	33	crit_text_colour	Critical#1	D77115A08B8B0A9453A39F12A1888A5435AE01D764154FB3BEE0677A49414F01	2714DA7552DFD3252496E25B4FD5D1D4CB109B4B69BE2C2743B83694F615AB85	Colors_Keywords_Numbers/COLORS_KWords.lua:44	Colors_Keywords_Numbers/COLORS_KWords_tw.lua:47	keyword	no	yes	yes	yes	KEEP		ED3-COLORS-RECHECK-003	match	definition_used
Colors_Keywords_Numbers/COLORS_KWords_tw.lua	34	crit_text_colour	Crit_k#1	96CB8E9DEE8D13C01EE30882A8B7F9AE7A2EE0DBB93B17166DB46E110FCF2ECA	8BD983A3DF03F63DA394316410265C841016050847637C50AF921BFA708E2532	Main_Modules/WEAPONS_Blessings_Perks.lua:868 (English usage)	Colors_Keywords_Numbers/COLORS_KWords_tw.lua:48	keyword	yes	yes	yes	yes	KEEP		ED3-COLORS-RECHECK-003	match	definition_used
Colors_Keywords_Numbers/COLORS_KWords_tw.lua	35	crit_text_colour	Crit_chance#1	B511808BDA91041B581511E1CB2B0B86D3A4E1937D7367B7A5135F5E611507F5	410BCF96E0E020E0C7AC803EE0D78A5D179D051EE6DFE14A8CF54DD9CD16BF89	Colors_Keywords_Numbers/COLORS_KWords.lua:45	Colors_Keywords_Numbers/COLORS_KWords_tw.lua:49	keyword	no	yes	yes	yes	KEEP		ED3-COLORS-RECHECK-003	match	definition_used
Colors_Keywords_Numbers/COLORS_KWords_tw.lua	36	crit_text_colour	Crt_chance#1	A1E324BE3666AE02FC4045478E4BAFCA2C254107C0A9532DB96121866AFEA213	410BCF96E0E020E0C7AC803EE0D78A5D179D051EE6DFE14A8CF54DD9CD16BF89	Colors_Keywords_Numbers/COLORS_KWords.lua:47	Colors_Keywords_Numbers/COLORS_KWords_tw.lua:51	keyword	no	yes	yes	yes	KEEP		ED3-COLORS-RECHECK-003	match	definition_used
Colors_Keywords_Numbers/COLORS_KWords_tw.lua	37	crit_text_colour	Crit_m_chance#1	8F2B90CDBEE47FBFAF7D2469C239520D1B813B494AF9B4BA67F81192763743C6	8CF7D71C650E9673953D33056CB872CFC0A3F2782A66E61CECDD942A03AC23D1	Main_Modules/WEAPONS_Blessings_Perks.lua:115 (English usage)	Colors_Keywords_Numbers/COLORS_KWords_tw.lua:52	keyword	no	yes	yes	yes	KEEP		ED3-COLORS-RECHECK-003	match	definition_used
Colors_Keywords_Numbers/COLORS_KWords_tw.lua	38	crit_text_colour	Crit_r_chance#1	CC8BCF06F261A7BFFE6DB4C8DCC58B0101230981B7BA88D6723879F62EFECF7E	4BC2C335FA28BD564C5594F70C4DC81E8AB3597784E27E70D94FA42074349994	Main_Modules/WEAPONS_Blessings_Perks.lua:342 (English usage)	Colors_Keywords_Numbers/COLORS_KWords_tw.lua:53	keyword	no	yes	yes	yes	KEEP		ED3-COLORS-RECHECK-003	match	definition_used
Colors_Keywords_Numbers/COLORS_KWords_tw.lua	39	crit_text_colour	Crit_hit#1	A231823BC67DD4405DD671B07FF79EDD656F0080A236229A008A621D9F5660E4	2714DA7552DFD3252496E25B4FD5D1D4CB109B4B69BE2C2743B83694F615AB85	Colors_Keywords_Numbers/COLORS_KWords.lua:48	Colors_Keywords_Numbers/COLORS_KWords_tw.lua:54	keyword	yes	yes	yes	yes	KEEP		ED3-COLORS-RECHECK-003	match	definition_used
Colors_Keywords_Numbers/COLORS_KWords_tw.lua	40	crit_text_colour	Crit_hits#1	0A5E90EEF35BE34B6000E90CB996776D9FD6E4B47A90CA7FB5E3E313D9EAAD29	659906AF2088048983413D3A8906682D59515ACB64A40C0F77F7965128CF9732	Colors_Keywords_Numbers/COLORS_KWords.lua:50	Colors_Keywords_Numbers/COLORS_KWords_tw.lua:56	keyword	yes	yes	yes	yes	KEEP		ED3-COLORS-RECHECK-003	match	definition_used
Colors_Keywords_Numbers/COLORS_KWords_tw.lua	41	crit_text_colour	Crtcll_strk#1	A8BF1903A907670DC106305CD8A29EB586A21114D7CB15670D62664E5D1A3249	2714DA7552DFD3252496E25B4FD5D1D4CB109B4B69BE2C2743B83694F615AB85	Colors_Keywords_Numbers/COLORS_KWords.lua:56	Colors_Keywords_Numbers/COLORS_KWords_tw.lua:57	keyword	yes	yes	yes	yes	KEEP		ED3-COLORS-RECHECK-003	match	definition_used
Colors_Keywords_Numbers/COLORS_KWords_tw.lua	42	crit_text_colour	Crt_hit_chnc#1	1432DD40EDE629B93C832299516D95BBD81FE5331DBDA087B428176396DF50EA	410BCF96E0E020E0C7AC803EE0D78A5D179D051EE6DFE14A8CF54DD9CD16BF89	Colors_Keywords_Numbers/COLORS_KWords.lua:51	Colors_Keywords_Numbers/COLORS_KWords_tw.lua:58	keyword	no	yes	yes	yes	KEEP		ED3-COLORS-RECHECK-003	match	definition_used
Colors_Keywords_Numbers/COLORS_KWords_tw.lua	43	crit_text_colour	Crt_hit_col#1	46D84AAD1DA820ED4DDE843415E40600FBFA05C0242C788A3FC76C88A18348BE	51439995F0D0D361C4AB1AFD41797A6D419BDAC4FE665F6C142F927FD2F0355D	Colors_Keywords_Numbers/COLORS_KWords.lua:52	Colors_Keywords_Numbers/COLORS_KWords_tw.lua:59	keyword	no	yes	no	yes	KEEP		ED3-COLORS-RECHECK-003	match	definition_unused
Colors_Keywords_Numbers/COLORS_KWords_tw.lua	44	crit_text_colour	Crit_hit_m_dmg#1	3F9A1F6DB284119C58F12CC8BA6F935C16B4B19D9228D8E08FA208CFB675FB39	FC725C0FB31BD73E534BBB081C892DD8262F6287FF34ACC0170BB92FF8630B3A	Main_Modules/WEAPONS_Blessings_Perks.lua:130 (English usage)	Colors_Keywords_Numbers/COLORS_KWords_tw.lua:60	keyword	no	yes	yes	yes	KEEP		ED3-COLORS-RECHECK-003	match	definition_used
Colors_Keywords_Numbers/COLORS_KWords_tw.lua	45	crit_text_colour	Crit_hit_r_dmg#1	EF8D7E6BD54CA6117FECF915216D9C3B198FA7069487BF099875F16A5660DA7A	472A6090419F8D35C7942B9F039AC67357C2651D32B7E7668F26D711CD6C6705	Main_Modules/WEAPONS_Blessings_Perks.lua:357 (English usage)	Colors_Keywords_Numbers/COLORS_KWords_tw.lua:61	keyword	no	yes	yes	yes	KEEP		ED3-COLORS-RECHECK-003	match	definition_used
Colors_Keywords_Numbers/COLORS_KWords_tw.lua	46	crit_text_colour	Crit_strike#1	C3152A86B5301E84180D6267ABD8FE96F88157E1B0D06F259052C81E4A1E5DFF	2714DA7552DFD3252496E25B4FD5D1D4CB109B4B69BE2C2743B83694F615AB85	Colors_Keywords_Numbers/COLORS_KWords.lua:53	Colors_Keywords_Numbers/COLORS_KWords_tw.lua:62	keyword	yes	yes	yes	yes	KEEP		ED3-COLORS-RECHECK-004	match	definition_used
Colors_Keywords_Numbers/COLORS_KWords_tw.lua	47	crit_text_colour	Crit_strikes#1	F8824BFB80117DC5322559F705E2AB36EF35E134FE99E1865F2348037752AF7E	2714DA7552DFD3252496E25B4FD5D1D4CB109B4B69BE2C2743B83694F615AB85	Colors_Keywords_Numbers/COLORS_KWords.lua:55	Colors_Keywords_Numbers/COLORS_KWords_tw.lua:64	keyword	yes	yes	yes	yes	KEEP		ED3-COLORS-RECHECK-004	match	definition_used
Colors_Keywords_Numbers/COLORS_KWords_tw.lua	48	crit_text_colour	Crt_chnc_r#1	CB014309B6B2043C6E8ED71588ABB0C08EA66ACD94EC5EFFB6E51BB7451F42E8	410BCF96E0E020E0C7AC803EE0D78A5D179D051EE6DFE14A8CF54DD9CD16BF89	Colors_Keywords_Numbers/COLORS_KWords.lua:57	Colors_Keywords_Numbers/COLORS_KWords_tw.lua:65	keyword	no	yes	yes	yes	KEEP		ED3-COLORS-RECHECK-004	match	definition_used
Colors_Keywords_Numbers/COLORS_KWords_tw.lua	49	crit_text_colour	Crt_strk_dmg#1	8F232F7CDA781DE7A6AF0BA490AFA402F1B15B8D7794122865A2BB28C41F851B	51439995F0D0D361C4AB1AFD41797A6D419BDAC4FE665F6C142F927FD2F0355D	Colors_Keywords_Numbers/COLORS_KWords.lua:58	Colors_Keywords_Numbers/COLORS_KWords_tw.lua:66	keyword	no	yes	yes	yes	KEEP		ED3-COLORS-RECHECK-004	match	definition_used
Colors_Keywords_Numbers/COLORS_KWords_tw.lua	50	crit_text_colour	Crit_Attk#1	EE04302CDA67809FFCA619CAB4E923304035B8854FBFFFC46445A85B3766546A	2714DA7552DFD3252496E25B4FD5D1D4CB109B4B69BE2C2743B83694F615AB85	Colors_Keywords_Numbers/COLORS_KWords.lua:59	Colors_Keywords_Numbers/COLORS_KWords_tw.lua:67	keyword	yes	yes	yes	yes	KEEP		ED3-COLORS-RECHECK-004	match	definition_used
Colors_Keywords_Numbers/COLORS_KWords_tw.lua	51	crit_text_colour	Crit_shots#1	2FC709BEFFF3C5B008C35445F109B8135CE1A5EC306053375B88115185907A4E	E8304D2B2045C660A1B24C96B6C67C45B8ED7BD098B851134A2314BC280D504B	Colors_Keywords_Numbers/COLORS_KWords.lua:61	Colors_Keywords_Numbers/COLORS_KWords_tw.lua:69	keyword	yes	yes	yes	yes	KEEP		ED3-COLORS-RECHECK-004	match	definition_used
Colors_Keywords_Numbers/COLORS_KWords_tw.lua	52	crit_text_colour	Crit_dmg_r#1	F69709A7F2EBF4D79620CD605BD86B19DF9C8CAC6A23E5AF12AB6CB76FF633DF	51439995F0D0D361C4AB1AFD41797A6D419BDAC4FE665F6C142F927FD2F0355D	Colors_Keywords_Numbers/COLORS_KWords.lua:62	Colors_Keywords_Numbers/COLORS_KWords_tw.lua:70	keyword	no	yes	yes	yes	KEEP		ED3-COLORS-RECHECK-004	match	definition_used
Colors_Keywords_Numbers/COLORS_KWords_tw.lua	53	crit_text_colour	Crt_dmg_r#1	1C8DA6189A9EC2EE47A845195FDF90574673DE4E99A661D0B3973E0F048713CB	51439995F0D0D361C4AB1AFD41797A6D419BDAC4FE665F6C142F927FD2F0355D	Colors_Keywords_Numbers/COLORS_KWords.lua:64	Colors_Keywords_Numbers/COLORS_KWords_tw.lua:72	keyword	no	yes	yes	yes	KEEP		ED3-COLORS-RECHECK-004	match	definition_used
Colors_Keywords_Numbers/COLORS_KWords_tw.lua	54	crit_text_colour	Conc_Stimm#1	E4A30467BD5CA568E65CDC4B4B1965521CC6ECCF9836A1CFE0F6006C7FAA3753	D61B6ED9192A7C49A57701B8C742D2941F8CC9463391DF2B1197363363D04A5D	Colors_Keywords_Numbers/COLORS_KWords.lua:65	Colors_Keywords_Numbers/COLORS_KWords_tw.lua:73	keyword	yes	yes	yes	yes	KEEP		ED3-COLORS-RECHECK-004	match	definition_used
Colors_Keywords_Numbers/COLORS_KWords_tw.lua	55	damage_text_colour	damage_text_colour#1	19DD5B614CC921CEB0545A20E48FB7732451B700AEC153C967D3B4A129B575CA	85AE9B1C77DC83FC986DA8917827AE2826E4AD176D060B655F0DC089FB6D62FD	Colors_Keywords_Numbers/COLORS_KWords.lua:68	Colors_Keywords_Numbers/COLORS_KWords_tw.lua:76	keyword_group_structure	yes	yes	no	yes	SKIP	CONTAINER_STRUCTURE	ED3-COLORS-RECHECK-004	not_applicable	not_applicable
Colors_Keywords_Numbers/COLORS_KWords_tw.lua	56	damage_text_colour	Combat_Stimm#1	31F98E6D427F7BF88B432C3E2B0F18A238B1F004633F875791E9B0C4A4CB9E15	10B8FBA38D7E2F1EC3778C023B56B9F7AC102D48C5BA023968C51DBD3DCB3B1D	Colors_Keywords_Numbers/COLORS_KWords.lua:71	Colors_Keywords_Numbers/COLORS_KWords_tw.lua:77	keyword	yes	yes	yes	yes	KEEP		ED3-COLORS-RECHECK-004	match	definition_used
Colors_Keywords_Numbers/COLORS_KWords_tw.lua	57	damage_text_colour	Damage#1	4D1DE1F709CD7FF8D4533425279C6AA5CDD0D12529BD9BE5E2B9954E454E9CE5	736F518795E892DC1E8DF4374AE6359130F67B6528C87BD0834D976039FC253A	Colors_Keywords_Numbers/COLORS_KWords.lua:69	Colors_Keywords_Numbers/COLORS_KWords_tw.lua:78	keyword	no	yes	yes	yes	KEEP		ED3-COLORS-RECHECK-004	match	definition_used
Colors_Keywords_Numbers/COLORS_KWords_tw.lua	58	damage_text_colour	Damage_res#1	D0A0D81160A3D3D60A3079F0311E94AE8D59DEB576AF88F3D017FAB81DA29011	F620E1E166213C2757E98CC964BA56795F4EE27271813479077AF00E8E6A34B3	Main_Modules/CURIOS_Blessings_Perks.lua:267,282,297,312,327,342 (English usage)	Colors_Keywords_Numbers/COLORS_KWords_tw.lua:79	keyword	no	yes	yes	yes	KEEP		ED3-COLORS-RECHECK-004	match	definition_used
Colors_Keywords_Numbers/COLORS_KWords_tw.lua	59	damage_text_colour	Damage_r#1	ED353D2B643BF868F05B40593EDDA757B9BBEA6B4AC08630682269E7C60C8F6B	0308183CA6EE2CD0F29672FC92E3ACE4AF507A23896097A0BC9918E872C84A95	Main_Modules/WEAPONS_Blessings_Perks.lua:372,387,402 (English usage)	Colors_Keywords_Numbers/COLORS_KWords_tw.lua:80	keyword	no	yes	yes	yes	KEEP		ED3-COLORS-RECHECK-004	match	definition_used
Colors_Keywords_Numbers/COLORS_KWords_tw.lua	60	damage_text_colour	Damagewrp#1	CC491EEC11F0C7125DE82949FAACF8848965F414B9754304CB26C6E188E45097	098CB5F4BC95B88938D19192E9D9C9A9A26FB44BE28CBA2FA67C7DC447EE069F	Colors_Keywords_Numbers/COLORS_KWords.lua:70	Colors_Keywords_Numbers/COLORS_KWords_tw.lua:81	keyword	no	yes	yes	yes	CHANGE	TERMINOLOGY	ED3-COLORS-RECHECK-004	match	definition_used
Colors_Keywords_Numbers/COLORS_KWords_tw.lua	61	damage_text_colour	Damagewrp_a#1	25087C8F4E444355205DE70BDAD4155DBD9BFED3FD47581BEA8B33733BFC1BBB	294513D09D96FF5567C3829774D90778FA408F93EA47C5DD9E724FABCDA66E06	Main_Modules/PENANCES.lua:1003 (English usage)	Colors_Keywords_Numbers/COLORS_KWords_tw.lua:82	keyword	yes	yes	yes	yes	KEEP		ED3-COLORS-RECHECK-005	match	definition_used
Colors_Keywords_Numbers/COLORS_KWords_tw.lua	62	electrocuted_text_colour	electrocuted_text_colour#1	B68F8B8CACD124A84079519C6201F0D9D08EE9933D72CD8D6F7580685DEAC59F	E77C5C71E69FC97032A5FDFC8AA0B2D9146EDBED8DAFF5CD96ED5B93A2723868	Colors_Keywords_Numbers/COLORS_KWords.lua:74	Colors_Keywords_Numbers/COLORS_KWords_tw.lua:84	keyword_group_structure	yes	yes	no	yes	SKIP	CONTAINER_STRUCTURE	ED3-COLORS-RECHECK-005	not_applicable	not_applicable
Colors_Keywords_Numbers/COLORS_KWords_tw.lua	63	electrocuted_text_colour	Arc#1	EB8F344A3C137280A84AC13B3821790A6FAE42E89D521218F1F7623C6FA49B17	A4804AAB494E483004A8068EBC94DBB27B76543C9138AFB31A09148A6A9677AB	Colors_Keywords_Numbers/COLORS_KWords.lua:75	Colors_Keywords_Numbers/COLORS_KWords_tw.lua:85	keyword	yes	yes	yes	yes	KEEP		ED3-COLORS-RECHECK-005	match	definition_used
Colors_Keywords_Numbers/COLORS_KWords_tw.lua	64	electrocuted_text_colour	Arcs#1	1A0FB624004C25B0AC63106E7B21A1E512F2288A2DD4BEF8094CFE243C819BF4	A4804AAB494E483004A8068EBC94DBB27B76543C9138AFB31A09148A6A9677AB	Colors_Keywords_Numbers/COLORS_KWords.lua:76	Colors_Keywords_Numbers/COLORS_KWords_tw.lua:86	keyword	yes	yes	yes	yes	KEEP		ED3-COLORS-RECHECK-005	match	definition_used
Colors_Keywords_Numbers/COLORS_KWords_tw.lua	65	electrocuted_text_colour	Electrocute#1	E40E9A7BF917CE97C0180E46F3A53120F5BFC4C42BED065BDB0A23AE4E20651D	7A6FAE727063108672DB901D37A50897A57E695437754D17FCD09B93DA817C94	Colors_Keywords_Numbers/COLORS_KWords.lua:77	Colors_Keywords_Numbers/COLORS_KWords_tw.lua:87	keyword	no	yes	yes	yes	KEEP		ED3-COLORS-RECHECK-005	match	definition_used
Colors_Keywords_Numbers/COLORS_KWords_tw.lua	66	electrocuted_text_colour	Electrocuted#1	5AF9DBF4435A2D9AC0107EA8291A55B276E5B91C2772CD83F58B1ECED25F24B3	32185339A91764D16B02736C3EA16E9B0CA023C4866B207F565038AD65BFFEC4	Colors_Keywords_Numbers/COLORS_KWords.lua:78	Colors_Keywords_Numbers/COLORS_KWords_tw.lua:88	keyword	no	yes	yes	yes	KEEP		ED3-COLORS-RECHECK-005	match	definition_used
Colors_Keywords_Numbers/COLORS_KWords_tw.lua	67	electrocuted_text_colour	Electrocutes#1	CED79949A0F07CCA856C89D7A1743E563C4F15318C18B4FCD2119CF064753894	7A6FAE727063108672DB901D37A50897A57E695437754D17FCD09B93DA817C94	Colors_Keywords_Numbers/COLORS_KWords.lua:79	Colors_Keywords_Numbers/COLORS_KWords_tw.lua:89	keyword	no	yes	yes	yes	KEEP		ED3-COLORS-RECHECK-005	match	definition_used
Colors_Keywords_Numbers/COLORS_KWords_tw.lua	68	electrocuted_text_colour	Electrcuting#1	6AA7B445BDEFBFD9560349D4A007053071F22019969C3EEDB3638D971863D3B6	7A6FAE727063108672DB901D37A50897A57E695437754D17FCD09B93DA817C94	Colors_Keywords_Numbers/COLORS_KWords.lua:80	Colors_Keywords_Numbers/COLORS_KWords_tw.lua:90	keyword	yes	yes	yes	yes	KEEP		ED3-COLORS-RECHECK-005	match	definition_used
Colors_Keywords_Numbers/COLORS_KWords_tw.lua	69	electrocuted_text_colour	Electrocuting#1	8B83EB3F456EFA5D30252CD6C087459709F257CE616383E8597CD45D667C83DC	7A6FAE727063108672DB901D37A50897A57E695437754D17FCD09B93DA817C94	Main_Modules/TALENTS/TALENTS_Skitarii.lua:936 (English usage)	Colors_Keywords_Numbers/COLORS_KWords_tw.lua:91	keyword	yes	yes	yes	yes	KEEP		ED3-COLORS-RECHECK-005	match	definition_used
Colors_Keywords_Numbers/COLORS_KWords_tw.lua	70	electrocuted_text_colour	Electrocution#1	5F988D800309060C24AB1F9403CAEE0F39CDDDB96FFA054EA330BA1FE13EBDBD	7A6FAE727063108672DB901D37A50897A57E695437754D17FCD09B93DA817C94	Colors_Keywords_Numbers/COLORS_KWords.lua:81	Colors_Keywords_Numbers/COLORS_KWords_tw.lua:92	keyword	no	yes	yes	yes	KEEP		ED3-COLORS-RECHECK-005	match	definition_used
Colors_Keywords_Numbers/COLORS_KWords_tw.lua	71	finesse_text_colour	finesse_text_colour#1	7C55713BA6FDD51E69F3658484B031E918B3BD4842CDAF3C8D08167BE6AAD925	EADC39A7236FE9A3FF637D1A899C062AD24BFFC952427619803A71585E1D05EE	Colors_Keywords_Numbers/COLORS_KWords.lua:83	Colors_Keywords_Numbers/COLORS_KWords_tw.lua:94	keyword_group_structure	no	yes	no	yes	SKIP	CONTAINER_STRUCTURE	ED3-COLORS-RECHECK-005	not_applicable	not_applicable
Colors_Keywords_Numbers/COLORS_KWords_tw.lua	72	finesse_text_colour	Finesse#1	670332EF8929CA5B213DF03FD3CA4625FA046B2C6E46145F80C1170857A5D144	3B4AE25B71FE47BDFAEAD1B64ED2A9982C670E3F48A417257FEF41495D8177BF	Colors_Keywords_Numbers/COLORS_KWords.lua:84	Colors_Keywords_Numbers/COLORS_KWords_tw.lua:95	keyword	no	yes	yes	yes	KEEP		ED3-COLORS-RECHECK-005	match	definition_used
Colors_Keywords_Numbers/COLORS_KWords_tw.lua	73	finesse_text_colour	Finesse_dmg#1	F83CB2E05C7ECFFBF993D683FAFBA1D81CE66A6E342A514E9BCB4E317B9D50F2	58EDD7A75EE6BEC4AD11AE689A283A03738785F3FBAA519D26F8ACE13315A6A6	Colors_Keywords_Numbers/COLORS_KWords.lua:85	Colors_Keywords_Numbers/COLORS_KWords_tw.lua:96	keyword	no	yes	yes	yes	KEEP		ED3-COLORS-RECHECK-005	match	definition_used
Colors_Keywords_Numbers/COLORS_KWords_tw.lua	74	health_text_colour	health_text_colour#1	1663364E40ED9F2D642432658822CE9F5BFC5D1FBA12787AA56B06D3A555B14B	4835A32D54B201DC8DE23E25A6E0214F9F635F658DABF44EE23524F292DFB4BC	Colors_Keywords_Numbers/COLORS_KWords.lua:87	Colors_Keywords_Numbers/COLORS_KWords_tw.lua:98	keyword_group_structure	no	yes	no	yes	SKIP	CONTAINER_STRUCTURE	ED3-COLORS-RECHECK-005	not_applicable	not_applicable
Colors_Keywords_Numbers/COLORS_KWords_tw.lua	75	health_text_colour	Health#1	EA0B35A4DC9F63629E91986537930A0F9BDF85B353944FFAAF8465D7744E392B	0EC278D99E98C3DC377A2EE1187CD83EA82CE6218C7184076F8E2474862285E9	Colors_Keywords_Numbers/COLORS_KWords.lua:89	Colors_Keywords_Numbers/COLORS_KWords_tw.lua:99	keyword	no	yes	yes	yes	KEEP		ED3-COLORS-RECHECK-005	match	definition_used
Colors_Keywords_Numbers/COLORS_KWords_tw.lua	76	health_text_colour	Health_m#1	8BA75615B6858E7E2F1E09093B001DEB46A720A7201819DEAA1ABD9FF49EE578	C665A5E04BDC3B8A4EE0092F92425184B1FB66660FF04568ECB7E759763C8243	Main_Modules/CURIOS_Blessings_Perks.lua:25,132 (English usage)	Colors_Keywords_Numbers/COLORS_KWords_tw.lua:100	keyword	no	yes	yes	yes	KEEP		ED3-COLORS-RECHECK-006	match	definition_used
Colors_Keywords_Numbers/COLORS_KWords_tw.lua	77	health_text_colour	Wound#1	AD6F81F9DA00DB362255B36C8B62D50A6052B8BFEFDF871ECE39CF9209F303F0	1A1DC627E4DA3B52054824E149EC685D24248048E06B91FDEFFD7FE850C13C5B	Colors_Keywords_Numbers/COLORS_KWords.lua:90	Colors_Keywords_Numbers/COLORS_KWords_tw.lua:101	keyword	no	no	yes	yes	KEEP		ED3-COLORS-RECHECK-006	match	definition_used
Colors_Keywords_Numbers/COLORS_KWords_tw.lua	78	health_text_colour	Wounds#1	86E5271472FD95D00D627DD5848CA028808C76EA2B8F9EBD825D76C79B4279F3	1A1DC627E4DA3B52054824E149EC685D24248048E06B91FDEFFD7FE850C13C5B	Colors_Keywords_Numbers/COLORS_KWords.lua:91	Colors_Keywords_Numbers/COLORS_KWords_tw.lua:102	keyword	no	no	yes	yes	KEEP		ED3-COLORS-RECHECK-006	match	definition_used
Colors_Keywords_Numbers/COLORS_KWords_tw.lua	79	hit_mass_text_colour	hit_mass_text_colour#1	F682FF43F2F6E2479C5E8575A4769EC70399FA33ED1506E462523329C54DB1CA	8EDD3B74F78CE4CAFFB3AF05F0595300F4C9E3286EB8F5601E147C0306719D93	Colors_Keywords_Numbers/COLORS_KWords.lua:93	Colors_Keywords_Numbers/COLORS_KWords_tw.lua:104	keyword_group_structure	no	yes	no	yes	SKIP	CONTAINER_STRUCTURE	ED3-COLORS-RECHECK-006	not_applicable	not_applicable
Colors_Keywords_Numbers/COLORS_KWords_tw.lua	80	hit_mass_text_colour	Hit_mass#1	D39FE6DE8CC769B75CE32BD04C05F4C6FBCF0BA76B33349BFEAFEF031B86F588	DFE3D00B7B200FA5483BB1F4898AD112B5B88B974051BCD570E6F336F620394B	Colors_Keywords_Numbers/COLORS_KWords.lua:94	Colors_Keywords_Numbers/COLORS_KWords_tw.lua:105	keyword	no	yes	yes	yes	KEEP		ED3-COLORS-RECHECK-006	match	definition_used
Colors_Keywords_Numbers/COLORS_KWords_tw.lua	81	impact_text_colour	impact_text_colour#1	D58C24CACD057D69E37FDD6B222029AB7892F20DADCF2E8F8F39EDCD93889701	3CFE8230E9B9659F7C98BF02B271BAC4B7BCE61093F2B47E25AB30D20FAC453C	Colors_Keywords_Numbers/COLORS_KWords.lua:96	Colors_Keywords_Numbers/COLORS_KWords_tw.lua:107	keyword_group_structure	no	yes	no	yes	SKIP	CONTAINER_STRUCTURE	ED3-COLORS-RECHECK-006	not_applicable	not_applicable
Colors_Keywords_Numbers/COLORS_KWords_tw.lua	82	impact_text_colour	Impact#1	082052A9810B0E0FC172F95B557B6295D6E66D852594518F5D25963C6A96B395	A22DF0C8EA57CAE632D1ECF616988DB758385A394D0C6426ABC8E5DBEB081D8E	Colors_Keywords_Numbers/COLORS_KWords.lua:97	Colors_Keywords_Numbers/COLORS_KWords_tw.lua:108	keyword	no	yes	yes	yes	KEEP		ED3-COLORS-RECHECK-006	match	definition_used
Colors_Keywords_Numbers/COLORS_KWords_tw.lua	83	peril_text_colour	peril_text_colour#1	854238D2D56DD74B932F59AEB533585BA06807318B4A70366A884985C9313372	51871078CE257A1D7CC2786D7FF9C14DA6D61E716C34F40D8D7CAEA736A60360	Colors_Keywords_Numbers/COLORS_KWords.lua:99	Colors_Keywords_Numbers/COLORS_KWords_tw.lua:110	keyword_group_structure	no	yes	no	yes	SKIP	CONTAINER_STRUCTURE	ED3-COLORS-RECHECK-006	not_applicable	not_applicable
Colors_Keywords_Numbers/COLORS_KWords_tw.lua	84	peril_text_colour	Peril#1	2FD3B9594DF7B38BC454F4D993D2F53E92CED080EC96767796216B4419B53D41	5BF2C5813BDB1367E9464819AF9F3B7347AF0D7808863AEAB97A82EE63E0A1B2	Colors_Keywords_Numbers/COLORS_KWords.lua:100	Colors_Keywords_Numbers/COLORS_KWords_tw.lua:111	keyword	no	yes	yes	yes	KEEP		ED3-COLORS-RECHECK-006	match	definition_used
Colors_Keywords_Numbers/COLORS_KWords_tw.lua	85	peril_text_colour	Perils#1	6CC0A46C32C417AEA3E1B7F48986AC961C9D3FF71AE2DEB41BC78D68629228B6	5BF2C5813BDB1367E9464819AF9F3B7347AF0D7808863AEAB97A82EE63E0A1B2	Colors_Keywords_Numbers/COLORS_KWords.lua:101	Colors_Keywords_Numbers/COLORS_KWords_tw.lua:112	keyword	no	yes	no	yes	KEEP		ED3-COLORS-RECHECK-006	match	definition_unused
Colors_Keywords_Numbers/COLORS_KWords_tw.lua	86	peril_text_colour	PerilsozWarp#1	F44D4A5A84EA10D37C3573FE1D7830BAD759F1F8286C4BC4B1C08D86CDAF1CB0	D9B6F7485924B5AF3328A98BAC610535FDB1448D89110BC33CD08737B7BD941C	Colors_Keywords_Numbers/COLORS_KWords.lua:102	Colors_Keywords_Numbers/COLORS_KWords_tw.lua:113	keyword	no	yes	yes	yes	KEEP		ED3-COLORS-RECHECK-006	match	definition_used
Colors_Keywords_Numbers/COLORS_KWords_tw.lua	87	power_text_colour	power_text_colour#1	15F8D37C869E3E0124D76A53FCAE820BC1740A61DAD77D7F4216A4358F116F4A	E65648EFDD0BB346F76CD089A38E8573A1C096903D6127608786CBC51050798C	Colors_Keywords_Numbers/COLORS_KWords.lua:104	Colors_Keywords_Numbers/COLORS_KWords_tw.lua:115	keyword_group_structure	no	yes	no	yes	SKIP	CONTAINER_STRUCTURE	ED3-COLORS-RECHECK-006	not_applicable	not_applicable
Colors_Keywords_Numbers/COLORS_KWords_tw.lua	88	power_text_colour	Power#1	5845B4E70F82D7A1BC11B437237C285B5E17D8D7F08152AD7817AC4319621983	98CE6B226D9A1883188F842BC9EA9EAC252D61BC1DAED63B39262B0587784EA4	Colors_Keywords_Numbers/COLORS_KWords.lua:105	Colors_Keywords_Numbers/COLORS_KWords_tw.lua:116	keyword	no	yes	no	yes	KEEP		ED3-COLORS-RECHECK-006	match	definition_unused
Colors_Keywords_Numbers/COLORS_KWords_tw.lua	89	power_text_colour	Strength#1	538FD08E760604562C90E212EDA8E20BCC374E3B95F4CD80A1692FB608DBA5D8	98CE6B226D9A1883188F842BC9EA9EAC252D61BC1DAED63B39262B0587784EA4	Colors_Keywords_Numbers/COLORS_KWords.lua:106	Colors_Keywords_Numbers/COLORS_KWords_tw.lua:117	keyword	no	no	yes	yes	KEEP		ED3-COLORS-RECHECK-006	match	definition_used
Colors_Keywords_Numbers/COLORS_KWords_tw.lua	90	rending_text_colour	rending_text_colour#1	7AA5F763A9E8D0917DC7D6B511ABCBBC65A47A6DD259B7176602B01D136081BE	D8E9245F0A5E29E2F9978D42F275CC10232ACCAB8B7B2FF4DD44AED98714F05B	Colors_Keywords_Numbers/COLORS_KWords.lua:108	Colors_Keywords_Numbers/COLORS_KWords_tw.lua:119	keyword_group_structure	no	yes	no	yes	SKIP	CONTAINER_STRUCTURE	ED3-COLORS-RECHECK-006	not_applicable	not_applicable
Colors_Keywords_Numbers/COLORS_KWords_tw.lua	91	rending_text_colour	Rending#1	0E7D255E6D243209B5A71AC7539276C5BFC8146CFCA4F4A5F7FE2C76FC998E6A	4DD9B932A848286C64B74AA7D7422BA516689EF5E0C2852E25737A4A189A2BD2	Colors_Keywords_Numbers/COLORS_KWords.lua:109	Colors_Keywords_Numbers/COLORS_KWords_tw.lua:120	keyword	no	yes	yes	yes	KEEP		ED3-COLORS-RECHECK-007	match	definition_used
Colors_Keywords_Numbers/COLORS_KWords_tw.lua	92	soulblaze_text_colour	soulblaze_text_colour#1	9144934CEF65599F423FBE2CBA62A960F8D67369CAB848A994C0921C012702A7	42A53FC55AF34123EEDCEFE30B0BC876F1AF0CE567E887E0B7222282C641D3C2	Colors_Keywords_Numbers/COLORS_KWords.lua:113	Colors_Keywords_Numbers/COLORS_KWords_tw.lua:122	keyword_group_structure	no	yes	no	yes	SKIP	CONTAINER_STRUCTURE	ED3-COLORS-RECHECK-007	not_applicable	not_applicable
Colors_Keywords_Numbers/COLORS_KWords_tw.lua	93	soulblaze_text_colour	Soulblaze#1	6F27ED073C6A5A8D12BBE7F806CB75CEB1945EFF27E810B1D9251A79DFF422FC	47FC9A739274EA771740FAC4A7C94A9DE9ABFB9153A316DD54279460B164A73B	Colors_Keywords_Numbers/COLORS_KWords.lua:114	Colors_Keywords_Numbers/COLORS_KWords_tw.lua:123	keyword	no	yes	yes	yes	KEEP		ED3-COLORS-RECHECK-007	match	definition_used
Colors_Keywords_Numbers/COLORS_KWords_tw.lua	94	stagger_text_colour	stagger_text_colour#1	860FED65EEC9D81488238AF6FA5C7FA67B8ED191BD5279564C2977BC8FDDD84D	CB8C965233B0A343FCB31D55331AAC344C232D350540108F490977C2696E8603	Colors_Keywords_Numbers/COLORS_KWords.lua:116	Colors_Keywords_Numbers/COLORS_KWords_tw.lua:125	keyword_group_structure	yes	yes	no	yes	SKIP	CONTAINER_STRUCTURE	ED3-COLORS-RECHECK-007	not_applicable	not_applicable
Colors_Keywords_Numbers/COLORS_KWords_tw.lua	95	stagger_text_colour	Stagger#1	AD8932417879AA5D3142FAB7FD785889A298FCF2325FCDF7D39DBFC171AD68BB	726ABA3721C6C2FCC5FDF74374DEE56D3159E97D5F1816780CFCC97C7C62E128	Colors_Keywords_Numbers/COLORS_KWords.lua:117	Colors_Keywords_Numbers/COLORS_KWords_tw.lua:126	keyword	no	yes	yes	yes	KEEP		ED3-COLORS-RECHECK-007	match	definition_used
Colors_Keywords_Numbers/COLORS_KWords_tw.lua	96	stagger_text_colour	Stagger2#1	AFFABC62BAFD23DA1D8DE924C88A5347DEE3F425085E4291FA4A5955C3B3D566	E4A57F9899336CD84947EAFE4BD4058CD82997A88A002C71CA1EFD617BFD84B8	Main_Modules/WEAPONS_Blessings_Perks.lua:1488 (English usage)	Colors_Keywords_Numbers/COLORS_KWords_tw.lua:127	keyword	yes	yes	yes	yes	KEEP		ED3-COLORS-RECHECK-007	match	definition_used
Colors_Keywords_Numbers/COLORS_KWords_tw.lua	97	stagger_text_colour	Staggered#1	AE532E03A67D75F589A1E5AECCA07BC691E8BC124CB48752A2590E0F963C2EB2	726ABA3721C6C2FCC5FDF74374DEE56D3159E97D5F1816780CFCC97C7C62E128	Colors_Keywords_Numbers/COLORS_KWords.lua:118	Colors_Keywords_Numbers/COLORS_KWords_tw.lua:128	keyword	no	yes	yes	yes	KEEP		ED3-COLORS-RECHECK-007	match	definition_used
Colors_Keywords_Numbers/COLORS_KWords_tw.lua	98	stagger_text_colour	Staggering#1	D88563D3F43F40587E5807CF3A8602F7D7B36D2E8971D14261BD0A7217FEA968	726ABA3721C6C2FCC5FDF74374DEE56D3159E97D5F1816780CFCC97C7C62E128	Colors_Keywords_Numbers/COLORS_KWords.lua:119	Colors_Keywords_Numbers/COLORS_KWords_tw.lua:129	keyword	no	yes	yes	yes	KEEP		ED3-COLORS-RECHECK-007	match	definition_used
Colors_Keywords_Numbers/COLORS_KWords_tw.lua	99	stagger_text_colour	Staggers#1	1DE7E8905B1B153A512D3DEE22388DFE227458E52FE1AE591843F8A6AC0B0517	726ABA3721C6C2FCC5FDF74374DEE56D3159E97D5F1816780CFCC97C7C62E128	Colors_Keywords_Numbers/COLORS_KWords.lua:120	Colors_Keywords_Numbers/COLORS_KWords_tw.lua:130	keyword	no	yes	yes	yes	KEEP		ED3-COLORS-RECHECK-007	match	definition_used
Colors_Keywords_Numbers/COLORS_KWords_tw.lua	100	stagger_text_colour	Stun#1	DE505417A6DEB3F698E54A06D6895FB724BDA6F1F2FE90A006E621CC9CD15027	16BF20B56DAB14FA3D9B77E37FE5160134B5262D645948DEDD40774F079622C4	Colors_Keywords_Numbers/COLORS_KWords.lua:121	Colors_Keywords_Numbers/COLORS_KWords_tw.lua:131	keyword	no	yes	yes	yes	KEEP		ED3-COLORS-RECHECK-007	match	definition_used
Colors_Keywords_Numbers/COLORS_KWords_tw.lua	101	stagger_text_colour	Stunned#1	D32F9E69166BB56108C7D92AB3584B0C5AA144AC2CADF39DD6C0D12531E6D4AF	16BF20B56DAB14FA3D9B77E37FE5160134B5262D645948DEDD40774F079622C4	Colors_Keywords_Numbers/COLORS_KWords.lua:122	Colors_Keywords_Numbers/COLORS_KWords_tw.lua:132	keyword	no	yes	yes	yes	KEEP		ED3-COLORS-RECHECK-007	match	definition_used
Colors_Keywords_Numbers/COLORS_KWords_tw.lua	102	stagger_text_colour	Stunning#1	0FDC39CF01DF8AD2BDFFFB8D1F5CC33BD35CF49A485BFE1F22B239373A82AFE3	16BF20B56DAB14FA3D9B77E37FE5160134B5262D645948DEDD40774F079622C4	Colors_Keywords_Numbers/COLORS_KWords.lua:123	Colors_Keywords_Numbers/COLORS_KWords_tw.lua:133	keyword	yes	yes	yes	yes	KEEP		ED3-COLORS-RECHECK-007	match	definition_used
Colors_Keywords_Numbers/COLORS_KWords_tw.lua	103	stagger_text_colour	Stuns#1	A84436F8F0131DC873D7EF32F452D4C074150971834395A2431C630B9A8824E9	16BF20B56DAB14FA3D9B77E37FE5160134B5262D645948DEDD40774F079622C4	Colors_Keywords_Numbers/COLORS_KWords.lua:124	Colors_Keywords_Numbers/COLORS_KWords_tw.lua:134	keyword	no	yes	yes	yes	KEEP		ED3-COLORS-RECHECK-007	match	definition_used
Colors_Keywords_Numbers/COLORS_KWords_tw.lua	104	stamina_text_colour	stamina_text_colour#1	0BFBFA6CDFC4627F16CFD68C118D6488DF34902EC169828ABF37638D110FFD13	4AD7621166FFEF16858706449E51E0E561DA9701220A9CF19FC2037C3CA60869	Colors_Keywords_Numbers/COLORS_KWords.lua:126	Colors_Keywords_Numbers/COLORS_KWords_tw.lua:136	keyword_group_structure	yes	yes	no	yes	SKIP	CONTAINER_STRUCTURE	ED3-COLORS-RECHECK-007	not_applicable	not_applicable
Colors_Keywords_Numbers/COLORS_KWords_tw.lua	105	stamina_text_colour	Stamina#1	C3B9BA0F70AA963644A624FBE4B241958E8E9BDDA6DDC43318D475DA64808397	1289CA0ACABCDC85596CA6BFE2B3419B9FC644449F0FDA6BA59413429FDF0FD1	Colors_Keywords_Numbers/COLORS_KWords.lua:127	Colors_Keywords_Numbers/COLORS_KWords_tw.lua:137	keyword	no	yes	yes	yes	KEEP		ED3-COLORS-RECHECK-007	match	definition_used
Colors_Keywords_Numbers/COLORS_KWords_tw.lua	106	stamina_text_colour	Stamina_m#1	8980365896D335E0EDFD9CAF9192A78DDC0167A0A6579706CC11A382C1F67D35	276977CA597E6F14FF7BF68B96CDF02FE9E0DA9E67EF26D6DCE1574FA313043F	Main_Modules/CURIOS_Blessings_Perks.lua:55 (English usage)	Colors_Keywords_Numbers/COLORS_KWords_tw.lua:138	keyword	no	yes	yes	yes	KEEP		ED3-COLORS-RECHECK-008	match	definition_used
Colors_Keywords_Numbers/COLORS_KWords_tw.lua	107	stamina_text_colour	Stamina_c_r#1	C43224DEF51A60BC4C8DC2B7E6C67ABFF2B87E75941BBAD32772031C4EF6026C	E08EC42D75276B8C65B6A7F1DF775F956CF4D5962C7D04E4D60F398F44C74874	Colors_Keywords_Numbers/COLORS_KWords.lua:128	Colors_Keywords_Numbers/COLORS_KWords_tw.lua:139	keyword	no	yes	no	yes	KEEP		ED3-COLORS-RECHECK-008	match	definition_unused
Colors_Keywords_Numbers/COLORS_KWords_tw.lua	108	stamina_text_colour	Stamina_se#1	417F9030888B267EFA2C274A5E76EAFA3545FEF231773A021C73A6781708AE6A	33E1F3013B8EA8C000489AD07B28DA6B5FB7A2BF0EA3611D6354F55F01345608	Main_Modules/WEAPONS_Blessings_Perks.lua:235 (English usage)	Colors_Keywords_Numbers/COLORS_KWords_tw.lua:140	keyword	yes	yes	yes	yes	KEEP		ED3-COLORS-RECHECK-008	match	definition_used
Colors_Keywords_Numbers/COLORS_KWords_tw.lua	109	toughness_text_colour	toughness_text_colour#1	16B3A33199B104B1EA6F3248D1ECA233AF1CAA83B5E4D5B5CD18F41027B45C08	22E04657075B7CF6678784E4A57F7F49926B57E84DB67D62F00899814F3356DC	Colors_Keywords_Numbers/COLORS_KWords.lua:130	Colors_Keywords_Numbers/COLORS_KWords_tw.lua:142	keyword_group_structure	no	yes	no	yes	SKIP	CONTAINER_STRUCTURE	ED3-COLORS-RECHECK-008	not_applicable	not_applicable
Colors_Keywords_Numbers/COLORS_KWords_tw.lua	110	toughness_text_colour	TDR#1	547D6A809D6ED202A7AFDBC2D79B9BE57EA06FB46351ACD2905C6BC2C26C9C18	E2463EC1F5F0CFB60707B8AC6EF0092DCA7C55DAD9358625AEF5CB235532B43E	Colors_Keywords_Numbers/COLORS_KWords.lua:131	Colors_Keywords_Numbers/COLORS_KWords_tw.lua:143	keyword	no	yes	yes	yes	KEEP		ED3-COLORS-RECHECK-008	match	definition_used
Colors_Keywords_Numbers/COLORS_KWords_tw.lua	111	toughness_text_colour	Tghns_dmg#1	8DAE7781B6E91836E6892B3290EE23E0A3557E69CCAA1D6733D85D00001B6886	687D96D21A3C871258B5B7A300CD59C9E5F0FE6B0820378B0C8327F7186AD6E8	Colors_Keywords_Numbers/COLORS_KWords.lua:133	Colors_Keywords_Numbers/COLORS_KWords_tw.lua:144	keyword	no	yes	yes	yes	KEEP		ED3-COLORS-RECHECK-008	match	definition_used
Colors_Keywords_Numbers/COLORS_KWords_tw.lua	112	toughness_text_colour	Tghns_dmg_red#1	47DB0864BAC8CBEFDCE63869F1DDB7928830B7D46AD921AFB7DFBC815839A05E	E2463EC1F5F0CFB60707B8AC6EF0092DCA7C55DAD9358625AEF5CB235532B43E	Colors_Keywords_Numbers/COLORS_KWords.lua:134	Colors_Keywords_Numbers/COLORS_KWords_tw.lua:145	keyword	no	yes	yes	yes	KEEP		ED3-COLORS-RECHECK-008	match	definition_used
Colors_Keywords_Numbers/COLORS_KWords_tw.lua	113	toughness_text_colour	Toughness#1	D43EBE29E56E54BDA9C71612D0A13DCBE6B7F0260A2168C2DF98744195C8320B	ADA0BB7B6AA122F255A550B10F29EEC38A6F000AB1CC488A30B7C325F99AF7F4	Colors_Keywords_Numbers/COLORS_KWords.lua:135	Colors_Keywords_Numbers/COLORS_KWords_tw.lua:146	keyword	no	yes	yes	yes	KEEP		ED3-COLORS-RECHECK-008	match	definition_used
Colors_Keywords_Numbers/COLORS_KWords_tw.lua	114	toughness_text_colour	Toughness_m#1	A10A5B44A24566F624F926908E497735D71A7ED1040BC7E0691F1C3F173970E1	15FD663D449A4AFC7CC92B6D9EF141E2AADED118A2BEEA784C9CE90153C30481	Main_Modules/CURIOS_Blessings_Perks.lua:70,192 (English usage)	Colors_Keywords_Numbers/COLORS_KWords_tw.lua:147	keyword	no	yes	yes	yes	KEEP		ED3-COLORS-RECHECK-008	match	definition_used
Colors_Keywords_Numbers/COLORS_KWords_tw.lua	115	toughness_text_colour	Toughness_rs#1	3E55156FD01B7467A286B2734301D6A183B0215190CF0F1A67E72DEC0B598E23	CEC48137D813913651F503A90D65B169011A2F6CE01BD3DBF93B910D9F265C0A	Main_Modules/CURIOS_Blessings_Perks.lua:207 (English usage)	Colors_Keywords_Numbers/COLORS_KWords_tw.lua:148	keyword	no	yes	yes	yes	KEEP		ED3-COLORS-RECHECK-008	match	definition_used
Colors_Keywords_Numbers/COLORS_KWords_tw.lua	116	weakspot_text_colour	weakspot_text_colour#1	8E7430C093836F79E9419866DF9A2C633BD0D7EEA5512BC071765D6733EBEBB8	D1E891E577831C238EADB75BD7BC8BC7E55B6BB1B8A5E7CC88483F03E6DD31BB	Colors_Keywords_Numbers/COLORS_KWords.lua:137	Colors_Keywords_Numbers/COLORS_KWords_tw.lua:150	keyword_group_structure	yes	yes	no	yes	SKIP	CONTAINER_STRUCTURE	ED3-COLORS-RECHECK-008	not_applicable	not_applicable
Colors_Keywords_Numbers/COLORS_KWords_tw.lua	117	weakspot_text_colour	Weak_spot#1	187C082DB32563B15313037708E7299C3F48AFED1D8A88696CFB2E0FC5B48118	F3DCBA88BC6FE72170FCA3A43CBE3912C07D2860195A6D685982F584B9F02F22	Colors_Keywords_Numbers/COLORS_KWords.lua:138	Colors_Keywords_Numbers/COLORS_KWords_tw.lua:151	keyword	no	yes	yes	yes	KEEP		ED3-COLORS-RECHECK-008	match	definition_used
Colors_Keywords_Numbers/COLORS_KWords_tw.lua	118	weakspot_text_colour	Weakspot#1	5A431C12DDF23101CBC14DA42C8E34971577DB08FC9B9493E5D264A6E4D51EB7	F3DCBA88BC6FE72170FCA3A43CBE3912C07D2860195A6D685982F584B9F02F22	Colors_Keywords_Numbers/COLORS_KWords.lua:139	Colors_Keywords_Numbers/COLORS_KWords_tw.lua:152	keyword	no	yes	yes	yes	KEEP		ED3-COLORS-RECHECK-008	match	definition_used
Colors_Keywords_Numbers/COLORS_KWords_tw.lua	119	weakspot_text_colour	Weakspots#1	D9405671F7C9425A23177B2BBDD3F7309928B11BAE607605D892F87A55013C41	F3DCBA88BC6FE72170FCA3A43CBE3912C07D2860195A6D685982F584B9F02F22	Colors_Keywords_Numbers/COLORS_KWords.lua:140	Colors_Keywords_Numbers/COLORS_KWords_tw.lua:153	keyword	no	yes	yes	yes	KEEP		ED3-COLORS-RECHECK-008	match	definition_used
Colors_Keywords_Numbers/COLORS_KWords_tw.lua	120	weakspot_text_colour	Weakspothit#1	3C8E55804A4C02F4E8830EBA899F46A68080E60127842B0FF551B111F1439BC1	C38EA6BB5CA90DBB276D63FBFCE71B50348D0EF02273E15D762939B49A4B05EA	Colors_Keywords_Numbers/COLORS_KWords.lua:141	Colors_Keywords_Numbers/COLORS_KWords_tw.lua:154	keyword	no	yes	yes	yes	KEEP		ED3-COLORS-RECHECK-008	match	definition_used
Colors_Keywords_Numbers/COLORS_KWords_tw.lua	121	weakspot_text_colour	Weakspothits#1	1BCF9EF1A333A48F42000CA7581D315A0271A466F18F29EB1A34BA9E2EB3A8E4	C38EA6BB5CA90DBB276D63FBFCE71B50348D0EF02273E15D762939B49A4B05EA	Colors_Keywords_Numbers/COLORS_KWords.lua:143	Colors_Keywords_Numbers/COLORS_KWords_tw.lua:156	keyword	no	yes	yes	yes	KEEP		ED3-COLORS-RECHECK-009	match	definition_used
Colors_Keywords_Numbers/COLORS_KWords_tw.lua	122	weakspot_text_colour	Weakspot_m_dmg#1	A295AE67844C372B7B364EC4BE4E7977C2E5F5C07A7FDED416AD5C115D3F77E1	AC21635494727EF11998AD237C0927EBDE0B53662C829E71ECCC99EDBCF03693	Main_Modules/WEAPONS_Blessings_Perks.lua:205 (English usage)	Colors_Keywords_Numbers/COLORS_KWords_tw.lua:157	keyword	no	yes	yes	yes	KEEP		ED3-COLORS-RECHECK-009	match	definition_used
Colors_Keywords_Numbers/COLORS_KWords_tw.lua	123	weakspot_text_colour	Weakspot_r_dmg#1	E7EBA00078CA436A6268DA9653423A62850A97F4D05CA1546229A7A2028792F7	AF14D2B0ED5AB5E334E281B615B394AACDC514673B8DD309F8711B96B5E41319	Main_Modules/WEAPONS_Blessings_Perks.lua:432; Main_Modules/TALENTS/TALENTS_Veteran.lua:175,211 (English usage)	Colors_Keywords_Numbers/COLORS_KWords_tw.lua:158	keyword	no	yes	yes	yes	KEEP		ED3-COLORS-RECHECK-009	match	definition_used
Colors_Keywords_Numbers/COLORS_KWords_tw.lua	124	weakspot_text_colour	Weakspot_dmg#1	2BF243C2CE9AC16DABDCA843C44B1A804BD01EA0ACAABADF665C15441A1D5B86	159C55CC34E4C633FD9B5D7989BFA55EC33FEF4EBDE65D00BD028035162EF854	Colors_Keywords_Numbers/COLORS_KWords.lua:144	Colors_Keywords_Numbers/COLORS_KWords_tw.lua:159	keyword	no	yes	yes	yes	KEEP		ED3-COLORS-RECHECK-009	match	definition_used
Colors_Keywords_Numbers/COLORS_KWords_tw.lua	125	weakspot_text_colour	Weakspot_k_dmg#1	30D646AF1DB235A6D2F0D0CAEB01D2CE4E9E02E5DC2A2A61F1899855958963DD	3EBA6094091A3F9584C7781F93751AA0C2C2C10F73B71B37DDD3074AD649EE45	Main_Modules/WEAPONS_Blessings_Perks.lua:754,771 (English usage)	Colors_Keywords_Numbers/COLORS_KWords_tw.lua:161	keyword	yes	yes	yes	yes	KEEP		ED3-COLORS-RECHECK-009	match	definition_used
Colors_Keywords_Numbers/COLORS_KWords_tw.lua	126	class_psyker_text_colour	class_psyker_text_colour#1	4FF81F54A56C694D92AD796958788AED13EDA780599029C42D3C6B6539FD51FC	71E9D15D918832D4B042CA38FB03C2B1C13A59AAC894A70230DD46B500BDA9A3	Colors_Keywords_Numbers/COLORS_KWords.lua:150	Colors_Keywords_Numbers/COLORS_KWords_tw.lua:166	keyword_group_structure	no	yes	no	yes	SKIP	CONTAINER_STRUCTURE	ED3-COLORS-RECHECK-009	not_applicable	not_applicable
Colors_Keywords_Numbers/COLORS_KWords_tw.lua	127	class_psyker_text_colour	cls_psy#1	581B2A66D85F119F6180C27715770DBA7498A21A00E58DCD395270CE9040A1D5	CFB955F254E7C6ABE3A16FB72D960DDA6AAE63EBBD5A6A4290773E522B8BE065	Colors_Keywords_Numbers/COLORS_KWords.lua:151	Colors_Keywords_Numbers/COLORS_KWords_tw.lua:167	keyword	no	yes	yes	yes	KEEP		ED3-COLORS-RECHECK-009	match	definition_used
Colors_Keywords_Numbers/COLORS_KWords_tw.lua	128	class_psyker_text_colour	cls_psys#1	399327493E4E09283D86D7EE82D329B8CBE64E71FDB30D1191E223F2DE475A50	CFB955F254E7C6ABE3A16FB72D960DDA6AAE63EBBD5A6A4290773E522B8BE065	Colors_Keywords_Numbers/COLORS_KWords.lua:152	Colors_Keywords_Numbers/COLORS_KWords_tw.lua:168	keyword	no	yes	no	yes	KEEP		ED3-COLORS-RECHECK-009	match	definition_unused
Colors_Keywords_Numbers/COLORS_KWords_tw.lua	129	class_psyker_text_colour	cls_psy2#1	B497277C84E89517CF9927CB21425AE6E19CE6ABF05EE1F617C13AEDEE9EF424	CFB955F254E7C6ABE3A16FB72D960DDA6AAE63EBBD5A6A4290773E522B8BE065	Colors_Keywords_Numbers/COLORS_KWords.lua:153	Colors_Keywords_Numbers/COLORS_KWords_tw.lua:169	keyword	no	yes	no	yes	KEEP		ED3-COLORS-RECHECK-009	match	definition_unused
Colors_Keywords_Numbers/COLORS_KWords_tw.lua	130	precision_text_colour	precision_text_colour#1	22FE6005BFFAC47B797316DE83237B7BED76A7D164C47F60431C556EFFBB03F3	50CD82BB8E0A7CCEA88D269F0FA9CA131B80C61E91CCE1041E0109C0DA41E9C2	Colors_Keywords_Numbers/COLORS_KWords.lua:155	Colors_Keywords_Numbers/COLORS_KWords_tw.lua:171	keyword_group_structure	yes	yes	no	yes	SKIP	CONTAINER_STRUCTURE	ED3-COLORS-RECHECK-009	not_applicable	not_applicable
Colors_Keywords_Numbers/COLORS_KWords_tw.lua	131	precision_text_colour	Precision#1	6BEB3A62056634518E93102D4DA5729A9AB0D9F8536BBB50B972B6073669B209	32213AA0DAFE23C3A62313B4EFF95CF437E1F3C65CFF856936A9FE4312A299D4	Colors_Keywords_Numbers/COLORS_KWords.lua:156	Colors_Keywords_Numbers/COLORS_KWords_tw.lua:172	keyword	no	yes	yes	yes	KEEP		ED3-COLORS-RECHECK-009	match	definition_used
Colors_Keywords_Numbers/COLORS_KWords_tw.lua	132	precision_text_colour	Celerity_Stimm#1	37ABF2A85F1858D5B5384A4C62C00A7316288DA2D78803565AF78E74B5FCCEE3	C1F02E6C18793867E09DB10D6491E4509BA80DD18EE70EF48E5702E271CF98D5	Colors_Keywords_Numbers/COLORS_KWords.lua:157	Colors_Keywords_Numbers/COLORS_KWords_tw.lua:173	keyword	yes	yes	yes	yes	KEEP		ED3-COLORS-RECHECK-009	match	definition_used
Colors_Keywords_Numbers/COLORS_KWords_tw.lua	133	class_ogryn_text_colour	class_ogryn_text_colour#1	EB13A2A7F1C5DDAC8DDDEBD22108B44EA1D542311032B8023DB66AA43129E0B2	EA3C2E27ECB6494B215B1D90ECE7649EED6B260E78B20B673EEA7C1B604D1163	Colors_Keywords_Numbers/COLORS_KWords.lua:161	Colors_Keywords_Numbers/COLORS_KWords_tw.lua:176	keyword_group_structure	no	yes	no	yes	SKIP	CONTAINER_STRUCTURE	ED3-COLORS-RECHECK-009	not_applicable	not_applicable
Colors_Keywords_Numbers/COLORS_KWords_tw.lua	134	class_ogryn_text_colour	cls_ogr#1	9CB3BC09C5CF0EFDD2797B3A2032CD6DD5A8416683E3F82D8C97B6A02FD25420	D2410A058A2218E7F39CDEA8E059EBC1AAB6D709424BC8BBDE6E158574560FF6	Colors_Keywords_Numbers/COLORS_KWords.lua:162	Colors_Keywords_Numbers/COLORS_KWords_tw.lua:177	keyword	no	yes	yes	yes	KEEP		ED3-COLORS-RECHECK-009	match	definition_used
Colors_Keywords_Numbers/COLORS_KWords_tw.lua	135	class_ogryn_text_colour	cls_ogr2#1	4CE3CBC86986226ED5E865DEF7D599A17A389968393B221C8DDA167494CDD970	D2410A058A2218E7F39CDEA8E059EBC1AAB6D709424BC8BBDE6E158574560FF6	Colors_Keywords_Numbers/COLORS_KWords.lua:163	Colors_Keywords_Numbers/COLORS_KWords_tw.lua:178	keyword	no	yes	yes	yes	KEEP		ED3-COLORS-RECHECK-009	match	definition_used
Colors_Keywords_Numbers/COLORS_KWords_tw.lua	136	fnp_text_colour	fnp_text_colour#1	BCD5BADFF741252CBADF9382140210A3E3200C2B042F3A79CB3CA9E6CA1A02B9	2E55C03E83DF46BB7AD6CF5A83B2B983EEDC502D1EB12330B3F5BAE74E728AFA	Colors_Keywords_Numbers/COLORS_KWords.lua:165	Colors_Keywords_Numbers/COLORS_KWords_tw.lua:180	keyword_group_structure	yes	yes	no	yes	SKIP	CONTAINER_STRUCTURE	ED3-COLORS-RECHECK-010	not_applicable	not_applicable
Colors_Keywords_Numbers/COLORS_KWords_tw.lua	137	fnp_text_colour	Feel_no_pain#1	007BBA6F1BD60CD5F627ECB2AAB978F84FA78D3F8CDFD0A3D933FA6AC757BD07	825E51C02452548CECF7F521717EB8C6A4039D2B97F0128856DDE8D72ED56A70	Colors_Keywords_Numbers/COLORS_KWords.lua:166	Colors_Keywords_Numbers/COLORS_KWords_tw.lua:181	keyword	no	yes	yes	yes	KEEP		ED3-COLORS-RECHECK-010	match	definition_used
Colors_Keywords_Numbers/COLORS_KWords_tw.lua	138	fnp_text_colour	Desperado#1	DD857F23A4B09389C74C2B2C9C86B9B1020B44B7745D532D738CCD2C1B15FDB1	220D7665ED923385158C6BBEB059285D730FB30BA4349143BF8B2F2FE8549143	Colors_Keywords_Numbers/COLORS_KWords.lua:167	Colors_Keywords_Numbers/COLORS_KWords_tw.lua:182	keyword	no	yes	no	yes	KEEP		ED3-COLORS-RECHECK-010	match	definition_unused
Colors_Keywords_Numbers/COLORS_KWords_tw.lua	139	fnp_text_colour	Overload#1	D9CC61FD989324A04AACDB1D6AB47379DBCEA901E712D2A2E726C433066E680C	2366289FF1F7B08AC4FA7B1B49628A02C2C55C08BF091456C91EDEBD2E506C2C	Colors_Keywords_Numbers/COLORS_KWords.lua:169	Colors_Keywords_Numbers/COLORS_KWords_tw.lua:183	keyword	yes	yes	yes	yes	KEEP		ED3-COLORS-RECHECK-010	match	definition_used
Colors_Keywords_Numbers/COLORS_KWords_tw.lua	140	fnp_text_colour	overloading#1	6DD580E3D456C9C6158A9A238DD46FFB99F5C325FCFF27E1C8C18E3CF494E49A	2366289FF1F7B08AC4FA7B1B49628A02C2C55C08BF091456C91EDEBD2E506C2C	Colors_Keywords_Numbers/COLORS_KWords.lua:170	Colors_Keywords_Numbers/COLORS_KWords_tw.lua:184	keyword	yes	yes	yes	yes	KEEP		ED3-COLORS-RECHECK-010	match	definition_used
Colors_Keywords_Numbers/COLORS_KWords_tw.lua	141	luckyb_text_colour	luckyb_text_colour#1	3B89A37C35385303E10AFBDC263644542893C9558D354F3083B01A4E245CC47A	26241AB44360635A43B1C8EC0CA3BBD36B9496E182C7BBED533DAE4400E50DA8	Colors_Keywords_Numbers/COLORS_KWords.lua:172	Colors_Keywords_Numbers/COLORS_KWords_tw.lua:186	keyword_group_structure	yes	yes	no	yes	SKIP	CONTAINER_STRUCTURE	ED3-COLORS-RECHECK-010	not_applicable	not_applicable
Colors_Keywords_Numbers/COLORS_KWords_tw.lua	142	luckyb_text_colour	Lucky_bullet#1	F152B1A50371CCB810CFD8CF6A553429583DFC8905D8FBA691E44FA01D56CD73	24466F5B98FA84BE3239BB80608D21D7FE3C14C7B1D31B8EC5645FCE31677C13	Colors_Keywords_Numbers/COLORS_KWords.lua:173	Colors_Keywords_Numbers/COLORS_KWords_tw.lua:187	keyword	no	yes	yes	yes	KEEP		ED3-COLORS-RECHECK-010	match	definition_used
Colors_Keywords_Numbers/COLORS_KWords_tw.lua	143	luckyb_text_colour	Tghnss_gold#1	D43EBE29E56E54BDA9C71612D0A13DCBE6B7F0260A2168C2DF98744195C8320B	ADA0BB7B6AA122F255A550B10F29EEC38A6F000AB1CC488A30B7C325F99AF7F4	Colors_Keywords_Numbers/COLORS_KWords.lua:174	Colors_Keywords_Numbers/COLORS_KWords_tw.lua:188	keyword	no	yes	yes	yes	KEEP		ED3-COLORS-RECHECK-010	match	definition_used
Colors_Keywords_Numbers/COLORS_KWords_tw.lua	144	luckyb_text_colour	Servoskull#1	2EEB94B2447174EFD627352F9A5EA7F8E3F11FA06615E6164604E49F513C3814	35910FE620E1378E02315601CA7A96635A5110E452B6124F926D5500DB6D084A	Colors_Keywords_Numbers/COLORS_KWords.lua:177	Colors_Keywords_Numbers/COLORS_KWords_tw.lua:189	keyword	yes	yes	yes	yes	KEEP		ED3-COLORS-RECHECK-010	match	definition_used
Colors_Keywords_Numbers/COLORS_KWords_tw.lua	145	trample_text_colour	trample_text_colour#1	208C7FACE0E334C94F62472B4F0F619747657D504EB5DD96B4F7D75793BEEC79	70F6FA3723EF0DDACADCECF62390E4616DCD1DC93A98926FF652812DBBC736E2	Colors_Keywords_Numbers/COLORS_KWords.lua:179	Colors_Keywords_Numbers/COLORS_KWords_tw.lua:191	keyword_group_structure	no	yes	no	yes	SKIP	CONTAINER_STRUCTURE	ED3-COLORS-RECHECK-010	not_applicable	not_applicable
Colors_Keywords_Numbers/COLORS_KWords_tw.lua	146	trample_text_colour	Trample#1	202B3AD7C9F7F734A27CDBBE2E62EA817D95D30C84DA79E76C123B04F0A3C036	56F5310A68062E73F0E3E653BF1E88F6D545B720018245482EBBA54164244FF6	Colors_Keywords_Numbers/COLORS_KWords.lua:180	Colors_Keywords_Numbers/COLORS_KWords_tw.lua:192	keyword	no	yes	yes	yes	KEEP		ED3-COLORS-RECHECK-010	match	definition_used
Colors_Keywords_Numbers/COLORS_KWords_tw.lua	147	trample_text_colour	Depend#1	837EFE3B6E1190F4C81F6C8ACA633D2691A293804353847CF1B70CD7E4AF7D8D	0A7F8BC95584032397B01201AD06C5DD73C70C7839D2434BF4708AB343DD2033	Colors_Keywords_Numbers/COLORS_KWords.lua:181	Colors_Keywords_Numbers/COLORS_KWords_tw.lua:193	keyword	no	no	no	yes	KEEP		ED3-COLORS-RECHECK-010	match	definition_unused
Colors_Keywords_Numbers/COLORS_KWords_tw.lua	148	class_zealot_text_colour	class_zealot_text_colour#1	16A7295DAC7D3D733DC9AAFCC929CEEB262963620A111BC1384D4243FF514309	F7650B8E39EFCCE0E9F898C9846208E821D10E4B40D783D6882161F8057941D6	Colors_Keywords_Numbers/COLORS_KWords.lua:185	Colors_Keywords_Numbers/COLORS_KWords_tw.lua:196	keyword_group_structure	no	yes	no	yes	SKIP	CONTAINER_STRUCTURE	ED3-COLORS-RECHECK-010	not_applicable	not_applicable
Colors_Keywords_Numbers/COLORS_KWords_tw.lua	149	class_zealot_text_colour	cls_zea#1	5F4260853DDF361BC96C76A96DBE3C56F0F75C931E486395D54D671A2E19E7BF	DC73CA9EF9E8C0C59BC21916DF4CD9341A5E168A56B55CF4F4763F18F929E83C	Colors_Keywords_Numbers/COLORS_KWords.lua:186	Colors_Keywords_Numbers/COLORS_KWords_tw.lua:197	keyword	no	yes	yes	yes	KEEP		ED3-COLORS-RECHECK-010	match	definition_used
Colors_Keywords_Numbers/COLORS_KWords_tw.lua	150	class_zealot_text_colour	cls_zea2#1	C9CA9A3521C3896316540D560215FB7372288502C990AF5D765EFFE17C926D8A	DC73CA9EF9E8C0C59BC21916DF4CD9341A5E168A56B55CF4F4763F18F929E83C	Colors_Keywords_Numbers/COLORS_KWords.lua:187	Colors_Keywords_Numbers/COLORS_KWords_tw.lua:198	keyword	no	yes	no	yes	KEEP		ED3-COLORS-RECHECK-010	match	definition_unused
Colors_Keywords_Numbers/COLORS_KWords_tw.lua	151	fury_text_colour	fury_text_colour#1	9368E7B0EEEE664696BE4F7898A261D775B0BE721BC99639733421E4EC89726A	B1D633C67DDDC2746C46CD54CD3ED27CD2B9E865D17D54AA8653D4F36F5B93F3	Colors_Keywords_Numbers/COLORS_KWords.lua:189	Colors_Keywords_Numbers/COLORS_KWords_tw.lua:200	keyword_group_structure	no	yes	no	yes	SKIP	CONTAINER_STRUCTURE	ED3-COLORS-RECHECK-011	not_applicable	not_applicable
Colors_Keywords_Numbers/COLORS_KWords_tw.lua	152	fury_text_colour	Fury#1	827DD72AFE67D564F1D94897E6B2332980733BD077BC8DBE897CBB7BE6D53941	04A3E747FEE8B2D89725A13B479639652CDA80EA388DE4C9E1CDBBEB68139D47	Colors_Keywords_Numbers/COLORS_KWords.lua:190	Colors_Keywords_Numbers/COLORS_KWords_tw.lua:201	keyword	no	yes	yes	yes	KEEP		ED3-COLORS-RECHECK-011	match	definition_used
Colors_Keywords_Numbers/COLORS_KWords_tw.lua	153	fury_text_colour	Rampage#1	2A7A9185C9DEC1F11F6F2EB5851B6863F860006E03992DB9460E4179A9720C18	2EF3335C8591EC3185537BB2F7E4E8C816EDD4A35C83FEC17B60A70700B69F05	Colors_Keywords_Numbers/COLORS_KWords.lua:191	Colors_Keywords_Numbers/COLORS_KWords_tw.lua:202	keyword	no	yes	no	yes	CHANGE	TERMINOLOGY	ED3-COLORS-RECHECK-011	match	definition_unused
Colors_Keywords_Numbers/COLORS_KWords_tw.lua	154	momentum_text_colour	momentum_text_colour#1	711406A5683B3537CEE4FBFC6D4D71258E36A5A5869B43DD22BD19FAE3A48221	9A1D79264266FAB072B377B6DAE6AFD82872D492222DBBF7A37074DEEEF2C3FE	Colors_Keywords_Numbers/COLORS_KWords.lua:196	Colors_Keywords_Numbers/COLORS_KWords_tw.lua:204	keyword_group_structure	yes	yes	no	yes	SKIP	CONTAINER_STRUCTURE	ED3-COLORS-RECHECK-011	not_applicable	not_applicable
Colors_Keywords_Numbers/COLORS_KWords_tw.lua	155	momentum_text_colour	Momentum#1	6DF12372CE94ECFE53A9771A5EE932EC9EF03D488EEE6A2947665E722EC25AAE	2832C4F2D95F1EF46AEF4FA5DBBAF78CA00C5C36B68F23074352711CF6942015	Colors_Keywords_Numbers/COLORS_KWords.lua:197	Colors_Keywords_Numbers/COLORS_KWords_tw.lua:205	keyword	no	yes	yes	yes	KEEP		ED3-COLORS-RECHECK-011	match	definition_used
Colors_Keywords_Numbers/COLORS_KWords_tw.lua	156	momentum_text_colour	Taunt#1	FBC75E5EBF59201A87ED2CEA0DBF11D964C7623DF77D71A46CCA2A10CADA5CB7	319D3B80E0EEE0B18E048F3D603463C013E67E3E07D19809DC1FF8DFAF187775	Colors_Keywords_Numbers/COLORS_KWords.lua:198	Colors_Keywords_Numbers/COLORS_KWords_tw.lua:206	keyword	yes	no	yes	yes	KEEP		ED3-COLORS-RECHECK-011	match	definition_used
Colors_Keywords_Numbers/COLORS_KWords_tw.lua	157	momentum_text_colour	Adren#1	EA3B1BDF21D7673B1219FDAABB9FC0CDBE5C6C46E6D5557F35270F432FFA6ABB	A024BDD488CE4A8064A2E33D774FD435CF9CB1C745565B7DA2CCB9A955A588D1	Colors_Keywords_Numbers/COLORS_KWords.lua:202	Colors_Keywords_Numbers/COLORS_KWords_tw.lua:207	keyword	no	no	yes	yes	KEEP		ED3-COLORS-RECHECK-011	match	definition_used
Colors_Keywords_Numbers/COLORS_KWords_tw.lua	158	momentum_text_colour	AdrenFr#1	A3C2BBB047347B49ECD6DCAA3DF29271014B7090CAA07B366983AEBADCE53496	F2C648B2CF816DB2CAB71F517BF8F2ED07CC8D1ADBB85597F4C65918BB1CAB11	Colors_Keywords_Numbers/COLORS_KWords.lua:203	Colors_Keywords_Numbers/COLORS_KWords_tw.lua:208	keyword	no	yes	no	yes	CHANGE	TERMINOLOGY	ED3-COLORS-RECHECK-011	match	definition_unused
Colors_Keywords_Numbers/COLORS_KWords_tw.lua	159	stealth_text_colour	stealth_text_colour#1	0489F6921CBAB1B1A9B1BAF72988628AF9BCD07FEFCAD790B3CD89A778A26F4F	83C4951EFA01E87C3861DFB2580AC2F4896AAD3E25201FDDFDE4FBAD7AC46A04	Colors_Keywords_Numbers/COLORS_KWords.lua:205	Colors_Keywords_Numbers/COLORS_KWords_tw.lua:210	keyword_group_structure	no	yes	no	yes	SKIP	CONTAINER_STRUCTURE	ED3-COLORS-RECHECK-011	not_applicable	not_applicable
Colors_Keywords_Numbers/COLORS_KWords_tw.lua	160	stealth_text_colour	Stealth#1	72A55AFDB2B2D9624948393C357D58EE59673B285DD30C70DAD3056B49AA4288	BA8A02880B6AC56D6026DA0E5E95E198B008688630270C08142E2DF75FCC3ABD	Colors_Keywords_Numbers/COLORS_KWords.lua:206	Colors_Keywords_Numbers/COLORS_KWords_tw.lua:211	keyword	no	yes	yes	yes	KEEP		ED3-COLORS-RECHECK-011	match	definition_used
Colors_Keywords_Numbers/COLORS_KWords_tw.lua	161	stealth_text_colour	Psy_Mark#1	3D6BE93B3DB5A138AAE423A9860A216EF6B6BEFE01794D4F998043DAF28B8F48	BE3F34459414EFEA467C15E65F0CBF23519179A92B262377EAA51CF0518C9BC4	Colors_Keywords_Numbers/COLORS_KWords.lua:207	Colors_Keywords_Numbers/COLORS_KWords_tw.lua:212	keyword	no	no	yes	yes	KEEP		ED3-COLORS-RECHECK-011	match	definition_used
Colors_Keywords_Numbers/COLORS_KWords_tw.lua	162	stealth_text_colour	Psy_mark#1	86D56E8FCC25F59880708B237264CB9DBE270C4FF4BFFA30D8E543E7DC26D271	BE3F34459414EFEA467C15E65F0CBF23519179A92B262377EAA51CF0518C9BC4	Colors_Keywords_Numbers/COLORS_KWords.lua:209	Colors_Keywords_Numbers/COLORS_KWords_tw.lua:213	keyword	no	no	no	yes	KEEP		ED3-COLORS-RECHECK-011	match	definition_unused
Colors_Keywords_Numbers/COLORS_KWords_tw.lua	163	class_veteran_text_colour	class_veteran_text_colour#1	5661CD54C936900C0E02EC0009140A90775257610F2F8BE8C62D2E403019C6C3	1DDEAD4ECC35041974605717FDC5B5BDCD55F85725E7D0DA7C5E7A7AAA1F16E4	Colors_Keywords_Numbers/COLORS_KWords.lua:212	Colors_Keywords_Numbers/COLORS_KWords_tw.lua:216	keyword_group_structure	no	yes	no	yes	SKIP	CONTAINER_STRUCTURE	ED3-COLORS-RECHECK-011	not_applicable	not_applicable
Colors_Keywords_Numbers/COLORS_KWords_tw.lua	164	class_veteran_text_colour	cls_vet#1	45B6B77C62E08256AE90964EE09D3CA2AAE497B423F46918C48D6D327ECE0C69	E71649EE4E9DD08837540817439BCB31047556211B1392CDD405E0EDAD3E6F3B	Colors_Keywords_Numbers/COLORS_KWords.lua:213	Colors_Keywords_Numbers/COLORS_KWords_tw.lua:217	keyword	no	yes	yes	yes	KEEP		ED3-COLORS-RECHECK-011	match	definition_used
Colors_Keywords_Numbers/COLORS_KWords_tw.lua	165	class_veteran_text_colour	cls_vet2#1	3C27A1CE1F90F6EC0AEB38E7D9F3F0768A6637321731963E5863305443BA0886	E71649EE4E9DD08837540817439BCB31047556211B1392CDD405E0EDAD3E6F3B	Colors_Keywords_Numbers/COLORS_KWords.lua:214	Colors_Keywords_Numbers/COLORS_KWords_tw.lua:218	keyword	no	yes	no	yes	KEEP		ED3-COLORS-RECHECK-011	match	definition_unused
Colors_Keywords_Numbers/COLORS_KWords_tw.lua	166	focus_text_colour	focus_text_colour#1	634FB207D97FE8711A770E0AF56DE5F79EDFCD329054707E2FADB38C872EF26D	F6B37FE2722B9CF5171DF1FFD82B86A8A0E0B7A62A4203F278A01CDE147F32AA	Colors_Keywords_Numbers/COLORS_KWords.lua:216	Colors_Keywords_Numbers/COLORS_KWords_tw.lua:220	keyword_group_structure	yes	yes	no	yes	SKIP	CONTAINER_STRUCTURE	ED3-COLORS-RECHECK-012	not_applicable	not_applicable
Colors_Keywords_Numbers/COLORS_KWords_tw.lua	167	focus_text_colour	Capacitance#1	5A0DB8E489FC60F7C8186F673C75B705C58DD83D6D7D6158E4C93FC5893C2529	5E893252E805B6CF5A31D436933F8174F2A544187A38891DB5AFE7289A6F74E2	Colors_Keywords_Numbers/COLORS_KWords.lua:221	Colors_Keywords_Numbers/COLORS_KWords_tw.lua:221	keyword	yes	yes	yes	yes	KEEP		ED3-COLORS-RECHECK-012	match	definition_used
Colors_Keywords_Numbers/COLORS_KWords_tw.lua	168	focus_text_colour	Forceful#1	33458C2337051CCE339CF7FD5EA9DA7B331E44E661C1E5A8BDD047D8853A69BC	78C09145C5F61F54C533D98F04FDCEA739C23C03CDA4D810B015B3E2321E53BC	Colors_Keywords_Numbers/COLORS_KWords.lua:217	Colors_Keywords_Numbers/COLORS_KWords_tw.lua:222	keyword	no	yes	yes	yes	KEEP		ED3-COLORS-RECHECK-012	match	definition_used
Colors_Keywords_Numbers/COLORS_KWords_tw.lua	169	focus_text_colour	Focus#1	B80DC93401F953A51A893C5E24834B1AEB5CB044CA6C35D1D5A8F2AE959C3619	9FF87DE68B30603EC08833105D28EAE2DF2108D7570AC789C14C8A3FFE770F28	Colors_Keywords_Numbers/COLORS_KWords.lua:218	Colors_Keywords_Numbers/COLORS_KWords_tw.lua:223	keyword	no	yes	yes	yes	KEEP		ED3-COLORS-RECHECK-012	match	definition_used
Colors_Keywords_Numbers/COLORS_KWords_tw.lua	170	focust_text_colour	focust_text_colour#1	47711973F9EDF3D77D5D9D9D95D032D8A5C2ED4FF57B77E87A0AABB2703EE45D	D0CBA97504F519ADD0376320CDFB9C8AE220916B72C289E5D3F49559C1842FF5	Colors_Keywords_Numbers/COLORS_KWords.lua:223	Colors_Keywords_Numbers/COLORS_KWords_tw.lua:225	keyword_group_structure	yes	yes	no	yes	SKIP	CONTAINER_STRUCTURE	ED3-COLORS-RECHECK-012	not_applicable	not_applicable
Colors_Keywords_Numbers/COLORS_KWords_tw.lua	171	focust_text_colour	ElectrDisch#1	44775FF626C19518F78450F5678FCD0D62A7A5F9F997C7CF79472F4CD341656C	1816428D4616FCE8ACC5244263677DFA9EC8A1C68C958FE49CDE59B3F8722E6C	Colors_Keywords_Numbers/COLORS_KWords.lua:228	Colors_Keywords_Numbers/COLORS_KWords_tw.lua:226	keyword	yes	yes	yes	yes	KEEP		ED3-COLORS-RECHECK-012	match	definition_used
Colors_Keywords_Numbers/COLORS_KWords_tw.lua	172	focust_text_colour	Focus_Target#1	E5F3BA1E4E9EF3F695673308847D273CF05A3D4F98C55918D1B558A5739A8118	192BD1694811B8E3FF6A44518FC010082C061041963D9D6BB9621580FC2005B8	Colors_Keywords_Numbers/COLORS_KWords.lua:224	Colors_Keywords_Numbers/COLORS_KWords_tw.lua:227	keyword	no	yes	yes	yes	KEEP		ED3-COLORS-RECHECK-012	match	definition_used
Colors_Keywords_Numbers/COLORS_KWords_tw.lua	173	focust_text_colour	Markedenemy#1	8FCEFD947E606A65AAFCC77AAEE93211086EECBC82220292DB3B4B1251CE203B	EF26997C8FD4073CD0BDCFB73723ABFA15060839791C4677993BBA39E1C453CB	Colors_Keywords_Numbers/COLORS_KWords.lua:225	Colors_Keywords_Numbers/COLORS_KWords_tw.lua:228	keyword	no	no	yes	yes	KEEP		ED3-COLORS-RECHECK-012	match	definition_used
Colors_Keywords_Numbers/COLORS_KWords_tw.lua	174	focust_text_colour	VultsMark#1	ABC54EFE8F456BEFF2B55324ACAB1BBA53A7A240D612675C00770D1BAFC8542D	E79CC24E1B81D065126690D406EA416086B27C38F7678FC950F266193E91FEF7	Colors_Keywords_Numbers/COLORS_KWords.lua:227	Colors_Keywords_Numbers/COLORS_KWords_tw.lua:229	keyword	no	yes	yes	yes	KEEP		ED3-COLORS-RECHECK-012	match	definition_used
Colors_Keywords_Numbers/COLORS_KWords_tw.lua	175	meleespec_text_colour	meleespec_text_colour#1	A62AEF4AC9686A580DF7FCFD25052433F33222A9FD0703BD6135438949E361F4	022A49F2F64DF0FC0531E9FB40A23B3EF6CA939260B84EA32DE13C9B58D5AA23	Colors_Keywords_Numbers/COLORS_KWords.lua:230	Colors_Keywords_Numbers/COLORS_KWords_tw.lua:231	keyword_group_structure	yes	yes	no	yes	SKIP	CONTAINER_STRUCTURE	ED3-COLORS-RECHECK-012	not_applicable	not_applicable
Colors_Keywords_Numbers/COLORS_KWords_tw.lua	176	meleespec_text_colour	Chordclaw#1	E5AA9EE6B9DC76016FBD22CCFAE407AD3CDA6F2C95054B9DA8B3BA3B6A63EE1D	71EC0C8CF606F4A4C9C479C0DD6D81A578C3F798B18996D1394346FD42438515	Colors_Keywords_Numbers/COLORS_KWords.lua:235	Colors_Keywords_Numbers/COLORS_KWords_tw.lua:232	keyword	yes	yes	yes	yes	KEEP		ED3-COLORS-RECHECK-012	match	definition_used
Colors_Keywords_Numbers/COLORS_KWords_tw.lua	177	meleespec_text_colour	Meleespec#1	BCA3E269DC6B5276B2D6BA0BB23774AD84BB046171B131FF77719B05172809DF	3EAA46FE8FA592D776D04CC5E8EA06F6A9CD62B477CCD3E7A6BEC1C7C0B43C37	Colors_Keywords_Numbers/COLORS_KWords.lua:231	Colors_Keywords_Numbers/COLORS_KWords_tw.lua:233	keyword	no	yes	yes	yes	KEEP		ED3-COLORS-RECHECK-012	match	definition_used
Colors_Keywords_Numbers/COLORS_KWords_tw.lua	178	meleespec_text_colour	Meleejust#1	9F855787AB90D99E501AAE1D287934B5E5A99EF6F86F57E47E8F8BD71D163024	E08CCDC2380F17BBF16F8C8A8EE12667A88ED6C90AFD99226B41527605592EE5	Colors_Keywords_Numbers/COLORS_KWords.lua:232	Colors_Keywords_Numbers/COLORS_KWords_tw.lua:234	keyword	no	no	yes	yes	KEEP		ED3-COLORS-RECHECK-012	match	definition_used
Colors_Keywords_Numbers/COLORS_KWords_tw.lua	179	rangedspec_text_colour	rangedspec_text_colour#1	C4620D088B622DE726DA76D2B0763CEDB999A690AA9AA8D3B8BB28717505AF63	F68E8600B4B7755FCEA113241E1A94FD7B614E44096F8080DE992A5BD2771AF4	Colors_Keywords_Numbers/COLORS_KWords.lua:237	Colors_Keywords_Numbers/COLORS_KWords_tw.lua:236	keyword_group_structure	yes	yes	no	yes	SKIP	CONTAINER_STRUCTURE	ED3-COLORS-RECHECK-012	not_applicable	not_applicable
Colors_Keywords_Numbers/COLORS_KWords_tw.lua	180	rangedspec_text_colour	FireRate#1	13AFB0AFF2140970070E8FD723D586BDEEE2DB624E82D932B124CE338EFE71E9	0A1A941A4B48B94AAAFEDBDAC278AB97E60195D90149E1779E5FEE07DCFC906C	Main_Modules/TALENTS/TALENTS_Skitarii.lua:540,542 (English usage)	Colors_Keywords_Numbers/COLORS_KWords_tw.lua:237	keyword	yes	no	yes	yes	KEEP		ED3-COLORS-RECHECK-012	match	definition_used
Colors_Keywords_Numbers/COLORS_KWords_tw.lua	181	rangedspec_text_colour	Rangedspec#1	FD6E91FB66023C224495CA193E529C94772960F01D851078F08E0B7881519E0E	2C9817A6BA6D05F6EDEA9D474F5B63A7307FA3DC00F80708C716EDA486D4D540	Colors_Keywords_Numbers/COLORS_KWords.lua:238	Colors_Keywords_Numbers/COLORS_KWords_tw.lua:238	keyword	no	yes	yes	yes	KEEP		ED3-COLORS-RECHECK-013	match	definition_used
Colors_Keywords_Numbers/COLORS_KWords_tw.lua	182	rangedspec_text_colour	Rangedjust#1	AC2214DBE3786FCA7505AC2BF9BFEFD22AE73DCD005EBEF6AAFDE1F1F8E12CDC	B3F91C758F574D5A4498E36DAD051EA21F0DB22A5F8E6239C4FFD724B2D493C5	Colors_Keywords_Numbers/COLORS_KWords.lua:239	Colors_Keywords_Numbers/COLORS_KWords_tw.lua:239	keyword	no	no	yes	yes	KEEP		ED3-COLORS-RECHECK-013	match	definition_used
Colors_Keywords_Numbers/COLORS_KWords_tw.lua	183	class_arbites_text_colour	class_arbites_text_colour#1	818838A32EFA17B03B3A1FABE8B0FD692ACAC4051B061B2547F1CF48BF56E5A0	980EF16ACDBCD10608E496DCB40F0773F355D0B8EA74A784A5036202D4CFB207	Colors_Keywords_Numbers/COLORS_KWords.lua:243	Colors_Keywords_Numbers/COLORS_KWords_tw.lua:242	keyword_group_structure	no	yes	no	yes	SKIP	CONTAINER_STRUCTURE	ED3-COLORS-RECHECK-013	not_applicable	not_applicable
Colors_Keywords_Numbers/COLORS_KWords_tw.lua	184	class_arbites_text_colour	cls_arb#1	DEA6904663AE6439174794B35682EC2B354A9B8CB8C05D0E1C25EB664896B4DE	599EDF5F4332B21C4EB7BE45375DE3A726AC121F0991EAAB485380D4D3AB42AD	Colors_Keywords_Numbers/COLORS_KWords.lua:244	Colors_Keywords_Numbers/COLORS_KWords_tw.lua:243	keyword	no	yes	yes	yes	KEEP		ED3-COLORS-RECHECK-013	match	definition_used
Colors_Keywords_Numbers/COLORS_KWords_tw.lua	185	class_arbites_text_colour	cls_arb2#1	AEFD4C6E665C9E13A0C6A867E810725E519E7886B0727449147AEDF2B723A264	599EDF5F4332B21C4EB7BE45375DE3A726AC121F0991EAAB485380D4D3AB42AD	Colors_Keywords_Numbers/COLORS_KWords.lua:245	Colors_Keywords_Numbers/COLORS_KWords_tw.lua:244	keyword	no	yes	no	yes	KEEP		ED3-COLORS-RECHECK-013	match	definition_unused
Colors_Keywords_Numbers/COLORS_KWords_tw.lua	186	class_scum_text_colour	class_scum_text_colour#1	AB196007D24816162B89297C7D93582161E511A0B5677242CDF02ABD28363434	436533CD72BFD59B696940A9323F944C7366ADFE3ABB4EED101185D033623CEB	Colors_Keywords_Numbers/COLORS_KWords.lua:248	Colors_Keywords_Numbers/COLORS_KWords_tw.lua:247	keyword_group_structure	no	yes	no	yes	SKIP	CONTAINER_STRUCTURE	ED3-COLORS-RECHECK-013	not_applicable	not_applicable
Colors_Keywords_Numbers/COLORS_KWords_tw.lua	187	class_scum_text_colour	cls_scm#1	F4085B612BAF378A68E991BF1863A7DAF6509C044D8303F6BF6465307D8CB129	C1C523074AA55BBB5AA3DE8210D2CB06AD06581585CA372CA58DFBCC6643BB8B	Colors_Keywords_Numbers/COLORS_KWords.lua:249	Colors_Keywords_Numbers/COLORS_KWords_tw.lua:248	keyword	no	yes	yes	yes	KEEP		ED3-COLORS-RECHECK-013	match	definition_used
Colors_Keywords_Numbers/COLORS_KWords_tw.lua	188	class_scum_text_colour	cls_scm2#1	86E20A67DDD63179B921E09701CFDFD0EA2F13D5541F9746852CCB4B9C6158B8	C1C523074AA55BBB5AA3DE8210D2CB06AD06581585CA372CA58DFBCC6643BB8B	Colors_Keywords_Numbers/COLORS_KWords.lua:250	Colors_Keywords_Numbers/COLORS_KWords_tw.lua:249	keyword	no	yes	no	yes	KEEP		ED3-COLORS-RECHECK-013	match	definition_unused
Colors_Keywords_Numbers/COLORS_KWords_tw.lua	189	chemtox_text_colour	chemtox_text_colour#1	5CF365F624C8FC01F81CBB0F6E4A453501C0FB2972578AA4D2B5EAA45A9F3604	BFBE612DCAA6AE7818024FEEF66B61AD93CB3B28FA67A1E58A66D83B58094862	Colors_Keywords_Numbers/COLORS_KWords.lua:252	Colors_Keywords_Numbers/COLORS_KWords_tw.lua:251	keyword_group_structure	yes	yes	no	yes	SKIP	CONTAINER_STRUCTURE	ED3-COLORS-RECHECK-013	not_applicable	not_applicable
Colors_Keywords_Numbers/COLORS_KWords_tw.lua	190	chemtox_text_colour	AdMedSyringe#1	921CD55678925F76428A5D14161F05A9EA0CA74ADA1F617841F3C1B80E400409	A970B4A82812B37EFF3376A16E3F82EDCBD006615C4D77C491AB50E842C668CD	Colors_Keywords_Numbers/COLORS_KWords.lua:256	Colors_Keywords_Numbers/COLORS_KWords_tw.lua:252	keyword	yes	yes	yes	yes	KEEP		ED3-COLORS-RECHECK-013	match	definition_used
Colors_Keywords_Numbers/COLORS_KWords_tw.lua	191	chemtox_text_colour	Chem_Tox#1	4ABB39E5E25A60D6CC6E8ADB03AE25558D26862655778D9EA58F6E4198A9B4B5	B7369F8D460CC149EE096242A050FC06510D083122F13165D0B384F35A19FFE4	Colors_Keywords_Numbers/COLORS_KWords.lua:253	Colors_Keywords_Numbers/COLORS_KWords_tw.lua:253	keyword	no	yes	yes	yes	KEEP		ED3-COLORS-RECHECK-013	match	definition_used
Colors_Keywords_Numbers/COLORS_KWords_tw.lua	192	chemtox_text_colour	Med_Stimm#1	E8C083529E3C57F99A38A91BC0C32E8D9739319C6AEAF538A527348D1BDDDE49	10B6633A9802183598B1F947A05C23AB48A17402A187DAAFA24CE17E7385667C	Colors_Keywords_Numbers/COLORS_KWords.lua:254	Colors_Keywords_Numbers/COLORS_KWords_tw.lua:254	keyword	yes	yes	yes	yes	KEEP		ED3-COLORS-RECHECK-013	match	definition_used
Colors_Keywords_Numbers/COLORS_KWords_tw.lua	193	talents_text_colour	talents_text_colour#1	51C3B343906A91553E455127529604087DC013CBD1705A29325C54FB74595D18	4B46DE9A0A96C57A0ECA40FF481BC003702AB0F6CEABA5DCEA5BE650962B25B5	Colors_Keywords_Numbers/COLORS_KWords.lua:261	Colors_Keywords_Numbers/COLORS_KWords_tw.lua:258	keyword_group_structure	yes	yes	no	yes	SKIP	CONTAINER_STRUCTURE	ED3-COLORS-RECHECK-013	not_applicable	not_applicable
Colors_Keywords_Numbers/COLORS_KWords_tw.lua	194	talents_text_colour	beaconop#1	AFD3097B343F8C8F20DED1FE6ADA9BDDD8576AAC2477CDF8A3F3E941963F218C	DFAA38B197AB2A299CA98F15CFEFB6871BAE33341B5AAFD2A11FB893DE96F4E2	Colors_Keywords_Numbers/COLORS_KWords.lua:283	Colors_Keywords_Numbers/COLORS_KWords_tw.lua:260	keyword	no	yes	yes	yes	KEEP		ED3-COLORS-RECHECK-013	match	definition_used
Colors_Keywords_Numbers/COLORS_KWords_tw.lua	195	talents_text_colour	benedict#1	D2BC4BECA0A0D32CC067324CCFC1D02BD3357FDBD42B07087237122411E02084	093E56BFAD601FB92C1E2BE08B292A8B0187621139D1D3843D06B69EA559F7EC	Colors_Keywords_Numbers/COLORS_KWords.lua:284	Colors_Keywords_Numbers/COLORS_KWords_tw.lua:261	keyword	no	yes	yes	yes	KEEP		ED3-COLORS-RECHECK-013	match	definition_used
Colors_Keywords_Numbers/COLORS_KWords_tw.lua	196	talents_text_colour	blazingp#1	8F8875D6231E9C441400582B7825355261686ABDCF07705D31AB31758D0192C8	7184824C9A10F27045A5167517C04F9941EF77B029CDAF4403B4BA121C39BA1D	Colors_Keywords_Numbers/COLORS_KWords.lua:285	Colors_Keywords_Numbers/COLORS_KWords_tw.lua:262	keyword	no	yes	yes	yes	KEEP		ED3-COLORS-RECHECK-014	match	definition_used
Colors_Keywords_Numbers/COLORS_KWords_tw.lua	197	talents_text_colour	chast_wckd#1	F19E24A950A3DCF5466C63E3ADED690A08CBB4155C5061C2B5E6EB344E68D918	C96FB5A3331186511CF238B1E2FD5C85A0AB7BC85B3F1CB30C5469E93D24D0FD	Colors_Keywords_Numbers/COLORS_KWords.lua:286	Colors_Keywords_Numbers/COLORS_KWords_tw.lua:263	keyword	no	yes	yes	yes	KEEP		ED3-COLORS-RECHECK-014	match	definition_used
Colors_Keywords_Numbers/COLORS_KWords_tw.lua	198	talents_text_colour	chorusosf#1	41D5969D7D1D57A8C2CF48306A74A662248B64BE8B64D544F85110B67AC08FF2	BAB81D2F567887F142EE80115C457D6CB1A282059BBF657EC4C00736995180CA	Colors_Keywords_Numbers/COLORS_KWords.lua:287	Colors_Keywords_Numbers/COLORS_KWords_tw.lua:264	keyword	no	yes	yes	yes	KEEP		ED3-COLORS-RECHECK-014	match	definition_used
Colors_Keywords_Numbers/COLORS_KWords_tw.lua	199	talents_text_colour	fanrage#1	827DD72AFE67D564F1D94897E6B2332980733BD077BC8DBE897CBB7BE6D53941	04A3E747FEE8B2D89725A13B479639652CDA80EA388DE4C9E1CDBBEB68139D47	Colors_Keywords_Numbers/COLORS_KWords.lua:288	Colors_Keywords_Numbers/COLORS_KWords_tw.lua:265	keyword	no	yes	yes	yes	KEEP		ED3-COLORS-RECHECK-014	match	definition_used
Colors_Keywords_Numbers/COLORS_KWords_tw.lua	200	talents_text_colour	fire_gren#1	8473664BC734C3E55ECC96710B1DFE1EEBE22A6B3257E48A68E56B9902A36C94	28EA0984EB0755B084A717342F200AC74767B412AA2A63D98EF0C020AD4F8DC0	Colors_Keywords_Numbers/COLORS_KWords.lua:289	Colors_Keywords_Numbers/COLORS_KWords_tw.lua:266	keyword	no	yes	yes	yes	KEEP		ED3-COLORS-RECHECK-014	match	definition_used
Colors_Keywords_Numbers/COLORS_KWords_tw.lua	201	talents_text_colour	fury_faithful#1	9FE9E0FECFC59C2BD5E1F850A4A020896922F32B8D100199AB8914615C92D817	341ED99B660285B9D1B7E026386EAB5B4AE890F8931876BE8217252407A39C5F	Colors_Keywords_Numbers/COLORS_KWords.lua:290	Colors_Keywords_Numbers/COLORS_KWords_tw.lua:267	keyword	no	yes	yes	yes	KEEP		ED3-COLORS-RECHECK-014	match	definition_used
Colors_Keywords_Numbers/COLORS_KWords_tw.lua	202	talents_text_colour	Holy_relic#1	0FD7055CE736EABB808CC1CCA665804089E053B7160785E64D2C9B234ECBF89A	DF135EED72CFE58D53E0A074FCE16D50EC445FFC0F586CFF868C18D80C950290	Colors_Keywords_Numbers/COLORS_KWords.lua:291	Colors_Keywords_Numbers/COLORS_KWords_tw.lua:268	keyword	no	yes	yes	yes	KEEP		ED3-COLORS-RECHECK-014	match	definition_used
Colors_Keywords_Numbers/COLORS_KWords_tw.lua	203	talents_text_colour	holy_revenant#1	FE683968FF9D4813E44CBB730ECC5504B3ED0C9F74CC939036036BE7C2DDF0D2	C4E9B27593CC1FF52BA22022EE2D9ECFA1C6179297C09F3938649BDD5F5EEAF6	Colors_Keywords_Numbers/COLORS_KWords.lua:292	Colors_Keywords_Numbers/COLORS_KWords_tw.lua:269	keyword	no	yes	yes	yes	KEEP		ED3-COLORS-RECHECK-014	match	definition_used
Colors_Keywords_Numbers/COLORS_KWords_tw.lua	204	talents_text_colour	inexor#1	9CB0ACF5D56EEA076DFD46DC11302F350772B75D14C137A789DAAEFCE2CD0A11	1698BE932573519A8DE438C75E70F0335EDE5069F6C585752CBE2732EC0D895C	Colors_Keywords_Numbers/COLORS_KWords.lua:293	Colors_Keywords_Numbers/COLORS_KWords_tw.lua:270	keyword	no	yes	yes	yes	KEEP		ED3-COLORS-RECHECK-014	match	definition_used
Colors_Keywords_Numbers/COLORS_KWords_tw.lua	205	talents_text_colour	klinvery#1	5D04A946DBB80907F6DF50E20D00C0ECD2BE122A4F85FE6B2E2C9CE08CAB33E7	76563D5507F521D9892FACDBDDD73869F85DE94F05A08BA7BC4A7A9FD0CF3125	Colors_Keywords_Numbers/COLORS_KWords.lua:294	Colors_Keywords_Numbers/COLORS_KWords_tw.lua:271	keyword	no	yes	yes	yes	KEEP		ED3-COLORS-RECHECK-014	match	definition_used
Colors_Keywords_Numbers/COLORS_KWords_tw.lua	206	talents_text_colour	loner#1	CA2C1696F0BAF108CC524A64272E31F1A3501F4470603A0781E3561FDD783332	0025E4FCBE0263559A2D98B5472D2246D5C8478A76160662DF482C1F5C94D6F8	Colors_Keywords_Numbers/COLORS_KWords.lua:295	Colors_Keywords_Numbers/COLORS_KWords_tw.lua:272	keyword	no	no	no	yes	KEEP		ED3-COLORS-RECHECK-014	match	definition_unused
Colors_Keywords_Numbers/COLORS_KWords_tw.lua	207	talents_text_colour	martydom#1	76640FBD94184132157AA7FAF62642DF478B84C522EC3C055F34DA96D745C742	0CE7CC9E6FAA2CE0182E7BE39E2877C1C64266C3616E34162EFDC991B55443C3	Colors_Keywords_Numbers/COLORS_KWords.lua:296	Colors_Keywords_Numbers/COLORS_KWords_tw.lua:273	keyword	no	yes	yes	yes	KEEP		ED3-COLORS-RECHECK-014	match	definition_used
Colors_Keywords_Numbers/COLORS_KWords_tw.lua	208	talents_text_colour	shock_gren#1	76F9BC83994F527E5A12DF7A64B6B7AFC88946CF3CBAC7623D1DDE7E35A23140	1AEC56D18D9C378693DDCE8DDA74457696F1967B170DD589D87F80D58973DDAB	Colors_Keywords_Numbers/COLORS_KWords.lua:298	Colors_Keywords_Numbers/COLORS_KWords_tw.lua:274	keyword	no	yes	yes	yes	KEEP		ED3-COLORS-RECHECK-014	match	definition_used
Colors_Keywords_Numbers/COLORS_KWords_tw.lua	209	talents_text_colour	shock_gren1#1	D6E2AC85439E4A22AD3AD02A0375283F2E2708EE62934F8DCEFC20381D8AC973	37CF8BD8A193C2D6D2B53C0357961FF1669C2ED99780ABA13233227817064366	Colors_Keywords_Numbers/COLORS_KWords.lua:301	Colors_Keywords_Numbers/COLORS_KWords_tw.lua:275	keyword	no	yes	yes	yes	KEEP		ED3-COLORS-RECHECK-014	match	definition_used
Colors_Keywords_Numbers/COLORS_KWords_tw.lua	210	talents_text_colour	Stun_gren#1	D6E2AC85439E4A22AD3AD02A0375283F2E2708EE62934F8DCEFC20381D8AC973	37CF8BD8A193C2D6D2B53C0357961FF1669C2ED99780ABA13233227817064366	Colors_Keywords_Numbers/COLORS_KWords.lua:300	Colors_Keywords_Numbers/COLORS_KWords_tw.lua:276	keyword	no	yes	yes	yes	KEEP		ED3-COLORS-RECHECK-014	match	definition_used
Colors_Keywords_Numbers/COLORS_KWords_tw.lua	211	talents_text_colour	zealous#1	66C67D98D9B00E16CE7B91B3CAE71A7B41B6E6977E16EA910E492E1FAE0CDF8A	18040E774A63DA904B3D2D1DCC0B5ABEBAEB9454A73AD77E057222D43E8240BC	Colors_Keywords_Numbers/COLORS_KWords.lua:304	Colors_Keywords_Numbers/COLORS_KWords_tw.lua:277	keyword	no	yes	yes	yes	KEEP		ED3-COLORS-RECHECK-015	match	definition_used
Colors_Keywords_Numbers/COLORS_KWords_tw.lua	212	talents_text_colour	shroudf#1	55E9DFF77BCC8B7ECCABFB3641C415770F0A0F4DECE5D75A90EF37C36DFEC031	97CC2179E7DC4DF9EE85B56CE0C5F03A89F7E9FE4EB8812E5BD5676A31D16B30	Colors_Keywords_Numbers/COLORS_KWords.lua:303	Colors_Keywords_Numbers/COLORS_KWords_tw.lua:278	keyword	no	yes	yes	yes	KEEP		ED3-COLORS-RECHECK-015	match	definition_used
Colors_Keywords_Numbers/COLORS_KWords_tw.lua	213	talents_text_colour	momentum#1	6DF12372CE94ECFE53A9771A5EE932EC9EF03D488EEE6A2947665E722EC25AAE	2832C4F2D95F1EF46AEF4FA5DBBAF78CA00C5C36B68F23074352711CF6942015	Colors_Keywords_Numbers/COLORS_KWords.lua:297	Colors_Keywords_Numbers/COLORS_KWords_tw.lua:279	keyword	no	yes	no	yes	KEEP		ED3-COLORS-RECHECK-015	match	definition_unused
Colors_Keywords_Numbers/COLORS_KWords_tw.lua	214	talents_text_colour	Arbites_gren#1	7B0387CC62E95EA3C6285A9DC4AB92A40CCF1769232832D2332340724373E081	3F83AD898421D19521AAB95438D4558E7208D82987C1AD9729403BA6D985D830	Colors_Keywords_Numbers/COLORS_KWords.lua:343	Colors_Keywords_Numbers/COLORS_KWords_tw.lua:281	keyword	no	yes	yes	yes	KEEP		ED3-COLORS-RECHECK-015	match	definition_used
Colors_Keywords_Numbers/COLORS_KWords_tw.lua	215	talents_text_colour	BreaknDissent#1	52699BB120427C0CF4E1556C2518CBA4B0651A15ACF60A103DB1A37B01530166	13D7B1A371FE79A976D11B3AD83E717A11AB24481504EDACB9CCBACB29E4758B	Colors_Keywords_Numbers/COLORS_KWords.lua:345	Colors_Keywords_Numbers/COLORS_KWords_tw.lua:282	keyword	no	yes	yes	yes	KEEP		ED3-COLORS-RECHECK-015	match	definition_used
Colors_Keywords_Numbers/COLORS_KWords_tw.lua	216	talents_text_colour	BreakZLine#1	6BFE0790AAB8CFC558F7FC5A23F21714C68220631E9E399A5C3100CA975D1B1A	412A67353CA19A0457015151A70DB1E21D93BA98697157164E16963AEC67D976	Colors_Keywords_Numbers/COLORS_KWords.lua:344	Colors_Keywords_Numbers/COLORS_KWords_tw.lua:283	keyword	no	yes	yes	yes	KEEP		ED3-COLORS-RECHECK-015	match	definition_used
Colors_Keywords_Numbers/COLORS_KWords_tw.lua	217	talents_text_colour	CastigatorSt#1	27C60C9D19B36433439C13B33F00FA16D502F9D8716026CBCF8D6CC76CAF5591	D7CF6AEEE4EC26E63A17FDCE4B3BEE64E9D6FFE0F310498D0690F98A61C04AEB	Colors_Keywords_Numbers/COLORS_KWords.lua:346	Colors_Keywords_Numbers/COLORS_KWords_tw.lua:284	keyword	no	yes	yes	yes	KEEP		ED3-COLORS-RECHECK-015	match	definition_used
Colors_Keywords_Numbers/COLORS_KWords_tw.lua	218	talents_text_colour	Electro_mine#1	0E36F8A1CBCC9A5A3D6C1F2D5A6645252F3EC7973482B48B10EE4A9761EF746B	21DD8033CC455D8CBD394C5679AE014E4148D105C6BCB5A17D7BBCFFB30AE904	Colors_Keywords_Numbers/COLORS_KWords.lua:347	Colors_Keywords_Numbers/COLORS_KWords_tw.lua:285	keyword	no	yes	yes	yes	KEEP		ED3-COLORS-RECHECK-015	match	definition_used
Colors_Keywords_Numbers/COLORS_KWords_tw.lua	219	talents_text_colour	ExecutOrder#1	53F8D43A70E5D89C6BC8098A8530056E253B45744F7633A59778208F4A934601	FBD85F14418307609EFCC8B4B06E5C08ECAF35CA74F033A3A962A4C33FD4AEFC	Colors_Keywords_Numbers/COLORS_KWords.lua:348	Colors_Keywords_Numbers/COLORS_KWords_tw.lua:286	keyword	no	yes	yes	yes	KEEP		ED3-COLORS-RECHECK-015	match	definition_used
Colors_Keywords_Numbers/COLORS_KWords_tw.lua	220	talents_text_colour	Nuncio_aquila#1	14DAE911F79BB8EE62B508E9B82F5ECC9217FCA1926AAA9FEA7729EA6893BF5D	DABCE5E04D59E19F3D2ACFAB080F49E5BAA8E1CC76F3BB0CB53DE57AAEAC83D9	Colors_Keywords_Numbers/COLORS_KWords.lua:350	Colors_Keywords_Numbers/COLORS_KWords_tw.lua:287	keyword	no	yes	yes	yes	KEEP		ED3-COLORS-RECHECK-015	match	definition_used
Colors_Keywords_Numbers/COLORS_KWords_tw.lua	221	talents_text_colour	PartozSquad#1	6FC2FBF101D6D751BA92E73BBFD9FA2BEADCA3FA90BBF41227A4BE4586C555C2	BE13A9C7F22C5F5B750AAA080D89C29B5233678204C5F7AACA35AAE79C191896	Colors_Keywords_Numbers/COLORS_KWords.lua:351	Colors_Keywords_Numbers/COLORS_KWords_tw.lua:288	keyword	no	yes	yes	yes	KEEP		ED3-COLORS-RECHECK-015	match	definition_used
Colors_Keywords_Numbers/COLORS_KWords_tw.lua	222	talents_text_colour	RemoteDeton#1	CAB09041327F83B0F4B084FA80CC5D06CD126F2434DCB5F6C166E4022CB91011	15DBC387C9AFFE4CD4C14F3D7F222333802B5C7E638E74D467321ACB99DD6361	Colors_Keywords_Numbers/COLORS_KWords.lua:352	Colors_Keywords_Numbers/COLORS_KWords_tw.lua:289	keyword	no	yes	yes	yes	KEEP		ED3-COLORS-RECHECK-015	match	definition_used
Colors_Keywords_Numbers/COLORS_KWords_tw.lua	223	talents_text_colour	RuthlEffcy#1	1EEEA9B2E408F7E3A5C599D8C7FFB274BBBD6B538D68540FDF512C463D14B32B	6C6CF5F04EBB0FCFEFC4277723BFB5F3EFDF54C1919DBCC38F83C7752DB692F0	Colors_Keywords_Numbers/COLORS_KWords.lua:353	Colors_Keywords_Numbers/COLORS_KWords_tw.lua:290	keyword	no	yes	yes	yes	KEEP		ED3-COLORS-RECHECK-015	match	definition_used
Colors_Keywords_Numbers/COLORS_KWords_tw.lua	224	talents_text_colour	TerminusWarr#1	9C62AEBF99802290CB2FAE7D36047AC9C66AA7731313B7B523FFBE47982E59CA	2656D8AB999908ABD97541F9FB7F7E7063014F2A3FA7950693A5D5DCC3F9CD40	Colors_Keywords_Numbers/COLORS_KWords.lua:354	Colors_Keywords_Numbers/COLORS_KWords_tw.lua:291	keyword	no	yes	yes	yes	KEEP		ED3-COLORS-RECHECK-015	match	definition_used
Colors_Keywords_Numbers/COLORS_KWords_tw.lua	225	talents_text_colour	Arcgren#1	27358FA3FCD05342BC45F06B57109E17B170A5DF232A623D222AC48E2DF44E00	33950A79B6463F3DAC63E2F1BC37417F9E60F3E412C13225BC24284741C074FB	Colors_Keywords_Numbers/COLORS_KWords.lua:370	Colors_Keywords_Numbers/COLORS_KWords_tw.lua:293	keyword	yes	no	yes	yes	KEEP		ED3-COLORS-RECHECK-015	match	definition_used
Colors_Keywords_Numbers/COLORS_KWords_tw.lua	226	talents_text_colour	PowerOverload#1	93E348ADBD1BC53B546B12337A83927F05413A78D5A255F4317E879C881B481B	544D893458C4467EB595F090BED9687AB157E8B6A6FCE7F0E119020729ACDBD0	Colors_Keywords_Numbers/COLORS_KWords.lua:372	Colors_Keywords_Numbers/COLORS_KWords_tw.lua:294	keyword	yes	yes	yes	yes	KEEP		ED3-COLORS-RECHECK-016	match	definition_used
Colors_Keywords_Numbers/COLORS_KWords_tw.lua	227	talents_text_colour	VoltaicExpander#1	1CC6313DE9F95F7FC2D5CA3B089DFC3E187545B29BE47B25B197A77B6226AA6F	6FFF3B305A4ADCB8617B615BF352F5FADFB06E9B866379B3D4A8D01A538738D8	Colors_Keywords_Numbers/COLORS_KWords.lua:371	Colors_Keywords_Numbers/COLORS_KWords_tw.lua:295	keyword	yes	yes	yes	yes	KEEP		ED3-COLORS-RECHECK-016	match	definition_used
Colors_Keywords_Numbers/COLORS_KWords_tw.lua	228	talents_text_colour	WeaponMalfunction#1	7458A2A8CEDA5296C7D131AAD4AC1069CE2712361911923C6470F9843BC06312	23929378FF5D44ED9AD3A52F2F3F368BFFEC0B0B5C46A246F46EA2B24060CB74	Main_Modules/TALENTS/TALENTS_Skitarii.lua:210 (English usage)	Colors_Keywords_Numbers/COLORS_KWords_tw.lua:296	keyword	yes	yes	yes	yes	KEEP		ED3-COLORS-RECHECK-016	match	definition_used
Colors_Keywords_Numbers/COLORS_KWords_tw.lua	229	talents_text_colour	Anarchist#1	B4498F2BD3C5F74CE3089318449ABF12629130638B4EE1205A728327EA67129A	0F9221A90F2353093EAEC929A2B9E36E56ABFA12F95C2B70B3B9A3BE5BE995E1	Colors_Keywords_Numbers/COLORS_KWords.lua:357	Colors_Keywords_Numbers/COLORS_KWords_tw.lua:298	keyword	no	yes	yes	yes	KEEP		ED3-COLORS-RECHECK-016	match	definition_used
Colors_Keywords_Numbers/COLORS_KWords_tw.lua	230	talents_text_colour	Blinder#1	4B029C8D30211B96D55884967F318D6CC9AA9CFE9803D6D416B6E0EFD486C149	EC2C8C63FF6494CB592641825720ACC9BA14CDB56FC0D22407FA0E6035B3A85C	Colors_Keywords_Numbers/COLORS_KWords.lua:358	Colors_Keywords_Numbers/COLORS_KWords_tw.lua:299	keyword	no	yes	yes	yes	KEEP		ED3-COLORS-RECHECK-016	match	definition_used
Colors_Keywords_Numbers/COLORS_KWords_tw.lua	231	talents_text_colour	BoomBringer#1	5C8337AB24577BBC4C4D19FAA12DB3084AE5E66660C90BC2EB90AEE5EBB89561	B42394212F21E23B7FA86537DDA52D421597B64E9EF345B8251C892699A21B85	Colors_Keywords_Numbers/COLORS_KWords.lua:359	Colors_Keywords_Numbers/COLORS_KWords_tw.lua:300	keyword	no	yes	yes	yes	KEEP		ED3-COLORS-RECHECK-016	match	definition_used
Colors_Keywords_Numbers/COLORS_KWords_tw.lua	232	talents_text_colour	Cartel_Stimm#1	5ABF9153CD5E0B5C12433086255FB49DF0AC21713B5BDEC390368E72B8A7F0B0	EE32E00D57C916AC6359C340DCC7E768B8A9F9B7D73F711B918061F6A5D2BDD3	Colors_Keywords_Numbers/COLORS_KWords.lua:110	Colors_Keywords_Numbers/COLORS_KWords_tw.lua:301	keyword	no	no	yes	yes	KEEP		ED3-COLORS-RECHECK-016	match	definition_used
Colors_Keywords_Numbers/COLORS_KWords_tw.lua	233	talents_text_colour	ChemGrenade#1	4FB3C9BD24E6EDDB27C17543E9C7999EC5C0BFB772858F532F8DD6BE515450B8	17E2044C446C862CBCAFD68D682A77B468FE139B373A38A71E33B990A1CC391C	Colors_Keywords_Numbers/COLORS_KWords.lua:361	Colors_Keywords_Numbers/COLORS_KWords_tw.lua:302	keyword	no	yes	yes	yes	KEEP		ED3-COLORS-RECHECK-016	match	definition_used
Colors_Keywords_Numbers/COLORS_KWords_tw.lua	234	talents_text_colour	ChemDepend#1	1A0C89B9407C7976C86375357216863F91D315BA1B375322B8818297452846E5	077F2B06555C6C1EA1DC7F6FFD1104A38F2BC7139CBD60894D327DECCB355196	Colors_Keywords_Numbers/COLORS_KWords.lua:360	Colors_Keywords_Numbers/COLORS_KWords_tw.lua:303	keyword	no	yes	yes	yes	KEEP		ED3-COLORS-RECHECK-016	match	definition_used
Colors_Keywords_Numbers/COLORS_KWords_tw.lua	235	talents_text_colour	Desperad#1	DD857F23A4B09389C74C2B2C9C86B9B1020B44B7745D532D738CCD2C1B15FDB1	220D7665ED923385158C6BBEB059285D730FB30BA4349143BF8B2F2FE8549143	Colors_Keywords_Numbers/COLORS_KWords.lua:362	Colors_Keywords_Numbers/COLORS_KWords_tw.lua:304	keyword	no	yes	yes	yes	KEEP		ED3-COLORS-RECHECK-016	match	definition_used
Colors_Keywords_Numbers/COLORS_KWords_tw.lua	236	talents_text_colour	Gunslinger#1	A99FD38CC9DD372E3D7A6ED2D6E0D784EEF1C7D1702F3EBD15D0C5252CE7970F	4B0F5A6C948B93F4489B4B6F94A01EB08FDA73A305215A50C3CB2106C5380453	Colors_Keywords_Numbers/COLORS_KWords.lua:363	Colors_Keywords_Numbers/COLORS_KWords_tw.lua:305	keyword	no	yes	yes	yes	KEEP		ED3-COLORS-RECHECK-016	match	definition_used
Colors_Keywords_Numbers/COLORS_KWords_tw.lua	237	talents_text_colour	Rampag#1	2A7A9185C9DEC1F11F6F2EB5851B6863F860006E03992DB9460E4179A9720C18	2EF3335C8591EC3185537BB2F7E4E8C816EDD4A35C83FEC17B60A70700B69F05	Colors_Keywords_Numbers/COLORS_KWords.lua:364	Colors_Keywords_Numbers/COLORS_KWords_tw.lua:306	keyword	yes	yes	yes	yes	KEEP		ED3-COLORS-RECHECK-016	match	definition_used
Colors_Keywords_Numbers/COLORS_KWords_tw.lua	238	talents_text_colour	Ruffian#1	A850F96C02EE9B8013CABA8F31015881A411155D43F4B6E287CB3FE44A1B84CA	5A29FEC241B57A8314496B85C368173108E5D6F9CCBA3906B684784E394FCFD7	Colors_Keywords_Numbers/COLORS_KWords.lua:365	Colors_Keywords_Numbers/COLORS_KWords_tw.lua:307	keyword	no	yes	yes	yes	KEEP		ED3-COLORS-RECHECK-016	match	definition_used
Colors_Keywords_Numbers/COLORS_KWords_tw.lua	239	talents_text_colour	StimmSupply#1	00E2CD519C46E9ADDE4F1BDE6F37429047838293B9FEBFE059848EEC3402D35D	077F2B06555C6C1EA1DC7F6FFD1104A38F2BC7139CBD60894D327DECCB355196	Colors_Keywords_Numbers/COLORS_KWords.lua:366	Colors_Keywords_Numbers/COLORS_KWords_tw.lua:308	keyword	no	yes	yes	yes	KEEP		ED3-COLORS-RECHECK-016	match	definition_used
Colors_Keywords_Numbers/COLORS_KWords_tw.lua	240	talents_text_colour	VulturesMark#1	ABC54EFE8F456BEFF2B55324ACAB1BBA53A7A240D612675C00770D1BAFC8542D	E79CC24E1B81D065126690D406EA416086B27C38F7678FC950F266193E91FEF7	Colors_Keywords_Numbers/COLORS_KWords.lua:367	Colors_Keywords_Numbers/COLORS_KWords_tw.lua:309	keyword	no	yes	yes	yes	KEEP		ED3-COLORS-RECHECK-016	match	definition_used
Colors_Keywords_Numbers/COLORS_KWords_tw.lua	241	talents_text_colour	AdrenFrenz#1	A3C2BBB047347B49ECD6DCAA3DF29271014B7090CAA07B366983AEBADCE53496	F2C648B2CF816DB2CAB71F517BF8F2ED07CC8D1ADBB85597F4C65918BB1CAB11	Colors_Keywords_Numbers/COLORS_KWords.lua:356	Colors_Keywords_Numbers/COLORS_KWords_tw.lua:310	keyword	no	yes	yes	yes	KEEP		ED3-COLORS-RECHECK-017	match	definition_used
Colors_Keywords_Numbers/COLORS_KWords_tw.lua	242	talents_text_colour	Viscosity#1	187E8FA049AB4F8AE4AC3E33F15979153156E75D838FE16FE1CA101B665ACC0D	520CCBA07F90B36428A9E9AC6492350E8B2163E80CED11AA57809F9C479B779D	Colors_Keywords_Numbers/COLORS_KWords.lua:368	Colors_Keywords_Numbers/COLORS_KWords_tw.lua:311	keyword	no	no	yes	yes	KEEP		ED3-COLORS-RECHECK-017	match	definition_used
Colors_Keywords_Numbers/COLORS_KWords_tw.lua	243	talents_text_colour	Assail#1	F6F962328C416829FBEE58BAA97B03A5D2787A51A0011B1204D4BC9D9CB4DAB9	AF0C612A4D52FDAD910F417D6D45B30FA5DFE52675238DF7F4540D94C62FF4C2	Colors_Keywords_Numbers/COLORS_KWords.lua:306	Colors_Keywords_Numbers/COLORS_KWords_tw.lua:313	keyword	no	yes	yes	yes	KEEP		ED3-COLORS-RECHECK-017	match	definition_used
Colors_Keywords_Numbers/COLORS_KWords_tw.lua	244	talents_text_colour	assail#1	F6F962328C416829FBEE58BAA97B03A5D2787A51A0011B1204D4BC9D9CB4DAB9	AF0C612A4D52FDAD910F417D6D45B30FA5DFE52675238DF7F4540D94C62FF4C2	Colors_Keywords_Numbers/COLORS_KWords.lua:307	Colors_Keywords_Numbers/COLORS_KWords_tw.lua:314	keyword	no	yes	yes	yes	KEEP		ED3-COLORS-RECHECK-017	match	definition_used
Colors_Keywords_Numbers/COLORS_KWords_tw.lua	245	talents_text_colour	Brain_burst#1	C589F6FE2E18F6C6835C04D6779DB65EE2F7E992FFF8C092E9143112FDA7CEEA	ADB79F972661F9DB8DC017F79DDC76ED54109276036F862448DAB4C82067E15C	Colors_Keywords_Numbers/COLORS_KWords.lua:308	Colors_Keywords_Numbers/COLORS_KWords_tw.lua:315	keyword	no	yes	yes	yes	KEEP		ED3-COLORS-RECHECK-017	match	definition_used
Colors_Keywords_Numbers/COLORS_KWords_tw.lua	246	talents_text_colour	Brain_rupture#1	9A62BC61C1385A398A2E80360B5148F0410D0E59CCBBD9F742086FC50604B0B6	EF82CB2B9740C519E7E6230F5DC7B5785522CF1EC7725DB9C6B43420532027F5	Colors_Keywords_Numbers/COLORS_KWords.lua:309	Colors_Keywords_Numbers/COLORS_KWords_tw.lua:316	keyword	no	yes	yes	yes	KEEP		ED3-COLORS-RECHECK-017	match	definition_used
Colors_Keywords_Numbers/COLORS_KWords_tw.lua	247	talents_text_colour	bburst#1	C589F6FE2E18F6C6835C04D6779DB65EE2F7E992FFF8C092E9143112FDA7CEEA	ADB79F972661F9DB8DC017F79DDC76ED54109276036F862448DAB4C82067E15C	Colors_Keywords_Numbers/COLORS_KWords.lua:310	Colors_Keywords_Numbers/COLORS_KWords_tw.lua:317	keyword	no	yes	no	yes	KEEP		ED3-COLORS-RECHECK-017	match	definition_unused
Colors_Keywords_Numbers/COLORS_KWords_tw.lua	248	talents_text_colour	bburst1#1	9A62BC61C1385A398A2E80360B5148F0410D0E59CCBBD9F742086FC50604B0B6	EF82CB2B9740C519E7E6230F5DC7B5785522CF1EC7725DB9C6B43420532027F5	Colors_Keywords_Numbers/COLORS_KWords.lua:311	Colors_Keywords_Numbers/COLORS_KWords_tw.lua:318	keyword	no	yes	no	yes	KEEP		ED3-COLORS-RECHECK-017	match	definition_unused
Colors_Keywords_Numbers/COLORS_KWords_tw.lua	249	talents_text_colour	disrdest#1	0625365F47F03A6FD117879AAC7B46B4E6132646421D1DE36B6472BB71066A9C	A751314A5B0369D5078B672FF2BA176894483BDF508B7941B7B06026EC38839C	Colors_Keywords_Numbers/COLORS_KWords.lua:312	Colors_Keywords_Numbers/COLORS_KWords_tw.lua:319	keyword	no	yes	yes	yes	KEEP		ED3-COLORS-RECHECK-017	match	definition_used
Colors_Keywords_Numbers/COLORS_KWords_tw.lua	250	talents_text_colour	Enfeeble#1	D9154690FBB9B400F6CF6DA9F3DF8AE9F3F057911A71A0B5EA8D6FF58B11DED2	6B70E4A38B887E040B5C23265B99A1289DE28225C6F5FD4DAC4FC5E8AE12B353	Colors_Keywords_Numbers/COLORS_KWords.lua:313	Colors_Keywords_Numbers/COLORS_KWords_tw.lua:320	keyword	no	yes	yes	yes	KEEP		ED3-COLORS-RECHECK-017	match	definition_used
Colors_Keywords_Numbers/COLORS_KWords_tw.lua	251	talents_text_colour	empsionics#1	EE33310868853FCF5D711ECD4731A890194F182D4FBD89ACE96D7342CAE05D14	64C808A06440999BE8223C4788F9035D51F2A8A2BC91BC39302421C3FD8FE8A1	Colors_Keywords_Numbers/COLORS_KWords.lua:314	Colors_Keywords_Numbers/COLORS_KWords_tw.lua:321	keyword	no	yes	yes	yes	KEEP		ED3-COLORS-RECHECK-017	match	definition_used
Colors_Keywords_Numbers/COLORS_KWords_tw.lua	252	talents_text_colour	kinetpres#1	1F062FB4649B23F9210623662B27E376E1D4A62DC82910C6EA6C2C179075390A	68C5C0E5DA00603A1A9E84A4DBE4C2A092EB1334E0A9BAC65FEA9BD6D46B6DCF	Colors_Keywords_Numbers/COLORS_KWords.lua:315	Colors_Keywords_Numbers/COLORS_KWords_tw.lua:322	keyword	no	yes	yes	yes	KEEP		ED3-COLORS-RECHECK-017	match	definition_used
Colors_Keywords_Numbers/COLORS_KWords_tw.lua	253	talents_text_colour	prescience#1	51FD44FA4116DBEB6E6CD67505C87BC2B4E7819C34D92FD52B610320F560A418	0B2CC839D3A44314F3545603F17862B2A57F3C348768DB438B6DD3C5876C3B8A	Colors_Keywords_Numbers/COLORS_KWords.lua:316	Colors_Keywords_Numbers/COLORS_KWords_tw.lua:323	keyword	no	yes	yes	yes	KEEP		ED3-COLORS-RECHECK-017	match	definition_used
Colors_Keywords_Numbers/COLORS_KWords_tw.lua	254	talents_text_colour	psy_wrath#1	CC45E698B9B353738B075953C6B0D94DE1C06461E2B8C572DF7D0D057A6E3584	3B8FCD5C430952000077729DDCF4E5A4B34801E6FE6EC3DB2233F4DA83DC8EA0	Colors_Keywords_Numbers/COLORS_KWords.lua:317	Colors_Keywords_Numbers/COLORS_KWords_tw.lua:324	keyword	no	yes	yes	yes	KEEP		ED3-COLORS-RECHECK-017	match	definition_used
Colors_Keywords_Numbers/COLORS_KWords_tw.lua	255	talents_text_colour	psy_wrath2#1	7F5452CC4EDAEC02B2263165B960FEE5714F53ACBCE2E399F6E0402E2F0637D7	F2EDC8BF88D0757DF1191E3DC3C4B723F82749EF67657BF77F51A50722A2B628	Colors_Keywords_Numbers/COLORS_KWords.lua:318	Colors_Keywords_Numbers/COLORS_KWords_tw.lua:325	keyword	no	yes	yes	yes	KEEP		ED3-COLORS-RECHECK-017	match	definition_used
Colors_Keywords_Numbers/COLORS_KWords_tw.lua	256	talents_text_colour	Scrier_gaze#1	24F222B179F7435CAE9EDDB64E8080CA12034610FCDFA966200D64F534DA296F	401AE210811148BB02333D3CC475E61058AF1A67CB6410518C9DE1210F58CBAE	Colors_Keywords_Numbers/COLORS_KWords.lua:319	Colors_Keywords_Numbers/COLORS_KWords_tw.lua:326	keyword	no	yes	yes	yes	KEEP		ED3-COLORS-RECHECK-018	match	definition_used
Colors_Keywords_Numbers/COLORS_KWords_tw.lua	257	talents_text_colour	Scriers_gaze#1	254141D9DAA29C6A342B879D92ACCCD5459868013C11E4AE795EE8B45D90F174	401AE210811148BB02333D3CC475E61058AF1A67CB6410518C9DE1210F58CBAE	Colors_Keywords_Numbers/COLORS_KWords.lua:320	Colors_Keywords_Numbers/COLORS_KWords_tw.lua:327	keyword	no	yes	yes	yes	KEEP		ED3-COLORS-RECHECK-018	match	definition_used
Colors_Keywords_Numbers/COLORS_KWords_tw.lua	258	talents_text_colour	scriersgaze#1	254141D9DAA29C6A342B879D92ACCCD5459868013C11E4AE795EE8B45D90F174	401AE210811148BB02333D3CC475E61058AF1A67CB6410518C9DE1210F58CBAE	Colors_Keywords_Numbers/COLORS_KWords.lua:321	Colors_Keywords_Numbers/COLORS_KWords_tw.lua:328	keyword	no	yes	no	yes	KEEP		ED3-COLORS-RECHECK-018	match	definition_unused
Colors_Keywords_Numbers/COLORS_KWords_tw.lua	259	talents_text_colour	seerspres#1	C9B49B90FD904F1945942D01D5C65ADC461FF218670ADE244AAF7F0A4038116E	4E059BB029BF3BB5B0B32B1B47E877CF7C219876A02DD27AD24EF2D4F42BFDCB	Colors_Keywords_Numbers/COLORS_KWords.lua:322	Colors_Keywords_Numbers/COLORS_KWords_tw.lua:329	keyword	no	yes	yes	yes	KEEP		ED3-COLORS-RECHECK-018	match	definition_used
Colors_Keywords_Numbers/COLORS_KWords_tw.lua	260	talents_text_colour	Smite#1	A76B8F0E55B9E652E9DCE4F712CE459B390815B83ABBA0362CC03BAAEBCCFCDC	E90DA0E1A086A2231A336E08A929AD019DEF552A4C3EB5FF768B1EB8B62E113D	Colors_Keywords_Numbers/COLORS_KWords.lua:323	Colors_Keywords_Numbers/COLORS_KWords_tw.lua:330	keyword	no	yes	yes	yes	KEEP		ED3-COLORS-RECHECK-018	match	definition_used
Colors_Keywords_Numbers/COLORS_KWords_tw.lua	261	talents_text_colour	smite#1	A76B8F0E55B9E652E9DCE4F712CE459B390815B83ABBA0362CC03BAAEBCCFCDC	E90DA0E1A086A2231A336E08A929AD019DEF552A4C3EB5FF768B1EB8B62E113D	Colors_Keywords_Numbers/COLORS_KWords.lua:324	Colors_Keywords_Numbers/COLORS_KWords_tw.lua:331	keyword	no	yes	no	yes	KEEP		ED3-COLORS-RECHECK-018	match	definition_unused
Colors_Keywords_Numbers/COLORS_KWords_tw.lua	262	talents_text_colour	telekshii#1	D5E70275BBEC69C9C41B35B73A1A0CED5727C80A84646909E3705E4A4278C336	0D0CF956D5327F2776A2D4EDBBF038EC939CAB8FD2F6EADFFC0C91261F517634	Colors_Keywords_Numbers/COLORS_KWords.lua:325	Colors_Keywords_Numbers/COLORS_KWords_tw.lua:332	keyword	no	yes	yes	yes	KEEP		ED3-COLORS-RECHECK-018	match	definition_used
Colors_Keywords_Numbers/COLORS_KWords_tw.lua	263	talents_text_colour	closenkill#1	1DD340F3B7D09C7D86B146663841893F963E3D6291ED718DDD3AD915DB162B9E	C458AF6C1BA50B88FAF5A9B0817E926BE8AC079E7E6E437F93F0956ABAB588DB	Colors_Keywords_Numbers/COLORS_KWords.lua:263	Colors_Keywords_Numbers/COLORS_KWords_tw.lua:334	keyword	no	yes	yes	yes	KEEP		ED3-COLORS-RECHECK-018	match	definition_used
Colors_Keywords_Numbers/COLORS_KWords_tw.lua	264	talents_text_colour	Duty_honor#1	61496134E250789A13F3B05CC1234C83AAF536B69B232FC9C912926B2E594672	EEC99744F616365E8B96578183EFCF19753DF3B6B481494CD3A285DCF2615A03	Colors_Keywords_Numbers/COLORS_KWords.lua:264	Colors_Keywords_Numbers/COLORS_KWords_tw.lua:335	keyword	no	yes	no	yes	KEEP		ED3-COLORS-RECHECK-018	match	definition_unused
Colors_Keywords_Numbers/COLORS_KWords_tw.lua	265	talents_text_colour	exec_stan#1	314357DA67E8DB69ED8289688F451D13B369F943027A8EECF66FECC1E887187C	C252BC39CECA0F337A24F6732066BEB7EFF1159B67A6F84CFB140FCAC5E1C6A5	Colors_Keywords_Numbers/COLORS_KWords.lua:265	Colors_Keywords_Numbers/COLORS_KWords_tw.lua:336	keyword	no	yes	yes	yes	KEEP		ED3-COLORS-RECHECK-018	match	definition_used
Colors_Keywords_Numbers/COLORS_KWords_tw.lua	266	talents_text_colour	fcs_trg#1	41B3F77E73BA89F86866F1000F57C322F8083CD63123EF1326B2BE163E4FB59C	CB96E99C2F75ACD543C1569916176937DDA828CD4053548C04388DA3EC82D397	Colors_Keywords_Numbers/COLORS_KWords.lua:266	Colors_Keywords_Numbers/COLORS_KWords_tw.lua:337	keyword	no	yes	yes	yes	KEEP		ED3-COLORS-RECHECK-018	match	definition_used
Colors_Keywords_Numbers/COLORS_KWords_tw.lua	267	talents_text_colour	firetim#1	0A26602AD79200C04FA135EA69BEA14E5E902557879DCDFCB11B907CCE53DD44	D683906F7D6CD112132B492A09EF90F44097E2876A8F209B3F3F86BD170CA9EB	Colors_Keywords_Numbers/COLORS_KWords.lua:267	Colors_Keywords_Numbers/COLORS_KWords_tw.lua:338	keyword	no	yes	yes	yes	KEEP		ED3-COLORS-RECHECK-018	match	definition_used
Colors_Keywords_Numbers/COLORS_KWords_tw.lua	268	talents_text_colour	Frag_gren#1	846BE9E74F3CFFC2FE2816E4791056D57C7CDC9A6F8901E2D504BE055CC6AE11	19D66EF25F4DD4D9096DBF6F4C08C2FAB9B3CC21565B449F778FCA4BDF512D06	Colors_Keywords_Numbers/COLORS_KWords.lua:268	Colors_Keywords_Numbers/COLORS_KWords_tw.lua:339	keyword	no	yes	yes	yes	KEEP		ED3-COLORS-RECHECK-018	match	definition_used
Colors_Keywords_Numbers/COLORS_KWords_tw.lua	269	talents_text_colour	Fragm_gren#1	0D622455D84EF1550912C0CE7A9AFD5552B39178F2B9CF0C406CD554B124A526	19D66EF25F4DD4D9096DBF6F4C08C2FAB9B3CC21565B449F778FCA4BDF512D06	Colors_Keywords_Numbers/COLORS_KWords.lua:270	Colors_Keywords_Numbers/COLORS_KWords_tw.lua:340	keyword	no	yes	yes	yes	KEEP		ED3-COLORS-RECHECK-018	match	definition_used
Colors_Keywords_Numbers/COLORS_KWords_tw.lua	270	talents_text_colour	frag_gr#1	846BE9E74F3CFFC2FE2816E4791056D57C7CDC9A6F8901E2D504BE055CC6AE11	19D66EF25F4DD4D9096DBF6F4C08C2FAB9B3CC21565B449F778FCA4BDF512D06	Colors_Keywords_Numbers/COLORS_KWords.lua:269	Colors_Keywords_Numbers/COLORS_KWords_tw.lua:341	keyword	no	yes	yes	yes	KEEP		ED3-COLORS-RECHECK-018	match	definition_used
Colors_Keywords_Numbers/COLORS_KWords_tw.lua	271	talents_text_colour	shfrag_gr#1	535BD9DB54E4DDC56580ADBB73AFD97A9BAF9861D934E4EB2582EBE00ADF6C05	EE239E3ED1DF315079E9B9C983EF1CF5548FBDFC4F6C43D3CF90427C961C254B	Colors_Keywords_Numbers/COLORS_KWords.lua:275	Colors_Keywords_Numbers/COLORS_KWords_tw.lua:342	keyword	no	yes	yes	yes	KEEP		ED3-COLORS-RECHECK-019	match	definition_used
Colors_Keywords_Numbers/COLORS_KWords_tw.lua	272	talents_text_colour	infiltr#1	4262FF51AC0472E4B02768B995BD24D01918A040DE789027E327E5AEBBA1950C	C45C28783BE3D53E7B72162D81C4EDF87E5E299920801B3D0C9A07C75E5BE4AC	Colors_Keywords_Numbers/COLORS_KWords.lua:271	Colors_Keywords_Numbers/COLORS_KWords_tw.lua:343	keyword	no	yes	yes	yes	KEEP		ED3-COLORS-RECHECK-019	match	definition_used
Colors_Keywords_Numbers/COLORS_KWords_tw.lua	273	talents_text_colour	krak_gr#1	477A87E77A033DEB53A3551E149BED2098CA1E03A549DC6C4412873DD5814C2B	591B7979F0F2DCB86FFB0CF64780EE6400111601219514E9CDF428847F7963C7	Colors_Keywords_Numbers/COLORS_KWords.lua:272	Colors_Keywords_Numbers/COLORS_KWords_tw.lua:344	keyword	no	yes	yes	yes	KEEP		ED3-COLORS-RECHECK-019	match	definition_used
Colors_Keywords_Numbers/COLORS_KWords_tw.lua	274	talents_text_colour	Rangd_stnc#1	2042969A02CF736DBD397CB31EB25A7437F5882A229CEC8C2134CEC06A468488	7FF2103AA23067275D3993CB40E07EAF64B8559A11864837BDEA4B9B9C4E729D	Colors_Keywords_Numbers/COLORS_KWords.lua:273	Colors_Keywords_Numbers/COLORS_KWords_tw.lua:345	keyword	no	no	yes	yes	KEEP		ED3-COLORS-RECHECK-019	match	definition_used
Colors_Keywords_Numbers/COLORS_KWords_tw.lua	275	talents_text_colour	scavenger#1	80E901E100CF079FD20342C028EC6E4A315A7FA8A7FB096BC334C563B2930E27	AE2B8DF3C5870623D0FEFD2849E2034BCCF0448677CC6F909C088E227F227721	Colors_Keywords_Numbers/COLORS_KWords.lua:274	Colors_Keywords_Numbers/COLORS_KWords_tw.lua:346	keyword	no	yes	yes	yes	KEEP		ED3-COLORS-RECHECK-019	match	definition_used
Colors_Keywords_Numbers/COLORS_KWords_tw.lua	276	talents_text_colour	snipcon#1	60940E77ECB37E605518C2DD5E89C99EF6A42E2248918FB168D46268A9A55064	031FF893ECCE89DBCAAC8B25D4138CFE37E4D580564C882EA26B2ACBED4737B7	Colors_Keywords_Numbers/COLORS_KWords.lua:276	Colors_Keywords_Numbers/COLORS_KWords_tw.lua:347	keyword	no	yes	yes	yes	KEEP		ED3-COLORS-RECHECK-019	match	definition_used
Colors_Keywords_Numbers/COLORS_KWords_tw.lua	277	talents_text_colour	smok_gr#1	B293156084F4B807D44144D541A233E2AA4925910DF7AA83464EE280C6ABBB61	30A460F1DCB6C9294D9317E702CC0527D71E0D654085AACAA3255B58C9AB6DAC	Colors_Keywords_Numbers/COLORS_KWords.lua:277	Colors_Keywords_Numbers/COLORS_KWords_tw.lua:348	keyword	no	yes	yes	yes	KEEP		ED3-COLORS-RECHECK-019	match	definition_used
Colors_Keywords_Numbers/COLORS_KWords_tw.lua	278	talents_text_colour	survivalist#1	944B48C9972420DA6BBB8C300CAC7CB9ECE882FFE21EA772C486627434201D23	F3AB72E6655E3EDABD689E8DCA9901888559A083BF15E4F73B65F5CEAC747F15	Colors_Keywords_Numbers/COLORS_KWords.lua:278	Colors_Keywords_Numbers/COLORS_KWords_tw.lua:349	keyword	no	yes	yes	yes	KEEP		ED3-COLORS-RECHECK-019	match	definition_used
Colors_Keywords_Numbers/COLORS_KWords_tw.lua	279	talents_text_colour	voiceoc#1	FE06B949DA7D00B28E09D8FDD378AC53920D9C75083FCB6956431CE756B18750	CAE39296617CFC185742F37540CCD8B8EC0F9841EA7705FC9711BC27484C5FBB	Colors_Keywords_Numbers/COLORS_KWords.lua:279	Colors_Keywords_Numbers/COLORS_KWords_tw.lua:350	keyword	no	yes	yes	yes	KEEP		ED3-COLORS-RECHECK-019	match	definition_used
Colors_Keywords_Numbers/COLORS_KWords_tw.lua	280	talents_text_colour	volley_fire#1	4DB34365059C86DC436F226259EE076DF87F9D2DCFA96F9E93C4A64918297FC4	93FDEBC83B120F75FBCF5F5A69F8F82C68CF095D4B1CAA8D310BDC5B99F1373B	Colors_Keywords_Numbers/COLORS_KWords.lua:280	Colors_Keywords_Numbers/COLORS_KWords_tw.lua:351	keyword	no	yes	yes	yes	KEEP		ED3-COLORS-RECHECK-019	match	definition_used
Colors_Keywords_Numbers/COLORS_KWords_tw.lua	281	talents_text_colour	weapspec#1	FA457E3A21E2B2D79ADA791AE4F69D896302E3F076FBD4E2271ECD1E583130B5	55E0EFBE20A360489DE2496F044B7CA95A77EA125B0A4394A83ED57C7ACD86AB	Colors_Keywords_Numbers/COLORS_KWords.lua:281	Colors_Keywords_Numbers/COLORS_KWords_tw.lua:352	keyword	no	yes	yes	yes	KEEP		ED3-COLORS-RECHECK-019	match	definition_used
Colors_Keywords_Numbers/COLORS_KWords_tw.lua	282	talents_text_colour	Att_Seeker#1	DF0B31EC74FB96DB1B4D4080C2C2041BB9C518EFAB6DED9A85CDAF6649B0C8CF	1C6BFED3DECF427F270645E39FDF3DBDFE386BC85E3F77E9547625E204FBD932	Colors_Keywords_Numbers/COLORS_KWords.lua:327	Colors_Keywords_Numbers/COLORS_KWords_tw.lua:354	keyword	no	yes	yes	yes	KEEP		ED3-COLORS-RECHECK-019	match	definition_used
Colors_Keywords_Numbers/COLORS_KWords_tw.lua	283	talents_text_colour	big_box#1	64134D22B9AE8ABB3F649F16A6FC31D877BD7B20BA4DBC566ADB248B41634BD2	B424136A3DBC1653B9985E1FE099AD98C3A71E4F537BE8E2198F2BCD23443F33	Colors_Keywords_Numbers/COLORS_KWords.lua:328	Colors_Keywords_Numbers/COLORS_KWords_tw.lua:355	keyword	no	yes	yes	yes	KEEP		ED3-COLORS-RECHECK-019	match	definition_used
Colors_Keywords_Numbers/COLORS_KWords_tw.lua	284	talents_text_colour	big_box2#1	BA89BDAD2BDE41227ADE5CBEAE4D10D5E5E5BCB5046A468FA3260616176C5238	14BD35C118B56A091917B86E0592356343DE883B5C2A2E63755A92E585A2EA58	Colors_Keywords_Numbers/COLORS_KWords.lua:329	Colors_Keywords_Numbers/COLORS_KWords_tw.lua:356	keyword	yes	yes	yes	yes	KEEP		ED3-COLORS-RECHECK-019	match	definition_used
Colors_Keywords_Numbers/COLORS_KWords_tw.lua	285	talents_text_colour	bigfriendro#1	F45C2A23802EE1C4F8D7EF681D752C0C2CBBF379D091C80EDDA2CE3132EA4DF0	7DDB578E7952523CDF3DE5CCB8EEB74BB945E294334295B5FCA4CD87FE95AD95	Colors_Keywords_Numbers/COLORS_KWords.lua:330	Colors_Keywords_Numbers/COLORS_KWords_tw.lua:357	keyword	no	yes	yes	yes	KEEP		ED3-COLORS-RECHECK-019	match	definition_used
Colors_Keywords_Numbers/COLORS_KWords_tw.lua	286	talents_text_colour	bonebraura#1	D0B96DDD97B7ED45CFDE8A714FC7FB7A867A7407469FED72A01B4773E7BAE933	BB3DF2E7BD26D83C122613FAA4FBA1E1D4B5D6C0A79FB8E147ED0D7BD4EB155C	Colors_Keywords_Numbers/COLORS_KWords.lua:331	Colors_Keywords_Numbers/COLORS_KWords_tw.lua:358	keyword	no	yes	yes	yes	KEEP		ED3-COLORS-RECHECK-020	match	definition_used
Colors_Keywords_Numbers/COLORS_KWords_tw.lua	287	talents_text_colour	bull_rush#1	4538B3B007E41907FD1096AB95BDD9DF48AC7C38C4BF47070CCEC193C8D4E431	6DB4FD5B68EB219357E7796C1469373C447C05F690CACE9D4F81891C6CA8AA96	Colors_Keywords_Numbers/COLORS_KWords.lua:332	Colors_Keywords_Numbers/COLORS_KWords_tw.lua:359	keyword	no	yes	yes	yes	KEEP		ED3-COLORS-RECHECK-020	match	definition_used
Colors_Keywords_Numbers/COLORS_KWords_tw.lua	288	talents_text_colour	bull_rush4#1	0F9A86F67DF03D3A90423FBA9DE83418D907E9900EE83A4A312FE4D77B2D53C0	34BE86E3A932EB6106C7839304BB7FD5CA76BA5310F71A01CF07945734C89956	Colors_Keywords_Numbers/COLORS_KWords.lua:333	Colors_Keywords_Numbers/COLORS_KWords_tw.lua:360	keyword	no	yes	yes	yes	KEEP		ED3-COLORS-RECHECK-020	match	definition_used
Colors_Keywords_Numbers/COLORS_KWords_tw.lua	289	talents_text_colour	burstlimo#1	54F4A95608B5CC5AEB4CF05AD09D67BBDE7768EA975C1143B5B6B6B337A6A186	270565D2EB18016BE8498DB4F7DD36C9E3F6D78162733368AA2F2279BBAC95E8	Colors_Keywords_Numbers/COLORS_KWords.lua:334	Colors_Keywords_Numbers/COLORS_KWords_tw.lua:361	keyword	no	yes	yes	yes	KEEP		ED3-COLORS-RECHECK-020	match	definition_used
Colors_Keywords_Numbers/COLORS_KWords_tw.lua	290	talents_text_colour	cowculaura#1	BEA304827F1B67BC3D9C8B5E02B44564630FB850B58877E519D45AE0092D506E	24939DFC88C9D74B64D80159196F78C4B98D554DB303CE75123127A4DFD51169	Colors_Keywords_Numbers/COLORS_KWords.lua:335	Colors_Keywords_Numbers/COLORS_KWords_tw.lua:362	keyword	no	yes	yes	yes	KEEP		ED3-COLORS-RECHECK-020	match	definition_used
Colors_Keywords_Numbers/COLORS_KWords_tw.lua	291	talents_text_colour	feelnop#1	007BBA6F1BD60CD5F627ECB2AAB978F84FA78D3F8CDFD0A3D933FA6AC757BD07	825E51C02452548CECF7F521717EB8C6A4039D2B97F0128856DDE8D72ED56A70	Colors_Keywords_Numbers/COLORS_KWords.lua:336	Colors_Keywords_Numbers/COLORS_KWords_tw.lua:363	keyword	no	yes	yes	yes	KEEP		ED3-COLORS-RECHECK-020	match	definition_used
Colors_Keywords_Numbers/COLORS_KWords_tw.lua	292	talents_text_colour	fragbomb#1	FBFBB13390FF38B47EC186F987ADF3CE0192346B10EEFA9028CCFA0A12B67F10	568990F8E23A82698DA2AB9D40E089F65E20B33D17D936BA6BA6D3F15BCBE913	Colors_Keywords_Numbers/COLORS_KWords.lua:337	Colors_Keywords_Numbers/COLORS_KWords_tw.lua:364	keyword	no	yes	yes	yes	KEEP		ED3-COLORS-RECHECK-020	match	definition_used
Colors_Keywords_Numbers/COLORS_KWords_tw.lua	293	talents_text_colour	heavyhitter#1	551BA6AAF4B12C5FB9741AF626846E6630A22517C37E895473146CFAEDB5FAFE	CAA8F01FFF38053BCFF8E5B45733D8DBDBA78FF69D860FDA725F410AC0A47DB2	Colors_Keywords_Numbers/COLORS_KWords.lua:338	Colors_Keywords_Numbers/COLORS_KWords_tw.lua:365	keyword	no	yes	yes	yes	KEEP		ED3-COLORS-RECHECK-020	match	definition_used
Colors_Keywords_Numbers/COLORS_KWords_tw.lua	294	talents_text_colour	loyalprot#1	7B036BA85E48E74DEF1809AE4765AEA896717BC14B454348D38591F297924EC1	5E8876722A7C3B1BA7E7C1332CACE246B23C70E3FAD428907B72124D3D5ED254	Colors_Keywords_Numbers/COLORS_KWords.lua:339	Colors_Keywords_Numbers/COLORS_KWords_tw.lua:366	keyword	no	yes	yes	yes	KEEP		ED3-COLORS-RECHECK-020	match	definition_used
Colors_Keywords_Numbers/COLORS_KWords_tw.lua	295	talents_text_colour	pbbarrage#1	26C360916969CE56ED784359E2C8919151ABEEF564FF6BF7EF692971282A3475	B3E27D70D5E627213DA5157A240B3AF333EBDDA128E4C31682929A7745D31720	Colors_Keywords_Numbers/COLORS_KWords.lua:340	Colors_Keywords_Numbers/COLORS_KWords_tw.lua:367	keyword	no	yes	yes	yes	KEEP		ED3-COLORS-RECHECK-020	match	definition_used
Colors_Keywords_Numbers/COLORS_KWords_tw.lua	296	talents_text_colour	stayclose#1	9540B5EEADF9936D01DAD24CCC258F449FDB89DB042E3BA49263BF4C491B02D0	76AACADCC76E07FA9409E5505CA4C1A54AF532F33E8525B3D2875B0A778E95CA	Colors_Keywords_Numbers/COLORS_KWords.lua:341	Colors_Keywords_Numbers/COLORS_KWords_tw.lua:368	keyword	yes	yes	yes	yes	KEEP		ED3-COLORS-RECHECK-020	match	definition_used
Colors_Keywords_Numbers/COLORS_KWords_tw.lua	297	talents_text_colour	Base_tut_p#1	8E8A160FB7FFA144E03EDBC8F69F80AB68CB2D98B6D78B09FFD71AC4E9B1BBB4	E9E89CDEDE93BC9C82D41812EE8667B5C991266E599A541C64D54D50B3458848	Colors_Keywords_Numbers/COLORS_KWords.lua:375	Colors_Keywords_Numbers/COLORS_KWords_tw.lua:370	keyword	no	no	yes	yes	KEEP		ED3-COLORS-RECHECK-020	match	definition_used
Colors_Keywords_Numbers/COLORS_KWords_tw.lua	298	talents_text_colour	Curio_p#1	09F742F9021D5EADA59BD33C51543EF61F1ABF80205471410CA61E82E43BE581	3FFA506172D1E36D7B63137DF7502C82AC4B77D5AC56A3083337E0998441183E	Colors_Keywords_Numbers/COLORS_KWords.lua:376	Colors_Keywords_Numbers/COLORS_KWords_tw.lua:371	keyword	no	yes	yes	yes	KEEP		ED3-COLORS-RECHECK-020	match	definition_used
Colors_Keywords_Numbers/COLORS_KWords_tw.lua	299	talents_text_colour	Omnissia_p#1	D5859D4A0181C0182655315DA144D7733665B826867E5273E41706A37DB8AD65	FF2016C220BF920B47461C5D49C75252EBC9CD14429493D69092B2F28DFDF872	Colors_Keywords_Numbers/COLORS_KWords.lua:377	Colors_Keywords_Numbers/COLORS_KWords_tw.lua:372	keyword	no	no	yes	yes	KEEP		ED3-COLORS-RECHECK-020	match	definition_used
Colors_Keywords_Numbers/COLORS_KWords_tw.lua	300	talents_text_colour	Prologue_p#1	B35C631DD4F9B046A4EC185CE16B01CF7908CB24CD84A0BC679EFAB9804E8C98	2FEEF35A727DF5FBF272F41D3CFBC194F6720184656A0CEA4F6F458BCFE9882B	Colors_Keywords_Numbers/COLORS_KWords.lua:379	Colors_Keywords_Numbers/COLORS_KWords_tw.lua:373	keyword	no	no	yes	yes	KEEP		ED3-COLORS-RECHECK-020	match	definition_used
Colors_Keywords_Numbers/COLORS_KWords_tw.lua	301	talents_text_colour	PthOTrst_p#1	E66556FA0B4B55FEABC8B56F314CDBB19A925857E71C29AD502B8867BECB4A93	49A5F0C5CFEB88C6B796CFEE9C2F256C58C0EFB0AB2A572C2981ABB99A182CE9	Colors_Keywords_Numbers/COLORS_KWords.lua:378	Colors_Keywords_Numbers/COLORS_KWords_tw.lua:374	keyword	no	no	yes	yes	KEEP		ED3-COLORS-RECHECK-021	match	definition_used
Colors_Keywords_Numbers/COLORS_KWords_tw.lua	302	talents_text_colour	Sir_melk_p#1	F5154AED0160A597C0EE5CAC7490B1CB020708D64A9B77D76E40D757FD7B1653	893933D08778A7829A8605584302D71F9587E9A216848C517BC7D7D92571CCEF	Colors_Keywords_Numbers/COLORS_KWords.lua:380	Colors_Keywords_Numbers/COLORS_KWords_tw.lua:375	keyword	no	no	yes	yes	KEEP		ED3-COLORS-RECHECK-021	match	definition_used
Colors_Keywords_Numbers/COLORS_KWords_tw.lua	303	uprising_text_colour	uprising_text_colour#1	50FB44B8525BCC9834A064E8F12370AF8FD81E45FC145350E3F5ABFF68E540C8	A01C1778D9392ECF098BF2C1B1FAAAFC55030236944DDD5AF8AE89E796A232A9	Colors_Keywords_Numbers/COLORS_KWords.lua:387	Colors_Keywords_Numbers/COLORS_KWords_tw.lua:382	keyword_group_structure	no	yes	no	yes	SKIP	CONTAINER_STRUCTURE	ED3-COLORS-RECHECK-021	not_applicable	not_applicable
Colors_Keywords_Numbers/COLORS_KWords_tw.lua	304	uprising_text_colour	uprising#1	CEC5BCA7685AF32DE999673871B805CCD563194DB4CD733DF5D754E577012D87	1D658D8170A6BC6D5D283C416D107334026F0E42C102DCD13D0FC9A526601985	Colors_Keywords_Numbers/COLORS_KWords.lua:388	Colors_Keywords_Numbers/COLORS_KWords_tw.lua:383	keyword	no	yes	yes	yes	KEEP		ED3-COLORS-RECHECK-021	match	definition_used
Colors_Keywords_Numbers/COLORS_KWords_tw.lua	305	malice_text_colour	malice_text_colour#1	4F022416A3BB3796408CC0FBB88952EBB86C0D37F1340260A23309EF9F3C5D04	6D181D5EA66985A292C568E29EFD375D435AACAE1838FC6ED8796A76F6FC85AB	Colors_Keywords_Numbers/COLORS_KWords.lua:390	Colors_Keywords_Numbers/COLORS_KWords_tw.lua:385	keyword_group_structure	no	yes	no	yes	SKIP	CONTAINER_STRUCTURE	ED3-COLORS-RECHECK-021	not_applicable	not_applicable
Colors_Keywords_Numbers/COLORS_KWords_tw.lua	306	malice_text_colour	malice#1	603E7385D40C6221BD0DBDDFFB71AACD0CA36372983FE72C8DA832F57B05380C	5A45C8D2A8FA0F86FFD80C3D769CEA6F28265C2F108DBF5E01DE1A608ECE3603	Colors_Keywords_Numbers/COLORS_KWords.lua:391	Colors_Keywords_Numbers/COLORS_KWords_tw.lua:386	keyword	no	yes	yes	yes	KEEP		ED3-COLORS-RECHECK-021	match	definition_used
Colors_Keywords_Numbers/COLORS_KWords_tw.lua	307	heresy_text_colour	heresy_text_colour#1	A2C476747515A66FE0AA2DFC48FF4F4D4765305D2B30293BA4552A054D5608B3	EC587FA3BB4BCA03492F0F92B284B9CB3F1388DB4B8930E90B0D3F8C011FA444	Colors_Keywords_Numbers/COLORS_KWords.lua:393	Colors_Keywords_Numbers/COLORS_KWords_tw.lua:388	keyword_group_structure	no	yes	no	yes	SKIP	CONTAINER_STRUCTURE	ED3-COLORS-RECHECK-021	not_applicable	not_applicable
Colors_Keywords_Numbers/COLORS_KWords_tw.lua	308	heresy_text_colour	heresy#1	7548C19D381CCC43C5426E3F5588004C4EC4FF95DE7D75F5C4403C6917DFB26B	2828868351040306AB4333B7FAD4316BEE0E6C5DB71C0788E5D83B4047FB3D46	Colors_Keywords_Numbers/COLORS_KWords.lua:394	Colors_Keywords_Numbers/COLORS_KWords_tw.lua:389	keyword	no	yes	yes	yes	KEEP		ED3-COLORS-RECHECK-021	match	definition_used
Colors_Keywords_Numbers/COLORS_KWords_tw.lua	309	damnation_text_colour	damnation_text_colour#1	5FFC71795E8BB5B6BDB02B15D26212DAEA49F53FF60AA6200770FDEB9411F794	7725EF601614FEBE42B9763E906A8F16296826612B153B8A89411BEAFE89C70E	Colors_Keywords_Numbers/COLORS_KWords.lua:396	Colors_Keywords_Numbers/COLORS_KWords_tw.lua:391	keyword_group_structure	no	yes	no	yes	SKIP	CONTAINER_STRUCTURE	ED3-COLORS-RECHECK-021	not_applicable	not_applicable
Colors_Keywords_Numbers/COLORS_KWords_tw.lua	310	damnation_text_colour	damnation#1	472025FEAF816C4C122AE2770A090CA0D4DA6FB1C66B715F7E08C544C5774679	F20A1AFB088756189EF6DE31CC7725DC526E5DF01865F95D57F1A389D2C02EFD	Colors_Keywords_Numbers/COLORS_KWords.lua:397	Colors_Keywords_Numbers/COLORS_KWords_tw.lua:392	keyword	no	yes	yes	yes	KEEP		ED3-COLORS-RECHECK-021	match	definition_used
Colors_Keywords_Numbers/COLORS_KWords_tw.lua	311	auric_text_colour	auric_text_colour#1	4B6C0564F6AC36BBDB850EED6421FAF0C811272366A1A27DF3931E1D6DE49F69	1B3CF954522EC2752DB91FBF84F4BB1DD1D6C53D5848DB40E17D6D2821FEABB7	Colors_Keywords_Numbers/COLORS_KWords.lua:399	Colors_Keywords_Numbers/COLORS_KWords_tw.lua:394	keyword_group_structure	no	no	no	yes	SKIP	CONTAINER_STRUCTURE	ED3-COLORS-RECHECK-021	not_applicable	not_applicable
Colors_Keywords_Numbers/COLORS_KWords_tw.lua	312	auric_text_colour	auric#1	149EE0339A4BC92BBBD4C0514AB667C94801D5B1131A4783DAEDE6656409B1FB	3BF8B10538CA8A59E2F92AAFB96D6E896F29665CF1765BD4279B89561CC0B9BA	Colors_Keywords_Numbers/COLORS_KWords.lua:400	Colors_Keywords_Numbers/COLORS_KWords_tw.lua:395	keyword	no	no	no	yes	KEEP		ED3-COLORS-RECHECK-021	match	definition_unused
Colors_Keywords_Numbers/COLORS_KWords_tw.lua	313	dump_stat_text_colour	dump_stat_text_colour#1	4858E344A4781C96F2A618D9D46ECC558C427FD0D72C35E33F2FED0EE39DF9F0	B1F9E283436853A471AC3B604E2A90B60EC336BCE7AD337F5A3CE43C8B3D6546	Colors_Keywords_Numbers/COLORS_KWords.lua:404	Colors_Keywords_Numbers/COLORS_KWords_tw.lua:399	keyword_group_structure	yes	yes	no	yes	SKIP	CONTAINER_STRUCTURE	ED3-COLORS-RECHECK-021	not_applicable	not_applicable
Colors_Keywords_Numbers/COLORS_KWords_tw.lua	314	dump_stat_text_colour	Mobility#1	674C652032690FED40DF14209909376D56B9D94FCD5FB564B60A50CAB5A10C88	9194561E22859EE448F05ABB59803430028B1E5408628D60ECAC0F1670AE5378	Colors_Keywords_Numbers/COLORS_KWords.lua:405	Colors_Keywords_Numbers/COLORS_KWords_tw.lua:400	keyword	yes	yes	yes	yes	KEEP		ED3-COLORS-RECHECK-021	match	definition_used
Colors_Keywords_Numbers/COLORS_KWords_tw.lua	315	dump_stat_text_colour	Melee_dmg#1	C5D7D66AF2C19B25CCB7C0F6A4DEFFC0853F38DE9901151251D7FA0E05A8D0A1	0B3B3887DE3948621AA92A3A6D2B529A87BB757E9F0A257C4EBEADD3F474F3D6	Colors_Keywords_Numbers/COLORS_KWords.lua:406	Colors_Keywords_Numbers/COLORS_KWords_tw.lua:401	keyword	no	no	yes	yes	KEEP		ED3-COLORS-RECHECK-021	match	definition_used
Colors_Keywords_Numbers/COLORS_KWords_tw.lua	316	dump_stat_text_colour	Warp_resist#1	2F80B8500CE198F586567559D3817B15C92A219A5F317C5DBB218B4432D4056F	DBCA425CC3EE0FD0BC0B524CCED89CE9536752F4E84B4F5DB32A61D56A79D497	Colors_Keywords_Numbers/COLORS_KWords.lua:407	Colors_Keywords_Numbers/COLORS_KWords_tw.lua:402	keyword	no	yes	yes	yes	KEEP		ED3-COLORS-RECHECK-022	match	definition_used
Colors_Keywords_Numbers/COLORS_KWords_tw.lua	317	dump_stat2_text_colour	dump_stat2_text_colour#1	11A24D6C8CA1C1E1301A91A7AD93C7F4F504133148E43F7D06B296695DA98375	B10FC9C557F1BFE6E9F17DB7084D43A82F279025D45B61C57D4AA9F642BB8696	Colors_Keywords_Numbers/COLORS_KWords.lua:409	Colors_Keywords_Numbers/COLORS_KWords_tw.lua:404	keyword_group_structure	no	yes	no	yes	SKIP	CONTAINER_STRUCTURE	ED3-COLORS-RECHECK-022	not_applicable	not_applicable
Colors_Keywords_Numbers/COLORS_KWords_tw.lua	318	dump_stat2_text_colour	Ammo#1	59A03F3FB088C23FFBC2E327C391E92571BFEA34009DBCD94E6FEBF366B49E97	3592C69B136E1A94F91D60B664ED5495DBF8B97A8228815F058A2652E97AB291	Colors_Keywords_Numbers/COLORS_KWords.lua:410	Colors_Keywords_Numbers/COLORS_KWords_tw.lua:405	keyword	no	no	yes	yes	KEEP		ED3-COLORS-RECHECK-022	match	definition_used
Colors_Keywords_Numbers/COLORS_KWords_tw.lua	319	dump_stat2_text_colour	Defences#1	1497EBC3C79B572F08490D0C501EFA133106A57B1D9B19737B3DD264E32526BF	F895AC7C385550C0C10076CCA529BE0F305AE7A46EB2EEF4D428D7049E84725E	Colors_Keywords_Numbers/COLORS_KWords.lua:411	Colors_Keywords_Numbers/COLORS_KWords_tw.lua:406	keyword	no	no	yes	yes	KEEP		ED3-COLORS-RECHECK-022	match	definition_used
Colors_Keywords_Numbers/COLORS_KWords_tw.lua	320	dump_stat2_text_colour	Heat_mngt#1	B6C0DD08FD65DE109145007B7CCE6613B13978985075C68211A9C83F41A8459D	34E41C5F75A9C0E8F0631C44806AE4BE506442E81448132777C6A7695563ABF1	Colors_Keywords_Numbers/COLORS_KWords.lua:412	Colors_Keywords_Numbers/COLORS_KWords_tw.lua:407	keyword	no	yes	yes	yes	KEEP		ED3-COLORS-RECHECK-022	match	definition_used
Colors_Keywords_Numbers/COLORS_KWords_tw.lua	321	dump_stat3_text_colour	dump_stat3_text_colour#1	FAB6C8757EFB37D33C547051CB45D6A6229B7870AF5A5F9634FC92DD5625F040	D5A3765DCF7C53DB6BF9B128BAB302C6BEA53010D613BEF7CA286A448A27136E	Colors_Keywords_Numbers/COLORS_KWords.lua:414	Colors_Keywords_Numbers/COLORS_KWords_tw.lua:409	keyword_group_structure	no	yes	no	yes	SKIP	CONTAINER_STRUCTURE	ED3-COLORS-RECHECK-022	not_applicable	not_applicable
Colors_Keywords_Numbers/COLORS_KWords_tw.lua	322	dump_stat3_text_colour	DamageDS#1	4D1DE1F709CD7FF8D4533425279C6AA5CDD0D12529BD9BE5E2B9954E454E9CE5	736F518795E892DC1E8DF4374AE6359130F67B6528C87BD0834D976039FC253A	Colors_Keywords_Numbers/COLORS_KWords.lua:415	Colors_Keywords_Numbers/COLORS_KWords_tw.lua:410	keyword	no	yes	yes	yes	KEEP		ED3-COLORS-RECHECK-022	match	definition_used
Colors_Keywords_Numbers/COLORS_KWords_tw.lua	323	structure	color#1	2EBC4B2699BFDA166196842478426A63AD6BA76FC2AA27AF5D263C6FAE1E90E8	2EBC4B2699BFDA166196842478426A63AD6BA76FC2AA27AF5D263C6FAE1E90E8	Colors_Keywords_Numbers/COLORS_KWords.lua:428	Colors_Keywords_Numbers/COLORS_KWords_tw.lua:423	tw_file_structure	no	no	no	yes	SKIP	FILE_STRUCTURE	ED3-COLORS-RECHECK-022	not_applicable	not_applicable
Colors_Keywords_Numbers/COLORS_KWords_tw.lua	324	structure	color#2	F16E15397A7EB56509EBB8DCBCF4E811C533DE6E92042C66AC999AD41C99CE4E	F16E15397A7EB56509EBB8DCBCF4E811C533DE6E92042C66AC999AD41C99CE4E	Colors_Keywords_Numbers/COLORS_KWords.lua:430	Colors_Keywords_Numbers/COLORS_KWords_tw.lua:425	tw_file_structure	no	no	no	yes	SKIP	FILE_STRUCTURE	ED3-COLORS-RECHECK-022	not_applicable	not_applicable
Colors_Keywords_Numbers/COLORS_KWords_tw.lua	325	phrases	Can_appl_thr_shlds#1	2DD477E7BEEDF480E5F6B3CE7A8D7E7BF2228C0294568A710E4DB4746D177E5E	4D0E157D74BF2322F5D0FD9798A37B6890855DBE67E8CD86F557877FAB42DA89	Colors_Keywords_Numbers/COLORS_KWords.lua:457	Colors_Keywords_Numbers/COLORS_KWords_tw.lua:451	phrase	no	no	yes	yes	KEEP		ED3-COLORS-RECHECK-022	match	definition_used
Colors_Keywords_Numbers/COLORS_KWords_tw.lua	326	phrases	Can_appl_thr_shldsb#1	EFE3A869DDC59EF17A1BB02739F471327D5B179745C2653A8E6F927B02796CEC	CC839146893B9A6C46ACFF24B5C0867CF9ACF078B324D8AF2793C0D7CD484A62	Colors_Keywords_Numbers/COLORS_KWords.lua:458	Colors_Keywords_Numbers/COLORS_KWords_tw.lua:452	phrase	no	yes	yes	yes	KEEP		ED3-COLORS-RECHECK-022	match	definition_used
Colors_Keywords_Numbers/COLORS_KWords_tw.lua	327	phrases	Can_be_refr#1	6D26AE31CEE580340E50231C7E5D68C65FA90833FF76AEDD125588EBB31BD8FE	AA2D8FE8FA77DE92F067ADD7738E7EA2772B262A0B6605B79745E64240EF27C6	Colors_Keywords_Numbers/COLORS_KWords.lua:459	Colors_Keywords_Numbers/COLORS_KWords_tw.lua:453	phrase	no	no	yes	yes	KEEP		ED3-COLORS-RECHECK-022	match	definition_used
Colors_Keywords_Numbers/COLORS_KWords_tw.lua	328	phrases	Can_be_refr_drop_1#1	D9E5CC31DD32738370E3FEB1DF62E1F09E7D58E2EE862C0D33C5177BECC25323	79E13E2629D295E9D394BA04F8DAF4C6155104FC9372FDE08DB56C50619FDE89	Colors_Keywords_Numbers/COLORS_KWords.lua:460	Colors_Keywords_Numbers/COLORS_KWords_tw.lua:454	phrase	no	no	yes	yes	KEEP		ED3-COLORS-RECHECK-022	match	definition_used
Colors_Keywords_Numbers/COLORS_KWords_tw.lua	329	phrases	Can_gen_mult#1	7E473492CD319F2FF1132DF7E3DE2D10A9FF4C633DE1C5210DE263D4FFCB6B6E	FB465D2506297755D958F1B60595596A7BE9DC3F4935D806EB5B8A1DC42AA283	Colors_Keywords_Numbers/COLORS_KWords.lua:461	Colors_Keywords_Numbers/COLORS_KWords_tw.lua:455	phrase	yes	no	yes	yes	KEEP		ED3-COLORS-RECHECK-022	match	definition_used
Colors_Keywords_Numbers/COLORS_KWords_tw.lua	330	phrases	Gen_mult_stacks_n_refr#1	A12B52D6161151E04866B4D250BE4F026EBD64F3A4B43610518849D5E60D14A4	5986A8A90AF037FBB0D31ECADA0972647A318B0D0C5CA797EA92BD9DE62B1471	Colors_Keywords_Numbers/COLORS_KWords.lua:459; Colors_Keywords_Numbers/COLORS_KWords.lua:461; Main_Modules/WEAPONS_Blessings_Perks.lua:539,558	Colors_Keywords_Numbers/COLORS_KWords_tw.lua:456	phrase	yes	no	no	yes	ADD	LOOKUP_MISSING	ED3-LOOKUP-GATE-001	match	definition_unused
Colors_Keywords_Numbers/COLORS_KWords_tw.lua	331	phrases	Can_proc_mult#1	1CEDE2DF60A05ED388C57D4754DBD6FD2A7BB9AA1475B80D26A84BA91B87DBCB	D54AABACB5B1FE5CBC7F067369BF20C8CCBF46123C0EE48354C9C0461FB6DB59	Colors_Keywords_Numbers/COLORS_KWords.lua:462	Colors_Keywords_Numbers/COLORS_KWords_tw.lua:457	phrase	yes	yes	yes	yes	KEEP		ED3-COLORS-RECHECK-022	match	resolved
Colors_Keywords_Numbers/COLORS_KWords_tw.lua	332	phrases	Can_proc_mult_str#1	37B0B3DBD4481BF37A07137D72EE94FEB83A27AE51B57C56224DD89356119451	9D3861918DEEDB3E9FE81FA7197A6F813EA7F76358BD5812A8B8B182A5C5F424	Colors_Keywords_Numbers/COLORS_KWords.lua:463	Colors_Keywords_Numbers/COLORS_KWords_tw.lua:458	phrase	no	yes	yes	yes	KEEP		ED3-COLORS-RECHECK-023	match	resolved
Colors_Keywords_Numbers/COLORS_KWords_tw.lua	333	phrases	Refr_dur_stappl#1	C390829E5DC7EAC387D05FF7DA8CC438DF85E0384D2D27D6A6758D87EC191907	1C3362275559A6CC191EDF3039496A725049E68F9A3558ACE431DF724476F036	Colors_Keywords_Numbers/COLORS_KWords.lua:464	Colors_Keywords_Numbers/COLORS_KWords_tw.lua:459	phrase	no	no	yes	yes	KEEP		ED3-COLORS-RECHECK-023	match	definition_used
Colors_Keywords_Numbers/COLORS_KWords_tw.lua	334	phrases	Doesnt_Stack_Psy_Aura#1	9FDE4D942840993F26DDBE7F0CB93F94B40E7FDC874639A2B4F7D23181BDA54F	AF17DAF60598B69A2FB2E9F0846CF0060E8398732B7C3B3F06D2FE25308A57BD	Colors_Keywords_Numbers/COLORS_KWords.lua:466	Colors_Keywords_Numbers/COLORS_KWords_tw.lua:461	phrase	no	yes	yes	yes	KEEP		ED3-COLORS-RECHECK-023	match	resolved
Colors_Keywords_Numbers/COLORS_KWords_tw.lua	335	phrases	Doesnt_Stack_Psy_eff#1	8D0E69A3D4BA8418353EB92923DFC050893E8AE1EEBD2D044834E98E993A684A	FA56ACAF41C4620F4D651797D12A3C5BA536D23A525653D8B89F7B992004ABC1	Colors_Keywords_Numbers/COLORS_KWords.lua:467	Colors_Keywords_Numbers/COLORS_KWords_tw.lua:462	phrase	no	yes	yes	yes	KEEP		ED3-COLORS-RECHECK-023	match	resolved
Colors_Keywords_Numbers/COLORS_KWords_tw.lua	336	phrases	Doesnt_Stack_Vet_Aura#1	B8E2211AF5B50E5C2FF02BC9E298728F6646C033DDEBBC6605B79928F29D3C76	DEAB50519467D905A0CC172D40A7AE47BAD076E714AB4257FA4DF61236B98100	Colors_Keywords_Numbers/COLORS_KWords.lua:469	Colors_Keywords_Numbers/COLORS_KWords_tw.lua:464	phrase	no	yes	yes	yes	KEEP		ED3-COLORS-RECHECK-023	match	resolved
Colors_Keywords_Numbers/COLORS_KWords_tw.lua	337	phrases	Doesnt_Stack_Zea_Aura#1	809E325EA54377CE84FAF6FA674B0BDE2747A3E3F5C6A667B54168AC769D27A8	84F464A782BDD4CEEC32437DEA23B38C55ADE3CA73EFE804AD1C85DD938D5ED1	Colors_Keywords_Numbers/COLORS_KWords.lua:471	Colors_Keywords_Numbers/COLORS_KWords_tw.lua:466	phrase	no	yes	yes	yes	KEEP		ED3-COLORS-RECHECK-023	match	resolved
Colors_Keywords_Numbers/COLORS_KWords_tw.lua	338	phrases	Doesnt_Stack_Zea_abil#1	A49115E33398FA8A7386C88902360856B1F7FEC916F3FFB87C9C0F0BCB0D237A	F4572BD96742672FC6588D2F02D5604759EE68047E8EDC3636238A4A1F4268DB	Colors_Keywords_Numbers/COLORS_KWords.lua:472	Colors_Keywords_Numbers/COLORS_KWords_tw.lua:467	phrase	no	yes	yes	yes	KEEP		ED3-COLORS-RECHECK-023	match	resolved
Colors_Keywords_Numbers/COLORS_KWords_tw.lua	339	phrases	Doesnt_Stack_Ogr_Aura#1	2F5F8C312A512A9DE25D5C803ECAEE1783F3A373497F8D9FF0A5A3BAA1767A27	33750B87762673C9AAA2D48C04F83375E06BA87BEAC5DC26F1502347D035C517	Colors_Keywords_Numbers/COLORS_KWords.lua:474	Colors_Keywords_Numbers/COLORS_KWords_tw.lua:469	phrase	no	yes	yes	yes	KEEP		ED3-COLORS-RECHECK-023	match	resolved
Colors_Keywords_Numbers/COLORS_KWords_tw.lua	340	phrases	Doesnt_Stack_Ogr_abil#1	C1C4A6A605967A88E486D220EFCF92EA1CCD469ED57D39EFBEC38D7155BEFA51	048F34480FCFF213F218B4876712E37E49CDC6C302A4BD9C3FBE23763501BBD5	Colors_Keywords_Numbers/COLORS_KWords.lua:475	Colors_Keywords_Numbers/COLORS_KWords_tw.lua:470	phrase	no	yes	yes	yes	KEEP		ED3-COLORS-RECHECK-023	match	resolved
Colors_Keywords_Numbers/COLORS_KWords_tw.lua	341	phrases	Doesnt_Stack_Scm_Aura#1	735D5ECC7925DCC08CC19CC2601953CA5C1E6A0A22213A5EA844EBD291D78F5F	512ABFEB7DD9C95FBA5ABB8A8C5C7BD4DD1CB4D9B1BCCB5B3892EB3DE96563F6	Colors_Keywords_Numbers/COLORS_KWords.lua:477	Colors_Keywords_Numbers/COLORS_KWords_tw.lua:472	phrase	no	yes	yes	yes	KEEP		ED3-COLORS-RECHECK-023	match	resolved
Colors_Keywords_Numbers/COLORS_KWords_tw.lua	342	phrases	Doesnt_Stack_Scm_eff#1	10AF33697EC8A13D04226860323E7D09AA43A4A7DFA724CBAEF1B0DBF2A93099	968E31510F7B07CBF4B8A80F2D74510178CC37813BC254F6CF23A578DCF36FB6	Colors_Keywords_Numbers/COLORS_KWords.lua:478	Colors_Keywords_Numbers/COLORS_KWords_tw.lua:473	phrase	no	yes	yes	yes	KEEP		ED3-COLORS-RECHECK-023	match	resolved
Colors_Keywords_Numbers/COLORS_KWords_tw.lua	343	phrases	Cant_appl_thr_shlds#1	73AB53B5E20B4F8B2FDA413524E7FB773282FC4BEC030579BE101709638689D8	58F08A8564F4FE8C72A92970FE84857D105A7374D47CC6B49952671A4F248A13	Colors_Keywords_Numbers/COLORS_KWords.lua:479	Colors_Keywords_Numbers/COLORS_KWords_tw.lua:474	phrase	no	no	yes	yes	KEEP		ED3-COLORS-RECHECK-023	match	definition_used
Colors_Keywords_Numbers/COLORS_KWords_tw.lua	344	phrases	Cant_be_refr#1	FCEAA93E219F1A8E2702FF1C95E9DC41A009EE1430C936BC0C2535A8BCD0E9AE	13B73EBF02306BFB21DE5F39DD4DF1F88BC9851DBB5F2064E0C3BD875FF02035	Colors_Keywords_Numbers/COLORS_KWords.lua:481	Colors_Keywords_Numbers/COLORS_KWords_tw.lua:476	phrase	no	no	yes	yes	KEEP		ED3-COLORS-RECHECK-023	match	definition_used
Colors_Keywords_Numbers/COLORS_KWords_tw.lua	345	phrases	Cant_Crit#1	FCABD496DB329A2C6F2B84F905E0FD66375DB4247EE591B4F233CF77C8161D12	5C31961A00DA6937CE954CE4190C760C6A3FAD4D07EC93E20208BF511DF7C1D9	Colors_Keywords_Numbers/COLORS_KWords.lua:482	Colors_Keywords_Numbers/COLORS_KWords_tw.lua:477	phrase	no	yes	yes	yes	KEEP		ED3-COLORS-RECHECK-023	match	resolved
Colors_Keywords_Numbers/COLORS_KWords_tw.lua	346	phrases	Carap_cant_clv#1	AED542577D7350DE336976104F017F97733D8339775BE987F38FA1C3075B48D8	0DA0EFDF3042D31F51E4AAA0055D4F56F74D741C4A6D7EA8268F28FDC0917F21	Colors_Keywords_Numbers/COLORS_KWords.lua:483	Colors_Keywords_Numbers/COLORS_KWords_tw.lua:478	phrase	no	yes	yes	yes	KEEP		ED3-COLORS-RECHECK-023	match	resolved
Colors_Keywords_Numbers/COLORS_KWords_tw.lua	347	phrases	Carap_cant_cleave#1	AED542577D7350DE336976104F017F97733D8339775BE987F38FA1C3075B48D8	0DA0EFDF3042D31F51E4AAA0055D4F56F74D741C4A6D7EA8268F28FDC0917F21	Colors_Keywords_Numbers/COLORS_KWords.lua:484	Colors_Keywords_Numbers/COLORS_KWords_tw.lua:479	phrase	no	yes	yes	yes	KEEP		ED3-COLORS-RECHECK-024	match	resolved
Colors_Keywords_Numbers/COLORS_KWords_tw.lua	348	phrases	Dont_intw_coher_toughn#1	82F417A66B12AD49E95D20FBDC4624F672AF69273D4072D870E8F14DEF736D34	FC501140C8B8BC33962254F2C32203F99F711EE07348E9F893EAFC82C3777085	Colors_Keywords_Numbers/COLORS_KWords.lua:485	Colors_Keywords_Numbers/COLORS_KWords_tw.lua:480	phrase	no	yes	yes	yes	KEEP		ED3-COLORS-RECHECK-024	match	resolved
Colors_Keywords_Numbers/COLORS_KWords_tw.lua	349	notes	Brtl_note#1	9C1B9B5E27BA005CA1DA7C649D7B58C02675B5C6B1C69BB1AF4538DEB12840A5	85FF3C3B75190B2EF905CACBDAA64BC3055E687251B59016A8043BB058937BF6	Colors_Keywords_Numbers/COLORS_KWords.lua:498	Colors_Keywords_Numbers/COLORS_KWords_tw.lua:493	note	no	yes	yes	yes	KEEP		ED3-COLORS-RECHECK-024	match	resolved
Colors_Keywords_Numbers/COLORS_KWords_tw.lua	350	notes	Fns_note#1	6536CE1B443534EB7CB4D457AB1AB0599C68544D34266E476D295809C8622035	DC4C51E394459DFC878C212A26EA5DEFC58E9EE6C4CECAC114F590AA53CA47B1	Colors_Keywords_Numbers/COLORS_KWords.lua:499	Colors_Keywords_Numbers/COLORS_KWords_tw.lua:494	note	no	yes	yes	yes	KEEP		ED3-COLORS-RECHECK-024	match	resolved
Colors_Keywords_Numbers/COLORS_KWords_tw.lua	351	notes	Impact_note#1	F746A9B49802E7A2ABD93830330ED3DB3F5D9013A5114D53061AF9298BA8FF51	0EE2C620E60B4892F3A5E357B5F0C9AF375FB64706A46653CD4E6844AB929270	Colors_Keywords_Numbers/COLORS_KWords.lua:500	Colors_Keywords_Numbers/COLORS_KWords_tw.lua:495	note	no	yes	yes	yes	KEEP		ED3-COLORS-RECHECK-024	match	resolved
Colors_Keywords_Numbers/COLORS_KWords_tw.lua	352	notes	Pwr_note#1	26D996D1F9CE671021FCC5C34D7FB3635219583D16A9004CDBFFF5E1459943C7	89AFCB0131D9BF6A362F88B12BED5D9707CF9AE0E3E570DEBC730673A47FC0C4	Colors_Keywords_Numbers/COLORS_KWords.lua:501	Colors_Keywords_Numbers/COLORS_KWords_tw.lua:496	note	no	yes	yes	yes	KEEP		ED3-COLORS-RECHECK-024	match	resolved
Colors_Keywords_Numbers/COLORS_KWords_tw.lua	353	notes	Rend_note#1	5BE4BAEE453042F9FE34E549DCFF1A86A7D38E9DBCF2688D6A7B00DF2E426734	6CD82630A8BBF6FD052FF79283616B1FFA8D98CA20B04A4E4863C877D9DBD530	Colors_Keywords_Numbers/COLORS_KWords.lua:502	Colors_Keywords_Numbers/COLORS_KWords_tw.lua:497	note	no	yes	yes	yes	KEEP		ED3-COLORS-RECHECK-024	match	resolved
Colors_Keywords_Numbers/COLORS_KWords_tw.lua	354	notes	Weaksp_note#1	14F3E8E70865FEF36708436ACD2ADE84B132FB6BE1CC6DF819F72760E3BD9D90	0533FB3742FC95105621EB87C67FBFDB691269A811CB67616C28B70DD224211F	Colors_Keywords_Numbers/COLORS_KWords.lua:503	Colors_Keywords_Numbers/COLORS_KWords_tw.lua:498	note	no	yes	yes	yes	KEEP		ED3-COLORS-RECHECK-024	match	resolved
Colors_Keywords_Numbers/COLORS_KWords_tw.lua	355	structure	keywords#1	15ED2E48B9A94CB678337B006FEC5B1DEB128056D1B758DE82A3F5241C94CC4B	15ED2E48B9A94CB678337B006FEC5B1DEB128056D1B758DE82A3F5241C94CC4B	Colors_Keywords_Numbers/COLORS_KWords.lua:512	Colors_Keywords_Numbers/COLORS_KWords_tw.lua:507	tw_file_structure	no	no	no	yes	SKIP	FILE_STRUCTURE	ED3-COLORS-RECHECK-024	not_applicable	not_applicable
Colors_Keywords_Numbers/COLORS_KWords_tw.lua	356	structure	phrs#1	1C7A8721179EE95E528CC097AD190713A90B9209E87F190FF5EDADF756C9C5BA	395CE77FC3FAD29D1F64BF8D1A5ABDCD4F244AD75C9680E8B3B10197ED7D29EE	Colors_Keywords_Numbers/COLORS_KWords.lua:513	Colors_Keywords_Numbers/COLORS_KWords_tw.lua:508	tw_file_structure	no	no	no	yes	SKIP	FILE_STRUCTURE	ED3-COLORS-RECHECK-024	not_applicable	not_applicable
Colors_Keywords_Numbers/COLORS_KWords_tw.lua	357	structure	nts#1	44F4E9FFBE24C2E9B1672FB3C9AF0B05F9474272B34FC2973E15FDAB362DEA7F	FF3461648CB3810BCC8A29238A5B38132ACE49E9DC1F8761DA1BAF3ECD97F249	Colors_Keywords_Numbers/COLORS_KWords.lua:514	Colors_Keywords_Numbers/COLORS_KWords_tw.lua:509	tw_file_structure	no	no	no	yes	SKIP	FILE_STRUCTURE	ED3-COLORS-RECHECK-024	not_applicable	not_applicable
Main_Modules/MENUS.lua	1	localization_table	loc_currency_name_plasteel	09E2B01C0946DBB034702443249C069B859AB9773A5BBB80C0F1C803E62B48AE	6E83044ABFDE85348F6185B8699493AB9A814FDE0E195E063EAA7269AB3EA703	Main_Modules/MENUS.lua:39 (official localization fallback table)	Main_Modules/MENUS.lua:39 (no active zh-tw)	localization_fallback	no	yes	no	yes	SKIP	OFFICIAL_LOCALIZATION_FALLBACK	ED3-MENUS-RECHECK-001	fallback	none
Main_Modules/MENUS.lua	2	localization_table	loc_pickup_large_metal	774A07A5D32E39F100337483F06A178E381D79C40B525FE1FCBDD50092BFAF3A	6E83044ABFDE85348F6185B8699493AB9A814FDE0E195E063EAA7269AB3EA703	Main_Modules/MENUS.lua:43 (official localization fallback table)	Main_Modules/MENUS.lua:43 (no active zh-tw)	localization_fallback	no	yes	no	yes	SKIP	OFFICIAL_LOCALIZATION_FALLBACK	ED3-MENUS-RECHECK-001	fallback	none
Main_Modules/MENUS.lua	3	localization_table	loc_pickup_small_metal	CF96A8BC4A90316AE1C885B90C95B7159AC17A505CC0EB3911723D184AC2EED2	6E83044ABFDE85348F6185B8699493AB9A814FDE0E195E063EAA7269AB3EA703	Main_Modules/MENUS.lua:47 (official localization fallback table)	Main_Modules/MENUS.lua:47 (no active zh-tw)	localization_fallback	no	yes	no	yes	SKIP	OFFICIAL_LOCALIZATION_FALLBACK	ED3-MENUS-RECHECK-001	fallback	none
Main_Modules/MENUS.lua	4	localization_table	loc_currency_name_diamantine	A8D940955EC1B7E9EB5894471BD2DED0E2D93ACB66BBB371CD3D80A06C710ABF	6E83044ABFDE85348F6185B8699493AB9A814FDE0E195E063EAA7269AB3EA703	Main_Modules/MENUS.lua:51 (official localization fallback table)	Main_Modules/MENUS.lua:51 (no active zh-tw)	localization_fallback	no	yes	no	yes	SKIP	OFFICIAL_LOCALIZATION_FALLBACK	ED3-MENUS-RECHECK-001	fallback	none
Main_Modules/MENUS.lua	5	localization_table	loc_pickup_large_platinum	B7761F790DF854ABEE31899AE8992B78E6390923577C259D2601EEB4477D58EB	6E83044ABFDE85348F6185B8699493AB9A814FDE0E195E063EAA7269AB3EA703	Main_Modules/MENUS.lua:55 (official localization fallback table)	Main_Modules/MENUS.lua:55 (no active zh-tw)	localization_fallback	no	yes	no	yes	SKIP	OFFICIAL_LOCALIZATION_FALLBACK	ED3-MENUS-RECHECK-001	fallback	none
Main_Modules/MENUS.lua	6	localization_table	loc_pickup_small_platinum	1908A3BE0335F69EBCDCDFD727F18AAF04AB190DCC419142F09732C9668DB34A	6E83044ABFDE85348F6185B8699493AB9A814FDE0E195E063EAA7269AB3EA703	Main_Modules/MENUS.lua:59 (official localization fallback table)	Main_Modules/MENUS.lua:59 (no active zh-tw)	localization_fallback	no	yes	no	yes	SKIP	OFFICIAL_LOCALIZATION_FALLBACK	ED3-MENUS-RECHECK-001	fallback	none
Main_Modules/MENUS.lua	7	localization_table	loc_inspect_input_description_alternate_inspect_start	D6E968ED5DF7EAA1394BF38C92772BBF3B9E6881E27D358CE003D4579114D09A	6E83044ABFDE85348F6185B8699493AB9A814FDE0E195E063EAA7269AB3EA703	Main_Modules/MENUS.lua:65 (official localization fallback table)	Main_Modules/MENUS.lua:65 (no active zh-tw)	localization_fallback	no	no	no	yes	SKIP	OFFICIAL_LOCALIZATION_FALLBACK	ED3-MENUS-RECHECK-001	fallback	none
Main_Modules/MENUS.lua	8	localization_table	loc_inspect_input_description_alternate_inspect_stop	218A959E01EB975C524B61FF54C6D448B70E8C00C89F1E4541CD0ECAE5401B18	6E83044ABFDE85348F6185B8699493AB9A814FDE0E195E063EAA7269AB3EA703	Main_Modules/MENUS.lua:69 (official localization fallback table)	Main_Modules/MENUS.lua:69 (no active zh-tw)	localization_fallback	no	no	no	yes	SKIP	OFFICIAL_LOCALIZATION_FALLBACK	ED3-MENUS-RECHECK-001	fallback	none
Main_Modules/MENUS.lua	9	localization_table	loc_contracts_task_label_collect_pickups	F373545DF19484B39EC31FA010732222C529B958E0185695AD864DB9D77206BB	F2F81D0C528AE2D5BF826CA5A4D71C3B719D1A0C2ED739A3041B5FF03523EE41	Main_Modules/MENUS.lua:77	Main_Modules/MENUS.lua:79	localization_table	no	no	yes	yes	KEEP		ED3-MENUS-RECHECK-001	match	resolved
Main_Modules/MENUS.lua	10	localization_table	loc_contracts_task_label_kill_bosses	0887416C44C1625B0DE6A7099FFCB303C13CB92736EB4F3A869436EE19A2D7A5	41D5D4D46E53975AAB8E1B39E8C57D4C792C0F6D037F3BE908B79FB27A1C7CB5	Main_Modules/MENUS.lua:84	Main_Modules/MENUS.lua:86	localization_table	no	yes	yes	yes	CHANGE	TERMINOLOGY;GRAMMAR	ED3-MENUS-RECHECK-001	match	resolved
Main_Modules/MENUS.lua	11	localization_table	loc_contracts_task_label_collect_resources	CE486DD5413CA8AA362E5C8DB2693D41028AA062EF7C25849049FEE3711C5FEA	94D5E29851D385E85C488D6AD76E0EEBF7E1EE0BC0E296A2E20A7CB743D6377E	Main_Modules/MENUS.lua:91	Main_Modules/MENUS.lua:93	localization_table	no	no	yes	yes	KEEP		ED3-MENUS-RECHECK-001	match	resolved
Main_Modules/MENUS.lua	12	localization_table	loc_contracts_task_label_kill_minions	AB2DE1BD91407CB50722DECF13BED75D0D3CF9DA514CE35FB50C265FE192616F	43EF6D3C1F2E491B2E074FA3B75131FD86D2C736F1EC4E39FA469C9A96B4DF35	Main_Modules/MENUS.lua:98	Main_Modules/MENUS.lua:100	localization_table	no	no	yes	yes	KEEP		ED3-MENUS-RECHECK-001	match	resolved
Main_Modules/MENUS.lua	13	localization_table	loc_contracts_task_label_complete_missions	E6A3F43212F7D0E3AF88226A2FB698FEF416732D601FA7CBD6D17CD27DB5BE4F	96EC3E7CB3266AB1560554C02BE895A08FB550167BA01796221B0F7FCA28E8FB	Main_Modules/MENUS.lua:105	Main_Modules/MENUS.lua:107	localization_table	no	no	yes	yes	KEEP		ED3-MENUS-RECHECK-001	match	resolved
Main_Modules/MENUS.lua	14	localization_table	loc_contracts_task_label_complete_mission_no_death	8D0D94E70F7E38BA28F27A4C5F5E9C2421921C9461D3E3F17198B3F92A060938	DDA5285875250F67CE8FEB46454A98B26D053045B45A259AC4EF7002558BFEB6	Main_Modules/MENUS.lua:112	Main_Modules/MENUS.lua:114	localization_table	no	no	yes	yes	KEEP		ED3-MENUS-RECHECK-001	match	resolved
Main_Modules/MENUS.lua	15	localization_table	loc_contract_view_intro_description	386CF717BB8CE436B3FB3050061561DC7FCDE4FEBE36E258367609F14755DB76	B52084507587943D96CA4016D262935F42E835B6555B3394065CC8531F0BD577	Main_Modules/MENUS.lua:118 (official localization fallback table)	Main_Modules/MENUS.lua:121	localization_table	no	no	no	yes	KEEP		ED3-MENUS-RECHECK-001	source_missing	none
Main_Modules/MENUS.lua	16	localization_table	loc_contract_view_intro_title	28FF396D5A607642D9440C894B1F96AF7FA582163B52E1189761FBE6877B3FEB	893933D08778A7829A8605584302D71F9587E9A216848C517BC7D7D92571CCEF	Main_Modules/MENUS.lua:125 (official localization fallback table)	Main_Modules/MENUS.lua:128	localization_table	no	no	no	yes	KEEP		ED3-MENUS-RECHECK-002	source_missing	none
Main_Modules/MENUS.lua	17	localization_table	loc_contract_view_option_contracts	11E39901C48A72B0674F4C8056E7FC70D4ED32892EFBA24FC09307E06876092B	B213B1EDA2F41556E1406A1C49DDF1088F084DFAFD3F118CE77AC8D8C62B544E	Main_Modules/MENUS.lua:132 (official localization fallback table)	Main_Modules/MENUS.lua:135	localization_table	no	no	no	yes	KEEP		ED3-MENUS-RECHECK-002	source_missing	none
Main_Modules/MENUS.lua	18	localization_table	loc_contracts_contract_reward_label	43D4237B0BF6A85919E5E0E047091584E26178FAEB8D6E9CAFEAFAAB684DC598	56A8F52514227CEB97F8B717AE97A30DFEB0E5E5264921BE39E85DD095A4077A	Main_Modules/MENUS.lua:139 (official localization fallback table)	Main_Modules/MENUS.lua:142	localization_table	no	no	no	yes	KEEP		ED3-MENUS-RECHECK-002	source_missing	none
Main_Modules/MENUS.lua	19	localization_table	loc_contracts_contract_complexity_easy	084F8E0360E64C52F6C80B6FD3463F9401169CEC9C44C12070DCA2BB15A7B3B7	012D94D6CB02FF2A93545F205386EAC00AC276D413B6A8C5005BAC87520814D3	Main_Modules/MENUS.lua:146 (official localization fallback table)	Main_Modules/MENUS.lua:149	localization_table	no	no	no	yes	KEEP		ED3-MENUS-RECHECK-002	source_missing	none
Main_Modules/MENUS.lua	20	localization_table	loc_contracts_contract_complexity_medium	0E7DC53703CA22D9A7A813EBAAF806504D913CB4FA7E8BBF32BCE57105B01938	56CFF2524A871F12F991A566EFA134DE34D4CD4708E644022D008C05DD2354B0	Main_Modules/MENUS.lua:152 (official localization fallback table)	Main_Modules/MENUS.lua:155	localization_table	no	no	no	yes	KEEP		ED3-MENUS-RECHECK-002	source_missing	none
Main_Modules/MENUS.lua	21	localization_table	loc_contracts_contract_complexity_hard	FDC1C6FF38645A70BD758FF80447007135A10777DDE00EECA13EB0D4F0EAC16A	F4C12877BD3FA3FE5AA053DF7302BC757CD0063970470D07FD924DF206594A83	Main_Modules/MENUS.lua:158 (official localization fallback table)	Main_Modules/MENUS.lua:161	localization_table	no	no	no	yes	KEEP		ED3-MENUS-RECHECK-002	source_missing	none
Main_Modules/MENUS.lua	22	localization_table	loc_contracts_view_general_goods_random_melee_weapon	BC0950C2DD568E899D5E1A5726424DCD9DEEEC7687FF0B778384F1ED6FE62657	67C504B44EF29089C5DA80F1F9A88083F65E45F0D5F546B37030D93687063681	Main_Modules/MENUS.lua:165 (official localization fallback table)	Main_Modules/MENUS.lua:168	localization_table	no	yes	no	yes	KEEP		ED3-MENUS-RECHECK-002	source_missing	none
Main_Modules/MENUS.lua	23	localization_table	loc_contracts_view_general_goods_random_ranged_weapon	426879FA67887FA0D10804375FFA08FD966DC3F3F34D3BA689B9EEF95B3D8859	9D7D689F8858F642EF32BACDAFABD443CE99EABDEA789715DEE2ADF89FDD5D31	Main_Modules/MENUS.lua:170 (official localization fallback table)	Main_Modules/MENUS.lua:173	localization_table	no	yes	no	yes	KEEP		ED3-MENUS-RECHECK-002	source_missing	none
Main_Modules/MENUS.lua	24	localization_table	loc_contracts_view_general_goods_random_gadget_defensive	CA48ADE10E516214A15D54CAEDBA6A9368C7F11CA0A90F743D46353BAB42D143	BB20699E44E1D1E3B24CA66081773E586999FA576D428A4C18B510BF247B2BA8	Main_Modules/MENUS.lua:175 (official localization fallback table)	Main_Modules/MENUS.lua:178	localization_table	no	yes	no	yes	CHANGE	MISSING_INFO	ED3-MENUS-RECHECK-002	source_missing	none
Main_Modules/MENUS.lua	25	localization_table	loc_notification_new_contract	8B90F57982D1BD3EB67CAE7F36990C6F2F45A513110D23D97D677CB43AACECAF	336EC150E48F7D75610848ABA4CA071EEDAFC79D127D600745DCA555524266C6	Main_Modules/MENUS.lua:182 (official localization fallback table)	Main_Modules/MENUS.lua:185	localization_table	no	no	no	yes	KEEP		ED3-MENUS-RECHECK-002	source_missing	none
Main_Modules/MENUS.lua	26	localization_table	loc_crafting_error_no_consecrate	42D3555366865B4CC14C773BFF05A4886C1D63B6EC087A34DF1FB15EA6E5DFD3	66002D26075FE9B4EEE52908CBE830ECB15D42C90ABD3420DE3E12643CB06B97	Main_Modules/MENUS.lua:191 (official localization fallback table)	Main_Modules/MENUS.lua:194	localization_table	no	no	no	yes	KEEP		ED3-MENUS-RECHECK-002	source_missing	none
Main_Modules/MENUS.lua	27	localization_table	loc_crafting_error_max_power	41DE4A1B5F84C6FF3372D9EC7CC1A0FFDF499C3D7145C147E8B506DE1A1CA068	383F573C25E737128E53E609BDFFE13FDC7AFFFE57378443E3061A6AFC30113D	Main_Modules/MENUS.lua:198 (official localization fallback table)	Main_Modules/MENUS.lua:201	localization_table	no	yes	no	yes	KEEP		ED3-MENUS-RECHECK-002	source_missing	none
Main_Modules/MENUS.lua	28	localization_table	loc_mastery_crafting_sacrifice_weapon_title	74178A833E6C785938B1685A9E3137DB1C7E5FEFAB764DB3DF6E0B8C92E01C39	63DDF84F0629E6D55491BF8E8EA3C2887F07694CFF217D89585E425EC8B6937F	Main_Modules/MENUS.lua:205 (official localization fallback table)	Main_Modules/MENUS.lua:209	localization_table	no	no	no	yes	KEEP		ED3-MENUS-RECHECK-002	source_missing	none
Main_Modules/MENUS.lua	29	localization_table	loc_credits_vendor_view_intro_description	416207A8843FCC4B3AD6B4EB109B3100F507F4DC9A8B2FBF6A6756CFAF77D2BA	E95F0ABA3A60C366A0A1B67F728649A144B5D49F591259C5644B2D3137980184	Main_Modules/MENUS.lua:215 (official localization fallback table)	Main_Modules/MENUS.lua:218	localization_table	no	no	no	yes	KEEP		ED3-MENUS-RECHECK-002	source_missing	none
Main_Modules/MENUS.lua	30	localization_table	loc_credits_vendor_view_option_buy	28B1D438A44769CD3B766974C2CAB701C989CA6732DBC9D8E060FF2E9C3EC348	0E80B5F5693C4819C112E99A994D84411DC25A16EBD7CB1DD5E33E3FBE180CAD	Main_Modules/MENUS.lua:222	Main_Modules/MENUS.lua:224	localization_table	no	yes	no	yes	KEEP		ED3-MENUS-RECHECK-002	match	none
Main_Modules/MENUS.lua	31	localization_table	loc_credits_goods_vendor_description_text	322255CA75EBBD3D9A29C04EB6B3F3D709615C9E10FABE36EB1B48F285248C28	3D618A93773B9D9EA55D90C7A831E5E8D66A9E2A07DF4FA246916D0A1B7D928B	Main_Modules/MENUS.lua:234 (official localization fallback table)	Main_Modules/MENUS.lua:237	localization_table	no	no	no	yes	CHANGE	PUNCTUATION	ED3-MENUS-RECHECK-003	source_missing	none
Main_Modules/MENUS.lua	32	localization_table	loc_main_menu_account_wallet_title	1994D995F37AAB7C782687753676CDCBCBEC1E111D3DD310909504E940F61395	DF67729946468824ABAC468157BC8C540484365C2A625D21E7CEAB5659F6A664	Main_Modules/MENUS.lua:244 (official localization fallback table)	Main_Modules/MENUS.lua:247	localization_table	no	no	no	yes	KEEP		ED3-MENUS-RECHECK-003	source_missing	none
Main_Modules/MENUS.lua	33	localization_table	loc_main_menu_warband_count	77C8072E95F6660F1042270C5EA323BAE401F83BC9AE74549DD2BB70C0FED026	69F610F94AB21DC77D6E6D6F050887431323C0A66B59F391742CCDE0F706E222	Main_Modules/MENUS.lua:250 (official localization fallback table)	Main_Modules/MENUS.lua:253	localization_table	no	no	no	yes	KEEP		ED3-MENUS-RECHECK-003	source_missing	none
Main_Modules/MENUS.lua	34	localization_table	loc_social_menu_roster_view_display_name	77C8072E95F6660F1042270C5EA323BAE401F83BC9AE74549DD2BB70C0FED026	69F610F94AB21DC77D6E6D6F050887431323C0A66B59F391742CCDE0F706E222	Main_Modules/MENUS.lua:255 (official localization fallback table)	Main_Modules/MENUS.lua:258	localization_table	no	no	no	yes	KEEP		ED3-MENUS-RECHECK-003	source_missing	none
Main_Modules/MENUS.lua	35	localization_table	loc_social_menu_roster_players_from_previous_missions	AD6073C0AE35BFBFF6687FE12A03461C312F337B9BFBDC3753702D9BE8CA6F85	EF7DE90EF6585C7FB3C8F65802B8CC8EAFA6F20A516E4561C3B9D48E4C803A5A	Main_Modules/MENUS.lua:261 (official localization fallback table)	Main_Modules/MENUS.lua:264	localization_table	no	yes	no	yes	KEEP		ED3-MENUS-RECHECK-003	source_missing	none
Main_Modules/MENUS.lua	36	localization_table	loc_broker_stimm_builder_view_display_name	70E786B6CA00700C3C0AAA936135E562224CF353C4869B6343CA1C2A79F67319	EE589B8448380C6B7128FED4B29C8B74C3295F1C389673314AC2D6720DCD9E47	Main_Modules/MENUS.lua:267 (official localization fallback table)	Main_Modules/MENUS.lua:270	localization_table	no	yes	no	yes	KEEP		ED3-MENUS-RECHECK-003	source_missing	none
Main_Modules/MENUS.lua	37	localization_table	loc_havoc_name	217EDB517B72846464281CCA48C6FBD41289770C1871F4E4192F1A73A50CC262	ECD0296E3EB3C07C81CD782020416F4A870C4BE8970ACC0822A93B5DA3EFEFBC	Main_Modules/MENUS.lua:283 (official localization fallback table)	Main_Modules/MENUS.lua:286	localization_table	no	yes	no	yes	KEEP		ED3-MENUS-RECHECK-003	source_missing	none
Main_Modules/MENUS.lua	38	localization_table	loc_havoc_reset_rewards	04C4E6D6E6A4539E4B5A846EF70F25A84CA08061926D5EFADDB98B715A26BEAE	4944ACF57C9BFA76B2562AA44BF115E387FF4DAAF66CEFF0CF01B121105123D6	Main_Modules/MENUS.lua:289 (official localization fallback table)	Main_Modules/MENUS.lua:292	localization_table	no	yes	no	yes	KEEP		ED3-MENUS-RECHECK-003	source_missing	none
Main_Modules/MENUS.lua	39	localization_table	loc_havoc_reward_objective_order	79ADC64C737F28FF416463B86AFDF25F2F95AD9BD019A762DFAF4E90C403AE52	E4493A370F34B196DE0ED95C239ED6B9297D708FD2747EC2565D2E3B6D6F6518	Main_Modules/MENUS.lua:295 (official localization fallback table)	Main_Modules/MENUS.lua:298	localization_table	no	yes	no	yes	KEEP		ED3-MENUS-RECHECK-003	source_missing	none
Main_Modules/MENUS.lua	40	localization_table	loc_hud_combat_feed_kill_message	AB36BC63DB0013D684CACF76C3F66F4E504811A820B700AC7EC226C9489F3EB2	7BE12A659EA35FD2AEFC53AAF92D1C7BAF9F3E8D800848B1BD4CFE8DBC979BEB	Main_Modules/MENUS.lua:302 (official localization fallback table)	Main_Modules/MENUS.lua:305	localization_table	no	no	no	yes	KEEP		ED3-MENUS-RECHECK-003	source_missing	none
Main_Modules/MENUS.lua	41	localization_table	loc_inventory_loadout_group_attachments	E12B422160D6B81336A11663AC73FE6DBFB6EF8425B349CC94D22FAD9F4CCD07	3FFA506172D1E36D7B63137DF7502C82AC4B77D5AC56A3083337E0998441183E	Main_Modules/MENUS.lua:354 (official localization fallback table)	Main_Modules/MENUS.lua:357	localization_table	no	yes	no	yes	KEEP		ED3-MENUS-RECHECK-003	source_missing	none
Main_Modules/MENUS.lua	42	localization_table	loc_inventory_title_slot_attachment_1	10953CA1DDB813294AF8421A39DEA27190A987AE7920A178D43342873B32681E	73BAB6D7F0F585140BB2486470B89B54F280EC85CCCE4D89CA7CBE94D0A8A28D	Main_Modules/MENUS.lua:360 (official localization fallback table)	Main_Modules/MENUS.lua:363	localization_table	no	yes	no	yes	KEEP		ED3-MENUS-RECHECK-003	source_missing	none
Main_Modules/MENUS.lua	43	localization_table	loc_inventory_title_slot_attachment_2	7F4A38FAC433E215B7E74AA556D168A498EC5F0174CF1CC9CAD54A4F858ECF2F	7BE5086E2B722E06D4E95C53ABE90BE38DDEFF2B74F038EC060AA6F1648143B1	Main_Modules/MENUS.lua:366 (official localization fallback table)	Main_Modules/MENUS.lua:369	localization_table	no	yes	no	yes	KEEP		ED3-MENUS-RECHECK-003	source_missing	none
Main_Modules/MENUS.lua	44	localization_table	loc_inventory_title_slot_attachment_3	03470B02ED6CE421EB24B7DB23EE0480DFA32F31A4CD6F8BD302A2DD5F2443A2	D9E92314204EB58E9792F1437E2C927A1CAD343FA8A825ADA6EB7BAF9D4FE711	Main_Modules/MENUS.lua:372 (official localization fallback table)	Main_Modules/MENUS.lua:375	localization_table	no	yes	no	yes	KEEP		ED3-MENUS-RECHECK-003	source_missing	none
Main_Modules/MENUS.lua	45	localization_table	loc_inventory_view_display_name	5A00DF8AA10E085BC9F548E3207DC521E14B622F9FD13A2CDD9D014E0B18E1B0	02EA612DFCE6A7D2BFA5CF5CA020EB6A1EFCE90FDE7BF17AA569DD19BB9822A4	Main_Modules/MENUS.lua:378 (official localization fallback table)	Main_Modules/MENUS.lua:381	localization_table	no	yes	no	yes	KEEP		ED3-MENUS-RECHECK-003	source_missing	none
Main_Modules/MENUS.lua	46	localization_table	loc_inventory_title_slot_gear_lowerbody	5A114C5FD6882C8C30AB167C5E311908E8C89580B92811009DC7352F9343DE48	937A209309AB4A36C4B519F54DCACB8232309E89B3C14543BA346BE7DD9852E4	Main_Modules/MENUS.lua:385 (official localization fallback table)	Main_Modules/MENUS.lua:388	localization_table	no	no	no	yes	KEEP		ED3-MENUS-RECHECK-004	source_missing	none
Main_Modules/MENUS.lua	47	localization_table	loc_inventory_title_slot_animation_end_of_round	1E23DC7CD233F8FB0DBA85B7BD1D27C381A5542B3598A485C1F34026918840B0	61A0622ACEA26C73337ACECC93247896EBE85EA647C26AE52C288A02136137BB	Main_Modules/MENUS.lua:390 (official localization fallback table)	Main_Modules/MENUS.lua:393	localization_table	no	no	no	yes	KEEP		ED3-MENUS-RECHECK-004	source_missing	none
Main_Modules/MENUS.lua	48	localization_table	loc_item_weapon_rarity_1	F2C085C01755FABE6244FB02F1EA124242F0CA5B52554D54D0188E73CCB1DB0E	6EA653C8B33A9EE306C5C741D3E2E8665B110BC4769F63EF1AD774C67CFD09C0	Main_Modules/MENUS.lua:398 (official localization fallback table)	Main_Modules/MENUS.lua:401	localization_table	no	no	no	yes	KEEP		ED3-MENUS-RECHECK-004	source_missing	none
Main_Modules/MENUS.lua	49	localization_table	loc_item_weapon_rarity_2	27E7ABF84A24475EC38031B900768EF279B1F51A526A1C6036239112D0F2FF32	EFA0A5500EEBBA65702748B3B82821EB1B94174ADB20819632EDE83B583D81A7	Main_Modules/MENUS.lua:404 (official localization fallback table)	Main_Modules/MENUS.lua:407	localization_table	no	no	no	yes	KEEP		ED3-MENUS-RECHECK-004	source_missing	none
Main_Modules/MENUS.lua	50	localization_table	loc_item_weapon_rarity_3	1E1AAD46714D6E69F329600413DDFFF023C6C89AD1C717854129392F9C327DFD	6B081DF0E87C89BA0BBCAA5DB8E2B947920F619336726730BDAB63ABA5EB373A	Main_Modules/MENUS.lua:410 (official localization fallback table)	Main_Modules/MENUS.lua:413	localization_table	no	no	no	yes	KEEP		ED3-MENUS-RECHECK-004	source_missing	none
Main_Modules/MENUS.lua	51	localization_table	loc_item_weapon_rarity_4	BB09F63B2C3476BBC550367229EFBA34D8DB90CDF538D4D44BA56A2E12BE4721	54DD50735004A5B06959A74426F4B93AE0721A5AB276CDD5E5A8FF26546F5401	Main_Modules/MENUS.lua:416 (official localization fallback table)	Main_Modules/MENUS.lua:419	localization_table	no	no	no	yes	KEEP		ED3-MENUS-RECHECK-004	source_missing	none
Main_Modules/MENUS.lua	52	localization_table	loc_item_weapon_rarity_5	88C13271294573D2C1427FBD6E537A72F418EBEFCC767F7F18FFAD0C0159BCB3	2BAFA07CFE76525C13626E1F9E839D8B354916FC7493A7F32F66D659F058E8F1	Main_Modules/MENUS.lua:422 (official localization fallback table)	Main_Modules/MENUS.lua:425	localization_table	no	no	no	yes	KEEP		ED3-MENUS-RECHECK-004	source_missing	none
Main_Modules/MENUS.lua	53	localization_table	loc_item_weapon_rarity_6	AC963A387E1AB77593982E7FEEE500E0C0693460B7F88960246E85AC5790B317	C6A793CC183616AE3CE28E95D0002E62566DC18D1E36D0FFD36991A9AE0D8E66	Main_Modules/MENUS.lua:428 (official localization fallback table)	Main_Modules/MENUS.lua:431	localization_table	no	no	no	yes	BLOCKED	SOURCE_MISSING	ED3-MENUS-RECHECK-004	source_missing	none
Main_Modules/MENUS.lua	54	localization_table	loc_inventory_menu_favorite_item	D7E2C290050CD25A4F84EF819EB70BEB0BE1715E471AA2901DE7B8726C3AF543	B03210DBAB05E7186C39A19E9F4F7C7CC45F4138BB45D5034A89F7B6FE5967F4	Main_Modules/MENUS.lua:460	Main_Modules/MENUS.lua:462	localization_table	no	yes	no	yes	KEEP		ED3-MENUS-RECHECK-004	match	none
Main_Modules/MENUS.lua	55	localization_table	loc_item_type_perk	06CF2D93521016E0B0E3C2811F94EFD65253B231AA0D37CC66FB4D467A0449D6	40D7CC7C60C0970160CAEAB74047DD21F034F85CCB54940A9708558BDEDE5DDC	Main_Modules/MENUS.lua:465 (official localization fallback table)	Main_Modules/MENUS.lua:468	localization_table	no	yes	no	yes	KEEP		ED3-MENUS-RECHECK-004	source_missing	none
Main_Modules/MENUS.lua	56	localization_table	loc_weapon_action_title_light	027644E8ED31612DECE319EEFDC5BCF22FA68A07AAAC63C8E09AAFC0032BCC0A	1BF98199E248132A0DE4A35ABD26E97668FA562287AC70E9BCBD65979385B4B1	Main_Modules/MENUS.lua:470 (official localization fallback table)	Main_Modules/MENUS.lua:473	localization_table	no	no	no	yes	KEEP		ED3-MENUS-RECHECK-004	source_missing	none
Main_Modules/MENUS.lua	57	localization_table	loc_weapon_action_title_heavy	279C2A5BD1A5DDD6121CC728FB578DE3C16D8F9D81C948F61CC0D84145821BE5	B83E8E2B1A41AC4D197A1C770B3C98095F255C5B3CD55465EFF2AC4C52C75413	Main_Modules/MENUS.lua:475 (official localization fallback table)	Main_Modules/MENUS.lua:478	localization_table	no	no	no	yes	KEEP		ED3-MENUS-RECHECK-004	source_missing	none
Main_Modules/MENUS.lua	58	localization_table	loc_weapon_action_title_primary	BA42E14061AE3712D99F6FFCB209150376FAEEDAA6ACC9240E071B4BB9122261	B9A00B071BD14A37007B8018236C8FF44081C643FC46950371F45028B61B8777	Main_Modules/MENUS.lua:480 (official localization fallback table)	Main_Modules/MENUS.lua:483	localization_table	no	yes	no	yes	KEEP		ED3-MENUS-RECHECK-004	source_missing	none
Main_Modules/MENUS.lua	59	localization_table	loc_weapon_action_title_secondary	CEDAF6AA8884B67770E689DF5979F601BC74EC25984C983A8D4BC9F195190FEC	5E14172DFADEBD79A5DB2FA3873C8EA8F76E0D22D60601DE3D6666E82C3E6331	Main_Modules/MENUS.lua:485 (official localization fallback table)	Main_Modules/MENUS.lua:488	localization_table	no	yes	no	yes	KEEP		ED3-MENUS-RECHECK-004	source_missing	none
Main_Modules/MENUS.lua	60	localization_table	loc_weapon_special_special_attack	E8BB2019877112283E79E9E5241CBCB384559A93C667BD5B5C68AADD93B360BA	85CB99A86A167C81233CDA479139BF8DBF0C80E1CC80FA07B74384A5EC9B2DCF	Main_Modules/MENUS.lua:495 (official localization fallback table)	Main_Modules/MENUS.lua:498	localization_table	no	no	no	yes	CHANGE	PUNCTUATION	ED3-MENUS-RECHECK-004	source_missing	none
Main_Modules/MENUS.lua	61	localization_table	loc_stats_display_mobility_stat	FFB4299390EA6A7FEF9C841FBF605DBE806327DCDA066B2905C3994E903B4660	3065E062CDC4F2CF69407BE4FCE756A22E8CED10A21584590BB51A9BA94327D5	Main_Modules/MENUS.lua:504	Main_Modules/MENUS.lua:506	localization_table	no	yes	yes	yes	KEEP		ED3-MENUS-RECHECK-005	match	resolved
Main_Modules/MENUS.lua	62	localization_table	loc_glossary_term_melee_damage	83B92BF871AD2814399DAAB2D6C8648D594E34792AF05E9C0328FB7F87F695DF	28701AF73716E33FAE08393FAA69814D9320A07297567376C98BDCE269108E8F	Main_Modules/MENUS.lua:509	Main_Modules/MENUS.lua:511	localization_table	no	no	yes	yes	KEEP		ED3-MENUS-RECHECK-005	match	resolved
Main_Modules/MENUS.lua	63	localization_table	loc_stats_display_warp_resist_stat	56AD6B5E3D3CB48962465FAD9ED346D713F9A6F7FBAD53374968E4DFC80496E8	9DC92CC72A1A98C363E94FCFABE384F0392E95F845789E5DA734F9AD5718229C	Main_Modules/MENUS.lua:514	Main_Modules/MENUS.lua:516	localization_table	no	yes	yes	yes	KEEP		ED3-MENUS-RECHECK-005	match	resolved
Main_Modules/MENUS.lua	64	localization_table	loc_stats_display_ammo_stat	D7D53D1FFFD261C1242603B7BB865143EAC1D97069F243DD97C9E3C2F6561B56	23C843668CF4DCB090686352C9D86BFD8803E1419970964EDCFAADD416988A43	Main_Modules/MENUS.lua:521	Main_Modules/MENUS.lua:523	localization_table	no	no	yes	yes	KEEP		ED3-MENUS-RECHECK-005	match	resolved
Main_Modules/MENUS.lua	65	localization_table	loc_stats_display_defense_stat	9F99653993EBCCBE9F0CE72DAA76579AB71D109049CAC87B2F6FADE8EBA21644	66555EE738EFA7EB11DB1EE4E520B8D7937DC58FBED4283AF90BC00FA95906B6	Main_Modules/MENUS.lua:526	Main_Modules/MENUS.lua:528	localization_table	no	no	yes	yes	KEEP		ED3-MENUS-RECHECK-005	match	resolved
Main_Modules/MENUS.lua	66	localization_table	loc_stats_display_heat_management_powersword_2h	720B35F456B1C79F0FF92B9B34E22B191A754259432F076CD19C0F69BCB668F0	809B02A4DD8568AFBE0A52F33E351CF412CCB161756096F8470715CB6AB94E90	Main_Modules/MENUS.lua:531	Main_Modules/MENUS.lua:533	localization_table	no	yes	yes	yes	KEEP		ED3-MENUS-RECHECK-005	match	resolved
Main_Modules/MENUS.lua	67	localization_table	loc_stats_display_damage_stat	DB52CC7166CF082AEEA4F37D97EAC5A351E4CB39C4915EAFCA71EE39EA1B0C71	9698302A8E45B37D49AD1F2A978AB98D7B8F209F3C90C08835BCDCAD19DBD530	Main_Modules/MENUS.lua:538	Main_Modules/MENUS.lua:540	localization_table	no	yes	yes	yes	KEEP		ED3-MENUS-RECHECK-005	match	resolved
Main_Modules/MENUS.lua	68	localization_table	loc_stats_display_finesse_stat	6171D95C91CEC229AD67FC092F2FE7EE89B6C5C3DA8410D90B69410EA48B7546	3B4AE25B71FE47BDFAEAD1B64ED2A9982C670E3F48A417257FEF41495D8177BF	Main_Modules/MENUS.lua:542 (official localization fallback table)	Main_Modules/MENUS.lua:547	localization_table	no	yes	no	yes	KEEP		ED3-MENUS-RECHECK-005	source_missing	none
Main_Modules/MENUS.lua	69	localization_table	loc_stats_display_flame_size_stat	0D34225693BE3F1409CB6D46C20233EEBB0F28CD223D5CDB5477585F600C202F	43F1B8B1F08753153488D95F55B37A99655568AC3295F6F23837664B8AA1DD6D	Main_Modules/MENUS.lua:550 (official localization fallback table)	Main_Modules/MENUS.lua:553	localization_table	no	yes	no	yes	KEEP		ED3-MENUS-RECHECK-005	source_missing	none
Main_Modules/MENUS.lua	70	localization_table	loc_stats_display_control_stat_melee	4DD1DE9485502E8647F0CBD2E4D767DCEBCD14253906FD3764D7D9A42CD92EA3	980CDEC596756DC1EC75B7E8FFF7098C93A4F35EFDD25581B97FDE41D41C106C	Main_Modules/MENUS.lua:555 (official localization fallback table)	Main_Modules/MENUS.lua:558	localization_table	no	no	no	yes	KEEP		ED3-MENUS-RECHECK-005	source_missing	none
Main_Modules/MENUS.lua	71	localization_table	loc_weapon_stats_display_dodge_distance	26BBAF5AE042DF3EC3EA1F45BFCB7059A8E4D82E475BF0AD1DAED3436F11F4FD	6347DA31A7980A2F16A6F15144A1FC450FA6466A5D15BF48CC189A536621AADB	Main_Modules/MENUS.lua:560 (official localization fallback table)	Main_Modules/MENUS.lua:563	localization_table	no	no	no	yes	BLOCKED	SOURCE_MISSING	ED3-MENUS-RECHECK-005	source_missing	none
Main_Modules/MENUS.lua	72	localization_table	loc_wait_reason_read_from_disk	1066BB78BFB8259D37D499F240BC6AEEC1F9EFC42F5C6AA0D5C7E43E4A57A515	29458B09516D384123FB0349A878D3F02E2DC610D952FB50137FCD754B1FFFCE	Main_Modules/MENUS.lua:584 (official localization fallback table)	Main_Modules/MENUS.lua:587	localization_table	no	no	no	yes	KEEP		ED3-MENUS-RECHECK-005	source_missing	none
Main_Modules/MENUS.lua	73	localization_table	loc_wait_reason_dedicated_server	A00B00EC617C0E9BC3F830203843ECE0392061CB45DB15CFAD22C02E40A69861	E4A1FB96977C187BBFFEAD59612A24EDB6CCBA6397DB984E11B784AC1AFE9360	Main_Modules/MENUS.lua:590 (official localization fallback table)	Main_Modules/MENUS.lua:593	localization_table	no	no	no	yes	KEEP		ED3-MENUS-RECHECK-005	source_missing	none
Main_Modules/MENUS.lua	74	localization_table	loc_wait_reason_other_player	CA9E46EC8EB43514A728F27AC6A408C8BE87131A97F51E41A18D71C6EE3D2B2F	E0490750F38DF2A8ED15C7812D51DBDD7D9D58F81765637307F50BF13B2F9149	Main_Modules/MENUS.lua:596 (official localization fallback table)	Main_Modules/MENUS.lua:599	localization_table	no	no	no	yes	KEEP		ED3-MENUS-RECHECK-005	source_missing	none
Main_Modules/MENUS.lua	75	localization_table	loc_wait_reason_backend	0F317C21762922B2F5ABA9769BDE8014AFCC0BCFD1C3E678685C2DAE6DC5ACAE	68C2AB743584CECE57DB4CBF1BAD46284E302DC09EC92E1BBBEAE9B2E3BE5F98	Main_Modules/MENUS.lua:602 (official localization fallback table)	Main_Modules/MENUS.lua:605	localization_table	no	no	no	yes	KEEP		ED3-MENUS-RECHECK-005	source_missing	none
Main_Modules/MENUS.lua	76	localization_table	loc_wait_reason_store	141A5B210C61C106068DA06BD20A4C76AC068520A0FB86B4902BF5921089886C	0376617A54855249FF93AEDDEB11EDC97B60F34AB8EB82BFDC45F86825A5A131	Main_Modules/MENUS.lua:608 (official localization fallback table)	Main_Modules/MENUS.lua:611	localization_table	no	no	no	yes	KEEP		ED3-MENUS-RECHECK-006	source_missing	none
Main_Modules/MENUS.lua	77	localization_table	loc_wait_reason_platform_steam	0D1A5639A107C4DF5B26A1C7A88A02812CEEAEE9433DBB34A5F847DDD00C9A6A	9BCB134EF1C06163F53982B23D981AB14271EEC1485D4223FE2E3BA7C28B800F	Main_Modules/MENUS.lua:614 (official localization fallback table)	Main_Modules/MENUS.lua:617	localization_table	no	no	no	yes	KEEP		ED3-MENUS-RECHECK-006	source_missing	none
Main_Modules/MENUS.lua	78	localization_table	loc_wait_reason_platform_xbox_live	5DB74A5B84522EF63DD55839BDD9190F78BE7BB2181C94A473634AAF2BC07498	80D5B6CAD8AF18911370AC2E930B6959E1CA8D032360A4ED0C0038D6DF59171D	Main_Modules/MENUS.lua:620 (official localization fallback table)	Main_Modules/MENUS.lua:623	localization_table	no	no	no	yes	KEEP		ED3-MENUS-RECHECK-006	source_missing	none
Main_Modules/MENUS.lua	79	localization_table	loc_wait_reason_platform_psn	7F6E06668D8CFC0B419BF46C931D1E6058BCC13985CC9E9A731432E7BA89F198	E665ACDBDF2813180BC491019B9C641E406A572D9E4FBC451389A96130D57640	Main_Modules/MENUS.lua:626 (official localization fallback table)	Main_Modules/MENUS.lua:629	localization_table	no	no	no	yes	KEEP		ED3-MENUS-RECHECK-006	source_missing	none
Main_Modules/CURIOS_Blessings_Perks.lua	1	localization_table	loc_inate_gadget_health_desc	79A15CFD620606D8C52979E138027F340344AC7EA5F5F6D21B9B72ADAB45EC1C	D74295C1DB39C9273E8ADE2C51DBF42DA5A3C5BEEC843917E402554335B54B59	Main_Modules/CURIOS_Blessings_Perks.lua:25	Main_Modules/CURIOS_Blessings_Perks.lua:28	localization_table	no	yes	yes	yes	KEEP		ED3-CURIOS-RECHECK-001	match	resolved
Main_Modules/CURIOS_Blessings_Perks.lua	2	localization_table	loc_inate_gadget_health_segment_desc	C509862D243AA1C3585F32EAEEE1F4D4D1EC65FF1A90DC1D3F7F8865585257EE	4CC8FAECDD14F6EF797E878689FAEE11532C40CEF076B8931D328D28C3F13688	Main_Modules/CURIOS_Blessings_Perks.lua:40	Main_Modules/CURIOS_Blessings_Perks.lua:43	localization_table	no	no	yes	yes	KEEP		ED3-CURIOS-RECHECK-001	match	resolved
Main_Modules/CURIOS_Blessings_Perks.lua	3	localization_table	loc_inate_gadget_stamina_desc	51963C6632EC16FE996CA34CFDD6A97F2C8745215C3EE0ED0D464EE06BC757C0	748AACACFC0825A6DA6114D6C506AE9037D661953627DE042F7A101C20FAFDCE	Main_Modules/CURIOS_Blessings_Perks.lua:55	Main_Modules/CURIOS_Blessings_Perks.lua:58	localization_table	no	yes	yes	yes	KEEP		ED3-CURIOS-RECHECK-001	match	resolved
Main_Modules/CURIOS_Blessings_Perks.lua	4	localization_table	loc_inate_gadget_toughness_desc	7F6EA294FCE6E1C8C86D541EF75019D02394CA3D953AEC7FA2FC15A5227A5539	9B926FA8CC5E22BC12FEA5FE234E3013E6B581BE7F71E459ACD674F3273843DE	Main_Modules/CURIOS_Blessings_Perks.lua:70	Main_Modules/CURIOS_Blessings_Perks.lua:73	localization_table	no	yes	yes	yes	KEEP		ED3-CURIOS-RECHECK-001	match	resolved
Main_Modules/CURIOS_Blessings_Perks.lua	5	localization_table	loc_gadget_cooldown_desc	5CB7E000079E55D3E377D7DFBA6CC76E07CEAD114A5CCEC24C278725B8E11910	1C4E9B66EF7EEC0759565BD57BDF9DD8B8673F685BE10BDC156F98315C181CF3	Main_Modules/CURIOS_Blessings_Perks.lua:87	Main_Modules/CURIOS_Blessings_Perks.lua:90	localization_table	no	yes	yes	yes	KEEP		ED3-CURIOS-RECHECK-001	match	resolved
Main_Modules/CURIOS_Blessings_Perks.lua	6	localization_table	loc_gadget_corruption_resistance_desc	E68152E9536E39A939D2F54DED1BCD2977C7900E37BDADCC88D51256042EDBE7	4A00B5841C0F8EEED423B1E4EEFD0FFF94220FF9E39AEE9C9DC68E8A84E98087	Main_Modules/CURIOS_Blessings_Perks.lua:102	Main_Modules/CURIOS_Blessings_Perks.lua:105	localization_table	no	yes	yes	yes	KEEP		ED3-CURIOS-RECHECK-001	match	resolved
Main_Modules/CURIOS_Blessings_Perks.lua	7	localization_table	loc_gadget_grim_corruption_resistance_desc	5CF2A777698AC9686996C82198A26F6281BB10F21538076ED27FC6111107A9E4	071FDD74CA7E2508EDBF39EB2F2EF73D6B02E40C791B4FAC8559EC0B63455A7F	Main_Modules/CURIOS_Blessings_Perks.lua:117	Main_Modules/CURIOS_Blessings_Perks.lua:120	localization_table	no	yes	yes	yes	KEEP		ED3-CURIOS-RECHECK-001	match	resolved
Main_Modules/CURIOS_Blessings_Perks.lua	8	localization_table	loc_trait_gadget_health_increase_desc	79A15CFD620606D8C52979E138027F340344AC7EA5F5F6D21B9B72ADAB45EC1C	D74295C1DB39C9273E8ADE2C51DBF42DA5A3C5BEEC843917E402554335B54B59	Main_Modules/CURIOS_Blessings_Perks.lua:132	Main_Modules/CURIOS_Blessings_Perks.lua:135	localization_table	no	yes	yes	yes	KEEP		ED3-CURIOS-RECHECK-001	match	resolved
Main_Modules/CURIOS_Blessings_Perks.lua	9	localization_table	loc_gadget_block_cost_reduction_desc	FFE8DACDAD8C7C8261B7543B5985F11BBD517E2D6A7035534B5CC1D14A08AAB9	5203E841F558D067EA33CB9094EF3D31E30949C80D2FCE482781AF0AA45D8660	Main_Modules/CURIOS_Blessings_Perks.lua:147	Main_Modules/CURIOS_Blessings_Perks.lua:150	localization_table	no	no	yes	yes	KEEP		ED3-CURIOS-RECHECK-001	match	resolved
Main_Modules/CURIOS_Blessings_Perks.lua	10	localization_table	loc_gadget_revive_speed_desc	4BA745B9C99154B1B48AE28541667E92DD588076E936E43C8A4539C755BC033E	395F1D6A9376425202B927128B7517DB8B4AA9518BF88BD6D91EAB04B7974408	Main_Modules/CURIOS_Blessings_Perks.lua:162	Main_Modules/CURIOS_Blessings_Perks.lua:165	localization_table	no	no	yes	yes	KEEP		ED3-CURIOS-RECHECK-001	match	resolved
Main_Modules/CURIOS_Blessings_Perks.lua	11	localization_table	loc_gadget_stamina_regeneration_desc	AD2C2955D603F0CA9793906AB963F064E952C6A95B5BE994128FA193AB7C0435	EB94B7E2AA6EF0EFD52E23CD9A25C312F60B97C14F11E4579E6AD4834181094D	Main_Modules/CURIOS_Blessings_Perks.lua:177	Main_Modules/CURIOS_Blessings_Perks.lua:180	localization_table	no	yes	yes	yes	KEEP		ED3-CURIOS-RECHECK-001	match	resolved
Main_Modules/CURIOS_Blessings_Perks.lua	12	localization_table	loc_trait_gadget_toughness_increase_desc	FB484E633D58C96E7F13AA3BA2EE45AA089F7A10C2FC63C1F8713233C086A96D	9B926FA8CC5E22BC12FEA5FE234E3013E6B581BE7F71E459ACD674F3273843DE	Main_Modules/CURIOS_Blessings_Perks.lua:192	Main_Modules/CURIOS_Blessings_Perks.lua:195	localization_table	no	yes	yes	yes	KEEP		ED3-CURIOS-RECHECK-001	match	resolved
Main_Modules/CURIOS_Blessings_Perks.lua	13	localization_table	loc_gadget_toughness_regen_delay_desc	6E37A223448AE8D1CD00132BC2CF49578ACFAFE3C76C8BCA96EA45C313B3253A	D0DD880AAE453707C3DF44979A00F35997BD6D40569F193C1687A6597AC0C9D9	Main_Modules/CURIOS_Blessings_Perks.lua:207	Main_Modules/CURIOS_Blessings_Perks.lua:210	localization_table	no	yes	yes	yes	KEEP		ED3-CURIOS-RECHECK-001	match	resolved
Main_Modules/CURIOS_Blessings_Perks.lua	14	localization_table	loc_trait_gadget_mission_xp_increase_desc	7552E1B781C332054B302AF1EA15CC6EF49C374AD191C477F2A03D5FB45E7BC5	A117C9EB25C5B82C231145796258A3B26FCF20AF96D784F84392FEF4B5BE2E82	Main_Modules/CURIOS_Blessings_Perks.lua:222	Main_Modules/CURIOS_Blessings_Perks.lua:225	localization_table	no	no	yes	yes	KEEP		ED3-CURIOS-RECHECK-001	match	resolved
Main_Modules/CURIOS_Blessings_Perks.lua	15	localization_table	loc_trait_gadget_mission_credits_increase_desc	DEC05B59906E3FF962A45DF8751EA2481F1474FC508E4712A679BA965B61B2CA	40DECE4A2D7E9548616ABDDF0CE7DEFDE72A0CE48191B1120FF2C9168149F3FC	Main_Modules/CURIOS_Blessings_Perks.lua:237	Main_Modules/CURIOS_Blessings_Perks.lua:240	localization_table	no	no	yes	yes	CHANGE	PUNCTUATION	ED3-CURIOS-RECHECK-001	match	resolved
Main_Modules/CURIOS_Blessings_Perks.lua	16	localization_table	loc_trait_gadget_mission_reward_gear_instead_of_weapon_increase_desc	4C7D5CCB4B2C2C52044E3FA61A3A5538F6D8F1E9CC1C3DD1EE49E24BCDE20BF9	E5DC64FCF25606D7DB9D9EA1CDF31D7267C8EE63E3A6D6EE96258AAA50D1FC84	Main_Modules/CURIOS_Blessings_Perks.lua:252	Main_Modules/CURIOS_Blessings_Perks.lua:255	localization_table	no	yes	yes	yes	KEEP		ED3-CURIOS-RECHECK-002	match	resolved
Main_Modules/CURIOS_Blessings_Perks.lua	17	localization_table	loc_trait_gadget_dr_vs_flamer_desc	2A24D11C08CA8FFD8598FF265E6F7EAAD17223E39CAB29081541593DF7D337F4	97EC63A275BE035143E36161B75BE73E59E53957B42D78D7E3AFF6A2ECDB0B6A	Main_Modules/CURIOS_Blessings_Perks.lua:267	Main_Modules/CURIOS_Blessings_Perks.lua:270	localization_table	no	yes	yes	yes	KEEP		ED3-CURIOS-RECHECK-002	match	resolved
Main_Modules/CURIOS_Blessings_Perks.lua	18	localization_table	loc_trait_gadget_dr_vs_grenadiers_desc	7211C93C826BF0ABFC74E6D715685EA309DA866309B5B01D085EF97EFB07C684	2EC65BD9BEEDDB22BF9135963A1A2E362A13C7530CB9A398827FCF9D0650337C	Main_Modules/CURIOS_Blessings_Perks.lua:282	Main_Modules/CURIOS_Blessings_Perks.lua:285	localization_table	no	yes	yes	yes	KEEP		ED3-CURIOS-RECHECK-002	match	resolved
Main_Modules/CURIOS_Blessings_Perks.lua	19	localization_table	loc_trait_gadget_dr_vs_gunners_desc	1D57D8BCABB502454D52C97A18B9BBD8399CDBA409AF2281640C715AAE3906D9	D9DB72A289D62EE3E0E50130CE5749155644E03A90929F43F490ACC2F8EADDBE	Main_Modules/CURIOS_Blessings_Perks.lua:297	Main_Modules/CURIOS_Blessings_Perks.lua:300	localization_table	no	yes	yes	yes	KEEP		ED3-CURIOS-RECHECK-002	match	resolved
Main_Modules/CURIOS_Blessings_Perks.lua	20	localization_table	loc_trait_gadget_dr_vs_hounds_desc	657EBF9925BFBA5DA1B99A14C64465A858487AAD74A9766BDE813AF2EBC16BD3	EB6C92215843DB97BDF05FB5AB236137B716A61C2D2D0D25DA75EE6018612319	Main_Modules/CURIOS_Blessings_Perks.lua:312	Main_Modules/CURIOS_Blessings_Perks.lua:315	localization_table	no	yes	yes	yes	KEEP		ED3-CURIOS-RECHECK-002	match	resolved
Main_Modules/CURIOS_Blessings_Perks.lua	21	localization_table	loc_trait_gadget_dr_vs_mutants_desc	24EC33654E8F36D7321FE8C8BB70D27FD3291B2B9826F7CCD643221269AE9A6F	4967375CE83A82B085AF97706492AD31BD36FEE20777A9309466F059893B6B61	Main_Modules/CURIOS_Blessings_Perks.lua:327	Main_Modules/CURIOS_Blessings_Perks.lua:330	localization_table	no	yes	yes	yes	KEEP		ED3-CURIOS-RECHECK-002	match	resolved
Main_Modules/CURIOS_Blessings_Perks.lua	22	localization_table	loc_trait_gadget_dr_vs_snipers_desc	5B65A23598EC5737A8AC0F5647902B1DF919215F478928ABF0EDDA9B260FB4D9	06FA7FFC26A03EB3FA523512AB5842A780C1D02A2669FAE17BB1564FDBB961ED	Main_Modules/CURIOS_Blessings_Perks.lua:342	Main_Modules/CURIOS_Blessings_Perks.lua:345	localization_table	no	yes	yes	yes	KEEP		ED3-CURIOS-RECHECK-002	match	resolved
Main_Modules/TALENTS_Modular.lua	1	localization_table	loc_glossary_talent_default	282C6174BBADB7A8C68CDB2EE36E29DAA68591A7D483F3D2ACB6F8637BA57AAC	067250FCE3064FF4FF0E3E2A92AC6CD5F5137C6999BD23DA4477C731F699AF48	Main_Modules/TALENTS_Modular.lua:73 (official localization fallback table)	Main_Modules/TALENTS_Modular.lua:76	localization_table	no	no	no	yes	KEEP		ED3-MODULAR-RECHECK-001	source_missing	none
Main_Modules/TALENTS_Modular.lua	2	localization_table	loc_talent_mechanic_locked	BCD78EDDC95F2775E4ED217799B0495BFF7C11F3537FF9A75EA7C620AA4FFF9E	71506F940973D8BA704C38DB14DFA8DAD2300E073898AD3596D10DF0FF945131	Main_Modules/TALENTS_Modular.lua:123 (official localization fallback table)	Main_Modules/TALENTS_Modular.lua:126	localization_table	no	no	no	yes	KEEP		ED3-MODULAR-RECHECK-001	source_missing	none
Main_Modules/TALENTS_Modular.lua	3	localization_table	loc_talent_menu_tooltip_button_hint_first_level	9A209C9B89CC52C2E6938D3CDA135A7F8C3B8ED35C663AF6F63B1774435A5C00	CBAC3B23AD1A79834C3FD7346DED27A7FD0CD92319857926E4AB46EF30875849	Main_Modules/TALENTS_Modular.lua:130 (official localization fallback table)	Main_Modules/TALENTS_Modular.lua:133	localization_table	no	no	no	yes	KEEP		ED3-MODULAR-RECHECK-001	source_missing	none
Main_Modules/TALENTS_Modular.lua	4	localization_table	loc_talent_menu_tooltip_button_hint_remove_level_first	F4E6F8AE7E2CE83433BD24F96AE989732150ED79F71D27C76635F36B28DD9CAD	2DDE29907A5B349F45A2B892771EFE48E45929750A73C5BCD6EBED8FACFB0F67	Main_Modules/TALENTS_Modular.lua:137 (official localization fallback table)	Main_Modules/TALENTS_Modular.lua:140	localization_table	no	no	no	yes	KEEP		ED3-MODULAR-RECHECK-001	source_missing	none
Main_Modules/TALENTS_Modular.lua	5	localization_table	loc_alias_talent_builder_view_hotkey_summary	DC273C4CD5EFFC6712A23A7B04588C2FD9626BBFAFB6FD328C5DE596D52247D9	1216D63366D559E9C8D4722A288228A5F9CB286B629DC16961A951088E1A17E9	Main_Modules/TALENTS_Modular.lua:144 (official localization fallback table)	Main_Modules/TALENTS_Modular.lua:147	localization_table	no	no	no	yes	KEEP		ED3-MODULAR-RECHECK-001	source_missing	none
Main_Modules/TALENTS_Modular.lua	6	localization_table	loc_alias_talent_builder_view_popup_title_summary	F17A97B856EED8219C2D35681D07B933236438A1D118C5B2F95B21440DAFA677	53E8B2063C47C597937354E0A7FBDA79716478B1236FAC8931DAB0A5C144E117	Main_Modules/TALENTS_Modular.lua:151 (official localization fallback table)	Main_Modules/TALENTS_Modular.lua:154	localization_table	no	no	no	yes	KEEP		ED3-MODULAR-RECHECK-001	source_missing	none
Main_Modules/TALENTS_Modular.lua	7	localization_table	loc_glossary_talent_keystone_modifier	27C0BF00255FE7264AEE8AE94B7F97F72E55A53573C38E4F8F0E2B5D3044B286	6D144F9F24DB91265BB5F6B019A9B1E1EF39B51261BAB33F4DF6D0AF6DEBA4E0	Main_Modules/TALENTS_Modular.lua:174 (official localization fallback table)	Main_Modules/TALENTS_Modular.lua:177	localization_table	no	yes	no	yes	KEEP		ED3-MODULAR-RECHECK-001	source_missing	none
Main_Modules/TALENTS_Modular.lua	8	localization_table	loc_talent_mechanic_exclusive_tactical	C50859C7F125466EEC93AD9EBA2FFE8E6663E22C66AFF75889AE5FD9D0ACF1D8	9B75730D5C644FC6838358EF5F9E391651A3CA7EAE2E48974D31D3CC68F687A6	Main_Modules/TALENTS_Modular.lua:183 (official localization fallback table)	Main_Modules/TALENTS_Modular.lua:186	localization_table	no	yes	no	yes	KEEP		ED3-MODULAR-RECHECK-001	source_missing	none
Main_Modules/TALENTS_Modular.lua	9	localization_table	loc_talent_mechanic_exclusive_aura	FC862D29ADF9A1BEF957730E99A5940575F795164B03FD56522C4454C118CBC6	ADDA19944EBA0F5FA8E7470148D723E6469A9D2426D34A9A006E31BE9E26D58D	Main_Modules/TALENTS_Modular.lua:190 (official localization fallback table)	Main_Modules/TALENTS_Modular.lua:193	localization_table	no	yes	no	yes	KEEP		ED3-MODULAR-RECHECK-001	source_missing	none
Main_Modules/TALENTS_Modular.lua	10	localization_table	loc_talent_mechanic_exclusive_ability	541E4DD94E9A11749CC2DE577BDE805C7A3D315AB46FA533E3171C0525E5289C	86132FD73CAB037829AD1C62685364D9F0E098B7749F200093DDBF584E5B4AE2	Main_Modules/TALENTS_Modular.lua:197 (official localization fallback table)	Main_Modules/TALENTS_Modular.lua:200	localization_table	no	yes	no	yes	KEEP		ED3-MODULAR-RECHECK-001	source_missing	none
Main_Modules/TALENTS_Modular.lua	11	localization_table	loc_talent_mechanic_mutually_exclusive	068A00E8FE53762266FBDED90AFE450911E11C04139BFBA0660C54E9AF9223F1	1F6312B5E3E19716852F2D20E09B0B6100CD7CA54FB5B549991313FCBCD99AC5	Main_Modules/TALENTS_Modular.lua:204 (official localization fallback table)	Main_Modules/TALENTS_Modular.lua:207	localization_table	no	yes	no	yes	KEEP		ED3-MODULAR-RECHECK-001	source_missing	none
Main_Modules/TALENTS_Modular.lua	12	localization_table	loc_talent_mechanic_exclusive_keystone	342460851AE374A9AF536826952DB85E9CADEB44982673EA445085A31583EBD1	068167EF7C18BA95726F71520309C1809DCD4AE9B591075169D7A910C84F66A3	Main_Modules/TALENTS_Modular.lua:211 (official localization fallback table)	Main_Modules/TALENTS_Modular.lua:214	localization_table	no	yes	no	yes	KEEP		ED3-MODULAR-RECHECK-001	source_missing	none
Main_Modules/TALENTS_Modular.lua	13	localization_table	loc_talent_cleave_boost_medium_desc	FA87B789CAD1FA734CE7ED4F5730D94751383ED133E6B539B47A37D0B494E954	D6F3CA9862A9FE53FA770C23BE5D5F1F1C88B8A60497ADC2634A2197132B2B56	Main_Modules/TALENTS_Modular.lua:222	Main_Modules/TALENTS_Modular.lua:228	localization_table	no	yes	yes	yes	KEEP		ED3-MODULAR-RECHECK-001	match	resolved
Main_Modules/TALENTS_Modular.lua	14	localization_table	loc_talent_crit_chance_low_desc	05EADEE3E2BE52EB9F5AAE9195D24E77400CC7823B2F2CA96EFE956A9930B119	81F682DA209D1278E34220932BC71FFEFEBF3BC519C8B6B225E091D549004709	Main_Modules/TALENTS_Modular.lua:235	Main_Modules/TALENTS_Modular.lua:237	localization_table	no	yes	yes	yes	KEEP		ED3-MODULAR-RECHECK-001	match	resolved
Main_Modules/TALENTS_Modular.lua	15	localization_table	loc_talent_impact_boost_medium_desc	960B7654FF73D2E4760C2FB798E91EF3CD6FF7062B4DFE0B73E4FB2F3C0F37FC	C2DBAFBB501505429008219C50BFC269CD02B8D979473CA0F53772168BF75787	Main_Modules/TALENTS_Modular.lua:244	Main_Modules/TALENTS_Modular.lua:250	localization_table	no	yes	yes	yes	KEEP		ED3-MODULAR-RECHECK-001	match	resolved
Main_Modules/TALENTS_Modular.lua	16	localization_table	loc_talent_melee_damage_boost_medium_desc	5B2627ECEEB826DC7A18138F1BE3DFC98D8030EE06786DDB7D3A49CF979363A8	6D5692B35033C40FE2F253C7A931BBE3C0AFABBE38FB281407A5FCF3CB7DD725	Main_Modules/TALENTS_Modular.lua:258	Main_Modules/TALENTS_Modular.lua:260	localization_table	no	yes	yes	yes	KEEP		ED3-MODULAR-RECHECK-002	match	resolved
Main_Modules/TALENTS_Modular.lua	17	localization_table	loc_talent_movement_speed_low_desc	E9ADE7B266F249E47D98E0E3B87349E0B0ED404A29BBB0CB916A01C4D75161CE	721CC0A62F0CC69D3BB442F605A60C0C5B730ADD0B086E47A2DC1703FC38A96E	Main_Modules/TALENTS_Modular.lua:267	Main_Modules/TALENTS_Modular.lua:269	localization_table	no	yes	no	yes	KEEP		ED3-MODULAR-RECHECK-002	match	none
Main_Modules/TALENTS_Modular.lua	18	localization_table	loc_talent_warp_charge_low_desc	F19E2B898A6E41D3F1484E8771726A3020ED7ABCB973624722F47625EDFBFF87	5FC508F001977A9B1141424CC346BF5EDE99C16F66F89C7F861DE02B183C43B1	Main_Modules/TALENTS_Modular.lua:277	Main_Modules/TALENTS_Modular.lua:279	localization_table	no	yes	yes	yes	KEEP		ED3-MODULAR-RECHECK-002	match	resolved
Main_Modules/TALENTS_Modular.lua	19	localization_table	loc_talent_ranged_damage_medium_desc	F4F007CB4D92764DE96D3D809F993EE87ED0E1DAAB62F3B3F64C50F1506BB3ED	BC85D42E83764A8DD8C120E3BB740F0694AA688AA12C2CC36862E5F96388873F	Main_Modules/TALENTS_Modular.lua:286	Main_Modules/TALENTS_Modular.lua:288	localization_table	no	yes	yes	yes	KEEP		ED3-MODULAR-RECHECK-002	match	resolved
Main_Modules/TALENTS_Modular.lua	20	localization_table	loc_talent_reload_speed_low_desc	A10699ABA405BBAE60A819ABD10C35133C296124060EB9B59B8B2219CDDEEE72	34BA5CC8F557324C2801EE71A707E4A55B81F6B0D601B9AAAD466A3713696BEA	Main_Modules/TALENTS_Modular.lua:295	Main_Modules/TALENTS_Modular.lua:301	localization_table	no	yes	no	yes	KEEP		ED3-MODULAR-RECHECK-002	match	none
Main_Modules/TALENTS_Modular.lua	21	localization_table	loc_talent_reload_speed_medium_desc	A10699ABA405BBAE60A819ABD10C35133C296124060EB9B59B8B2219CDDEEE72	34BA5CC8F557324C2801EE71A707E4A55B81F6B0D601B9AAAD466A3713696BEA	Main_Modules/TALENTS_Modular.lua:310	Main_Modules/TALENTS_Modular.lua:316	localization_table	no	yes	no	yes	KEEP		ED3-MODULAR-RECHECK-002	match	none
Main_Modules/TALENTS_Modular.lua	22	localization_table	loc_talent_armor_pen_low_desc	D7AF2324CC83985339F7EA917A05293768984BB5DBCE3A7CE310426DF3824DD3	066126544F317DD4931C94071285AE52FBB1600D6D9C28E7E17F5097BF7830A1	Main_Modules/TALENTS_Modular.lua:325	Main_Modules/TALENTS_Modular.lua:331	localization_table	no	yes	yes	yes	KEEP		ED3-MODULAR-RECHECK-002	match	resolved
Main_Modules/TALENTS_Modular.lua	23	localization_table	loc_talent_stamina_low_desc	BA43E33044541D75F80C21C65F9D1F89B48DC8A43736471F51F72FADD020F382	6BB534839240420D94F41703EC50545B44ED7478D557B02102EC36B3CB858F1C	Main_Modules/TALENTS_Modular.lua:340	Main_Modules/TALENTS_Modular.lua:342	localization_table	no	yes	yes	yes	KEEP		ED3-MODULAR-RECHECK-002	match	resolved
Main_Modules/TALENTS_Modular.lua	24	localization_table	loc_talent_stamina_regen_delay_desc	56E0E754CCD41FCC0F920701C1A0AF24F395D68CB5232A7CB2710602A5BA1EDD	1DA4785D3E7F0AC1BCFFCB7335462B5AF64420BDF029725D6AB3356CDAF59698	Main_Modules/TALENTS_Modular.lua:349	Main_Modules/TALENTS_Modular.lua:351	localization_table	no	yes	yes	yes	KEEP		ED3-MODULAR-RECHECK-002	match	resolved
Main_Modules/TALENTS_Modular.lua	25	localization_table	loc_talent_toughness_boost_low_desc	F5A939B61072BDE73B67B065F57378C01C6FB1360D094B93358717EECB15C7FD	DDC174E6B29A8801441F2AF72D9FB6B2D80EAE1E56BD76A71D005B67BB17094A	Main_Modules/TALENTS_Modular.lua:358	Main_Modules/TALENTS_Modular.lua:360	localization_table	no	yes	yes	yes	KEEP		ED3-MODULAR-RECHECK-002	match	resolved
Main_Modules/TALENTS_Modular.lua	26	localization_table	loc_talent_toughness_boost_medium_desc	F5A939B61072BDE73B67B065F57378C01C6FB1360D094B93358717EECB15C7FD	DDC174E6B29A8801441F2AF72D9FB6B2D80EAE1E56BD76A71D005B67BB17094A	Main_Modules/TALENTS_Modular.lua:367	Main_Modules/TALENTS_Modular.lua:369	localization_table	no	yes	yes	yes	KEEP		ED3-MODULAR-RECHECK-002	match	resolved
Main_Modules/TALENTS_Modular.lua	27	localization_table	loc_talent_toughness_damage_reduction_low_desc	1A6B8DD8069753E7F495F45CCFF711788573B76F6C7E98593D48C1662A45516B	B6BE9EE5AC896AA8FCE51668007E0D64D5E2E5E1A66B54F101F740482CA48BDA	Main_Modules/TALENTS_Modular.lua:376	Main_Modules/TALENTS_Modular.lua:378	localization_table	no	yes	yes	yes	KEEP		ED3-MODULAR-RECHECK-002	match	resolved
Main_Modules/TALENTS_Modular.lua	28	localization_table	loc_talent_toughness_damage_reduction_medium_desc	1A6B8DD8069753E7F495F45CCFF711788573B76F6C7E98593D48C1662A45516B	B6BE9EE5AC896AA8FCE51668007E0D64D5E2E5E1A66B54F101F740482CA48BDA	Main_Modules/TALENTS_Modular.lua:385	Main_Modules/TALENTS_Modular.lua:387	localization_table	no	yes	yes	yes	KEEP		ED3-MODULAR-RECHECK-002	match	resolved
Main_Modules/TALENTS_Modular.lua	29	localization_table	loc_talent_toxin_damage_boost_desc	8B9461183A54FDF0820371B269CD0C3FBFE6605DEE881CF0EFD4C32BF00BCE16	B53A3F2D8C66706A39DA68FAAF038295A56B465F24E6F7913946E7C079A9B44C	Main_Modules/TALENTS_Modular.lua:394	Main_Modules/TALENTS_Modular.lua:396	localization_table	no	yes	yes	yes	KEEP		ED3-MODULAR-RECHECK-002	match	resolved
Main_Modules/NAMES_Talents_Blessings.lua	1	localization_table	loc_trait_bespoke_armor_penetration_against_staggered	67B2BE2E5FA55C39D40C18BC23DADFE8998AAF5A6A6AAD051DD49748D35372F3	865A3D3CB0E94DE9CB7733A8C528016F61B2675C83988BABBB9E205CF3DFDC03	Main_Modules/NAMES_Talents_Blessings.lua:42 (official localization fallback table)	Main_Modules/NAMES_Talents_Blessings.lua:44	localization_table	no	yes	no	yes	KEEP		ED3-NAMES-RECHECK-001	source_missing	none
Main_Modules/NAMES_Talents_Blessings.lua	2	localization_table	loc_trait_bespoke_bleed_on_activated_hit	D826574767536CDA4A7568F9D7C3F3717516EF5A1CC8568879AE13FE8294BCEA	A44016E3C4C51BD1FA46A907A331C6F1F54DB08B9156E3A0EB28C935C06C81E5	Main_Modules/NAMES_Talents_Blessings.lua:48 (official localization fallback table)	Main_Modules/NAMES_Talents_Blessings.lua:50	localization_table	no	yes	no	yes	KEEP		ED3-NAMES-RECHECK-001	source_missing	none
Main_Modules/NAMES_Talents_Blessings.lua	3	localization_table	loc_trait_bespoke_guaranteed_melee_crit_on_activated_kill	8770EC71E1E149426E2C0EFAD293A80BC0961AB1A2B57555342645A81A81ACC0	29CB09F949B47824BEA709FEF0E97FA01D9370638C4EBDA128D2A05AE94AC469	Main_Modules/NAMES_Talents_Blessings.lua:54 (official localization fallback table)	Main_Modules/NAMES_Talents_Blessings.lua:56	localization_table	no	yes	no	yes	KEEP		ED3-NAMES-RECHECK-001	source_missing	none
Main_Modules/NAMES_Talents_Blessings.lua	4	localization_table	loc_trait_bespoke_movement_speed_on_activation	A62980C45571F24D4EEF471BF40495E03E7957748F84CB63D418A14276FD48AC	DB277BDDF08F21790B731EF0DB90BDC7750F9928308EE3601EABD3606D807EB3	Main_Modules/NAMES_Talents_Blessings.lua:70 (official localization fallback table)	Main_Modules/NAMES_Talents_Blessings.lua:72	localization_table	no	yes	no	yes	KEEP		ED3-NAMES-RECHECK-001	source_missing	none
Main_Modules/NAMES_Talents_Blessings.lua	5	localization_table	loc_trait_bespoke_targets_receive_rending_debuff	97594FB72E166AF4D568C70B9726990C100D031F66229C4E1F90E9F118001ABC	A74EA339D1F9AD5FD9E9FBF3240F0C14EAE7F78621DC379DF78FE6CC65BF36A4	Main_Modules/NAMES_Talents_Blessings.lua:81 (official localization fallback table)	Main_Modules/NAMES_Talents_Blessings.lua:83	localization_table	no	yes	no	yes	KEEP		ED3-NAMES-RECHECK-001	source_missing	none
Main_Modules/NAMES_Talents_Blessings.lua	6	localization_table	loc_trait_bespoke_chained_hits_increases_crit_chance	B9F79C07267510348E9783E68803C60EC8F0778E458F1523126CEEC48CE3B01F	6F0CEEE159AE264A097C976A995B55614A3EAF07FE84619A3D358C34B721AECF	Main_Modules/NAMES_Talents_Blessings.lua:92 (official localization fallback table)	Main_Modules/NAMES_Talents_Blessings.lua:94	localization_table	no	yes	no	yes	KEEP		ED3-NAMES-RECHECK-001	source_missing	none
Main_Modules/NAMES_Talents_Blessings.lua	7	localization_table	loc_trait_bespoke_increased_attack_cleave_on_multiple_hits	83AC7A00462AA7D67A4391E59FFA5EBB88094F03A0022CE149E51D735CC532F2	2DECF0C8683E00F3AFA4A78E9D1D7A808FF057C4C794262E36F5E7DDA34A720C	Main_Modules/NAMES_Talents_Blessings.lua:98 (official localization fallback table)	Main_Modules/NAMES_Talents_Blessings.lua:100	localization_table	no	yes	no	yes	KEEP		ED3-NAMES-RECHECK-001	source_missing	none
Main_Modules/NAMES_Talents_Blessings.lua	8	localization_table	loc_trait_bespoke_infinite_cleave_on_weakspot_kill	8547C2CECDDFA85772E82F6DD71BF0D815BEC6C3E2EF15FA76BD11862360F416	25D1246C3434C6A36B9776E62F38ADFB030AAD9AE003C27D44DD75159ED74C5F	Main_Modules/NAMES_Talents_Blessings.lua:119 (official localization fallback table)	Main_Modules/NAMES_Talents_Blessings.lua:121	localization_table	no	yes	no	yes	KEEP		ED3-NAMES-RECHECK-001	source_missing	none
Main_Modules/NAMES_Talents_Blessings.lua	9	localization_table	loc_trait_bespoke_power_bonus_on_first_attack	DA53BC713C00CEEACACD0A5111D91C3B642FD3C0B6515944A8424B3F40B109D0	D9BB7A989105E57B93386A3839E886B175D5B173E432E1CC7C240B5AF42D2064	Main_Modules/NAMES_Talents_Blessings.lua:130 (official localization fallback table)	Main_Modules/NAMES_Talents_Blessings.lua:132	localization_table	no	yes	no	yes	KEEP		ED3-NAMES-RECHECK-001	source_missing	none
Main_Modules/NAMES_Talents_Blessings.lua	10	localization_table	loc_trait_bespoke_power_bonus_scaled_on_stamina	ED0373F321743B024E9B51B2566FBFDBAD6C3ADA9C33122D21FF50F77FB0802B	D922914EDF5E42CA4BE6A9B8C06C0B88E8836C6932C1C72007B9588333144467	Main_Modules/NAMES_Talents_Blessings.lua:136 (official localization fallback table)	Main_Modules/NAMES_Talents_Blessings.lua:138	localization_table	no	yes	no	yes	KEEP		ED3-NAMES-RECHECK-001	source_missing	none
Main_Modules/NAMES_Talents_Blessings.lua	11	localization_table	loc_trait_bespoke_dodge_count_reset_on_weakspot_hit	AD3C9F2AF9DD2E5FC856256ACA1E9C2D8B88BBD28FC90A67FA08C04582CC9836	45F372E63FAC2E51F2F515B9FC864325445AC9E6C8CD26AE6C461A7027636351	Main_Modules/NAMES_Talents_Blessings.lua:147 (official localization fallback table)	Main_Modules/NAMES_Talents_Blessings.lua:149	localization_table	no	yes	no	yes	KEEP		ED3-NAMES-RECHECK-001	source_missing	none
Main_Modules/NAMES_Talents_Blessings.lua	12	localization_table	loc_trait_bespoke_guaranteed_melee_crit_after_crit_weakspot_kill	45E3EDFEFAE2101412C464442AE44DC0FBD8906B61287E446A8A1E7CDA78AC94	8BB9D1684DF871B112D6158ABAB805CD67ADDC689273BEE2DA3DDC937E9B4C00	Main_Modules/NAMES_Talents_Blessings.lua:153 (official localization fallback table)	Main_Modules/NAMES_Talents_Blessings.lua:155	localization_table	no	yes	no	yes	KEEP		ED3-NAMES-RECHECK-001	source_missing	none
Main_Modules/NAMES_Talents_Blessings.lua	13	localization_table	loc_trait_bespoke_power_bonus_on_same_enemy_attacks	DA7389F1533F29C1F87A0F412182F954CB43909A1B7178E5BFDFBE0839083CC7	74B41C7ADE51F10F0007DF859750BF273BE3E3AC841F3FAC31B60A6714087063	Main_Modules/NAMES_Talents_Blessings.lua:159 (official localization fallback table)	Main_Modules/NAMES_Talents_Blessings.lua:161	localization_table	no	yes	no	yes	KEEP		ED3-NAMES-RECHECK-001	source_missing	none
Main_Modules/NAMES_Talents_Blessings.lua	14	localization_table	loc_trait_bespoke_chained_weakspot_hits_increases_power	C81503D50E871335130EB2F76F718F955D4F68E7DF08E8515DECFA427F491CD3	8848B19ED643D3968F479C3C3E58189816D9F8EB037A0F4E2A65704CBCB87B6A	Main_Modules/NAMES_Talents_Blessings.lua:175 (official localization fallback table)	Main_Modules/NAMES_Talents_Blessings.lua:177	localization_table	no	yes	no	yes	KEEP		ED3-NAMES-RECHECK-001	source_missing	none
Main_Modules/NAMES_Talents_Blessings.lua	15	localization_table	loc_trait_bespoke_dodge_grants_finesse_bonus	66AC1DC5D77D8944DD325F900BFA20CE10DD4BF359A98220FCD7CB231CFA03E1	FE9E64EE96DE452EF8867645EEF28A8D5A2C2B0C36462D538522F2173B12ECFE	Main_Modules/NAMES_Talents_Blessings.lua:186 (official localization fallback table)	Main_Modules/NAMES_Talents_Blessings.lua:188	localization_table	no	yes	no	yes	KEEP		ED3-NAMES-RECHECK-001	source_missing	none
Main_Modules/NAMES_Talents_Blessings.lua	16	localization_table	loc_trait_bespoke_heavy_chained_hits_increases_killing_blow_chance	82F6A38B89B7DC9A9D2CC51B37383ED76C10435F5AA0B2FDCC46ACA578B4F9C4	CAA368F742E97D7419F052B89068F045C56F73B805B9572F188499ABCC9030C5	Main_Modules/NAMES_Talents_Blessings.lua:192 (official localization fallback table)	Main_Modules/NAMES_Talents_Blessings.lua:194	localization_table	no	yes	no	yes	KEEP		ED3-NAMES-RECHECK-002	source_missing	none
Main_Modules/NAMES_Talents_Blessings.lua	17	localization_table	loc_trait_bespoke_increased_crit_chance_after_punching_staggered_enemy	D120775F7CF49BE0C506ED4FE5AA7828C00A70937F268BC4ECD58F78D482FBC5	68479C2AF4CE84CBC89DF305FC6FD9EF247019AB239ACDBB9083F2D322DB35CE	Main_Modules/NAMES_Talents_Blessings.lua:198 (official localization fallback table)	Main_Modules/NAMES_Talents_Blessings.lua:200	localization_table	no	yes	no	yes	KEEP		ED3-NAMES-RECHECK-002	source_missing	none
Main_Modules/NAMES_Talents_Blessings.lua	18	localization_table	loc_trait_bespoke_increased_weakspot_damage_on_bleeding	53A72212014D074618C736EBF242F5611ED682258D77EDE36A152737E0D70BA3	BDC1423A5E84ADB1EEC7F527BDF6426BDE4FBC1C5B4C52E9AE06E0DD15A5F27C	Main_Modules/NAMES_Talents_Blessings.lua:204 (official localization fallback table)	Main_Modules/NAMES_Talents_Blessings.lua:206	localization_table	no	yes	no	yes	KEEP		ED3-NAMES-RECHECK-002	source_missing	none
Main_Modules/NAMES_Talents_Blessings.lua	19	localization_table	loc_trait_bespoke_increase_stagger_per_hit_in_sweep	162292368A366A60349F29E4F10C5DAFB7A95AEB7F995DADB5E7D7A1D6EE3E5C	17DE669420F7D1B439B6B4EE0DBCBCC00C5B7ECAB32BAE8CB16CE43C168CDD16	Main_Modules/NAMES_Talents_Blessings.lua:225 (official localization fallback table)	Main_Modules/NAMES_Talents_Blessings.lua:227	localization_table	no	yes	no	yes	KEEP		ED3-NAMES-RECHECK-002	source_missing	none
Main_Modules/NAMES_Talents_Blessings.lua	20	localization_table	loc_trait_bespoke_stacking_increase_impact_on_hit	10AAF928F6542CCC2F444868B87327712FB1519D9C0E4827ADBB4180C3235658	028E4A76969A31804AEA305DB999306B9C90786CBB359E2BA5F719D57D45E883	Main_Modules/NAMES_Talents_Blessings.lua:231 (official localization fallback table)	Main_Modules/NAMES_Talents_Blessings.lua:233	localization_table	no	yes	no	yes	KEEP		ED3-NAMES-RECHECK-002	source_missing	none
Main_Modules/NAMES_Talents_Blessings.lua	21	localization_table	loc_trait_bespoke_staggered_targets_receive_increased_stagger_debuff	069D6A0B84A20F88845D43E3CD2B2878AD93F8DCCFD8CCFF2309B3957345C7EB	B4DAE8946746302E9332341D6A1BFE0DA21C788B48081DCA1465A9D658725E4D	Main_Modules/NAMES_Talents_Blessings.lua:242 (official localization fallback table)	Main_Modules/NAMES_Talents_Blessings.lua:244	localization_table	no	yes	no	yes	KEEP		ED3-NAMES-RECHECK-002	source_missing	none
Main_Modules/NAMES_Talents_Blessings.lua	22	localization_table	loc_trait_bespoke_increased_crit_chance_on_weakspot_kill	088B8340B4AEE111A5CB8CB2E859049DB29051EBF99DECFB1EE4230156324B09	64651CA1640F843F44D1687660D16C1447462A607132F4F9353D8B14830F663B	Main_Modules/NAMES_Talents_Blessings.lua:248 (official localization fallback table)	Main_Modules/NAMES_Talents_Blessings.lua:250	localization_table	no	yes	no	yes	KEEP		ED3-NAMES-RECHECK-002	source_missing	none
Main_Modules/NAMES_Talents_Blessings.lua	23	localization_table	loc_trait_bespoke_stacking_rending_on_cleave	94E01E1025B1F2A3F47105470EF40605E9DC6BA62066E363F59666C156C4301F	075EA7CF6DE4CE5C3EDFB132DD8D16C3BDCD0B41D7022963CD68EB579B08A637	Main_Modules/NAMES_Talents_Blessings.lua:259 (official localization fallback table)	Main_Modules/NAMES_Talents_Blessings.lua:261	localization_table	no	yes	no	yes	KEEP		ED3-NAMES-RECHECK-002	source_missing	none
Main_Modules/NAMES_Talents_Blessings.lua	24	localization_table	loc_trait_bespoke_warp_burninating_on_crit	7DD83B2D261C3FDBEB63164131373F245F801171F256076248E486A1F3E1FA58	C2F6E89A2F1843B92E802471B62A71BBC7CD3BF62CA90089BED6C8571D3460A5	Main_Modules/NAMES_Talents_Blessings.lua:282 (official localization fallback table)	Main_Modules/NAMES_Talents_Blessings.lua:284	localization_table	no	yes	no	yes	KEEP		ED3-NAMES-RECHECK-002	source_missing	none
Main_Modules/NAMES_Talents_Blessings.lua	25	localization_table	loc_trait_bespoke_wind_slash_crits	5D2EDC62EFFF3BD528D87C2636F1A667064D1BA69DEADE3292CCAE7C104220EC	B5682D9E80198D0039AC97CBE7C0A5D646544D85469F54F97BBFD7BCA126CBFF	Main_Modules/NAMES_Talents_Blessings.lua:293 (official localization fallback table)	Main_Modules/NAMES_Talents_Blessings.lua:295	localization_table	no	yes	no	yes	KEEP		ED3-NAMES-RECHECK-002	source_missing	none
Main_Modules/NAMES_Talents_Blessings.lua	26	localization_table	loc_trait_bespoke_regain_toughness_on_multiple_hits_by_weapon_special	7E31049EDFBC40623F415D4802C4B8A879643872483B442692E1749A9A026DF1	40BCC66C1C35B8946AFF94CF2DD295CC6C55E0C275CBC1498D791195AC886925	Main_Modules/NAMES_Talents_Blessings.lua:349 (official localization fallback table)	Main_Modules/NAMES_Talents_Blessings.lua:351	localization_table	no	yes	no	yes	KEEP		ED3-NAMES-RECHECK-002	source_missing	none
Main_Modules/NAMES_Talents_Blessings.lua	27	localization_table	loc_trait_bespoke_extended_activation_duration_and_stagger_on_chained_attacks	78089035A80E7384538D2D676BB2591CA4A2405C92FBCDE61B93AEA32CB322B0	CF9559F216EB5F293547F62F1F0E63B10CE1BEB5D7098F718A590B093F0B44A6	Main_Modules/NAMES_Talents_Blessings.lua:374 (official localization fallback table)	Main_Modules/NAMES_Talents_Blessings.lua:376	localization_table	no	yes	no	yes	KEEP		ED3-NAMES-RECHECK-002	source_missing	none
Main_Modules/NAMES_Talents_Blessings.lua	28	localization_table	loc_trait_bespoke_infinite_armor_cleave_on_activated_attacks	8646F5436949823909969C314E87A966189ADEBC4494CACD62C6A8E8F17F9506	9AD2DF495E8251D9BD8F48EFCF936C9B9ACD72B045609E208B4DDAED23DB564B	Main_Modules/NAMES_Talents_Blessings.lua:380 (official localization fallback table)	Main_Modules/NAMES_Talents_Blessings.lua:382	localization_table	no	yes	no	yes	KEEP		ED3-NAMES-RECHECK-002	source_missing	none
Main_Modules/NAMES_Talents_Blessings.lua	29	localization_table	loc_trait_bespoke_toughness_on_hit_based_on_charge_time	03880A644BF9CA8F35072B1AC34CE893F5AEECA0692E607FBC957F765B7F2C63	67AE0DAF7544E7634A74B93935A69EF7CFBF1ACD8ECCDC440681959E77FAC0DA	Main_Modules/NAMES_Talents_Blessings.lua:421 (official localization fallback table)	Main_Modules/NAMES_Talents_Blessings.lua:423	localization_table	no	yes	no	yes	KEEP		ED3-NAMES-RECHECK-002	source_missing	none
Main_Modules/NAMES_Talents_Blessings.lua	30	localization_table	loc_trait_bespoke_explosion_on_activated_attacks_on_armor	F72E1B94E14F803A0D9ED341B8034EB9AA444D3B7DEE8991A1747117EAAEEDE6	39DC65D1B6E7B94DACB92BE00A4C940772F1FDA43447E6ED2E00482DA79AEF68	Main_Modules/NAMES_Talents_Blessings.lua:427 (official localization fallback table)	Main_Modules/NAMES_Talents_Blessings.lua:429	localization_table	no	yes	no	yes	KEEP		ED3-NAMES-RECHECK-002	source_missing	none
Main_Modules/NAMES_Talents_Blessings.lua	31	localization_table	loc_trait_damage_bonus_on_block	308EBDDEA942149BA5F88CBDE0D99769EA30F9244E1507326C7C576D1F54B2ED	986A00884CEB34422BA2811225DBBB738ABEBAE9D904175E448318228A96A1E7	Main_Modules/NAMES_Talents_Blessings.lua:438 (official localization fallback table)	Main_Modules/NAMES_Talents_Blessings.lua:440	localization_table	no	yes	no	yes	KEEP		ED3-NAMES-RECHECK-003	source_missing	none
Main_Modules/NAMES_Talents_Blessings.lua	32	localization_table	loc_trait_bespoke_allow_flanking_and_increased_damage_when_flanking	A5CACC76977ECEE8C12A4A29EDD59BC6FABCE984F2FA56D2C423B8B27D11812D	CA5F830BA4D77D3BD9610BF70ED614493051FB2E72573681F3474FA69CE76C63	Main_Modules/NAMES_Talents_Blessings.lua:456 (official localization fallback table)	Main_Modules/NAMES_Talents_Blessings.lua:458	localization_table	no	yes	no	yes	KEEP		ED3-NAMES-RECHECK-003	source_missing	none
Main_Modules/NAMES_Talents_Blessings.lua	33	localization_table	loc_trait_bespoke_consecutive_hits_increases_close_damage	4A619F3201367A295197420842065F0314D86AB5D99CB4DEB94B7295972D0B63	FCFA794C7157918CF739F50A4569DEF77AD1040D336BDDD016A99B7234D1CD5F	Main_Modules/NAMES_Talents_Blessings.lua:462 (official localization fallback table)	Main_Modules/NAMES_Talents_Blessings.lua:464	localization_table	no	yes	no	yes	KEEP		ED3-NAMES-RECHECK-003	source_missing	none
Main_Modules/NAMES_Talents_Blessings.lua	34	localization_table	loc_trait_bespoke_followup_shots_ranged_damage	E31BD5729F974590BD0A88BA942F1C152EA890DE696AAF0B17C4D55270A221C2	DC684940C400A2964EC9E9C1BA1487F3F23152A66289B6F745B8DC3DF5CB202D	Main_Modules/NAMES_Talents_Blessings.lua:473 (official localization fallback table)	Main_Modules/NAMES_Talents_Blessings.lua:475	localization_table	no	yes	no	yes	KEEP		ED3-NAMES-RECHECK-003	source_missing	none
Main_Modules/NAMES_Talents_Blessings.lua	35	localization_table	loc_trait_bespoke_increase_close_damage_on_close_kill	68183562C77F0F317C00410027DD128476911B474E01AB4AE70EBFA3AB079290	1AB0A0E496339406B8F36A5B2D9909B45FC68FE1709166B38A883114461BA588	Main_Modules/NAMES_Talents_Blessings.lua:484 (official localization fallback table)	Main_Modules/NAMES_Talents_Blessings.lua:486	localization_table	no	yes	no	yes	KEEP		ED3-NAMES-RECHECK-003	source_missing	none
Main_Modules/NAMES_Talents_Blessings.lua	36	localization_table	loc_trait_bespoke_increase_power_on_close_kill	B974353524EF1754D5502FF8B354BB3A631C55AA8D5E6767A78F17FD42AB4E5A	12E6F333B5476D9D89D285CD50FC2E1F8DD66C43D47E79A09F860D2B71591956	Main_Modules/NAMES_Talents_Blessings.lua:490 (official localization fallback table)	Main_Modules/NAMES_Talents_Blessings.lua:492	localization_table	no	yes	no	yes	KEEP		ED3-NAMES-RECHECK-003	source_missing	none
Main_Modules/NAMES_Talents_Blessings.lua	37	localization_table	loc_trait_bespoke_increased_sprint_speed	9B1896EA4B2DE73F9E20E129A9AF643DCA4ACEB363259D7C34CED4F27FA1C57C	7F9E8ECB7488E00E04A1B56F2B8E343D3EF15A18725674B7D28F01DE712A84BA	Main_Modules/NAMES_Talents_Blessings.lua:496 (official localization fallback table)	Main_Modules/NAMES_Talents_Blessings.lua:498	localization_table	no	yes	no	yes	KEEP		ED3-NAMES-RECHECK-003	source_missing	none
Main_Modules/NAMES_Talents_Blessings.lua	38	localization_table	loc_trait_bespoke_reload_speed_on_slide	7CE56C16709EE09D4F42CEACF35AC6401A67A9EF749A61EDE10A3E4C416D708A	D70275B7CC81423BDFE27823535277E1599032657C30455AB294D48C582B7BD3	Main_Modules/NAMES_Talents_Blessings.lua:502 (official localization fallback table)	Main_Modules/NAMES_Talents_Blessings.lua:504	localization_table	no	yes	no	yes	KEEP		ED3-NAMES-RECHECK-003	source_missing	none
Main_Modules/NAMES_Talents_Blessings.lua	39	localization_table	loc_trait_bespoke_suppression_on_close_kill	FEA3E2C571F1C5AC55713EEC953611D4A8AB0F3E2578D77CCE045B931201EA62	D084CE450DE7EDC232D76C51E6EC41FFB6CCB6D5C3D4FE5412FB507D1DEE01B7	Main_Modules/NAMES_Talents_Blessings.lua:508 (official localization fallback table)	Main_Modules/NAMES_Talents_Blessings.lua:510	localization_table	no	yes	no	yes	KEEP		ED3-NAMES-RECHECK-003	source_missing	none
Main_Modules/NAMES_Talents_Blessings.lua	40	localization_table	loc_trait_bespoke_suppression_on_continuous_fire	A324E87E4AE7EC067B8A38124991E3D29628156621D1F9CB895FB1166D010894	9D972A9C06A6BFB0B6761DFFFFEFF4435E68FFBD337870A7B70E46E955A2EC0E	Main_Modules/NAMES_Talents_Blessings.lua:519 (official localization fallback table)	Main_Modules/NAMES_Talents_Blessings.lua:521	localization_table	no	yes	no	yes	KEEP		ED3-NAMES-RECHECK-003	source_missing	none
Main_Modules/NAMES_Talents_Blessings.lua	41	localization_table	loc_trait_bespoke_toughness_on_continuous_fire	7CC9A2EA8AC06049D5B8BCF06FFA5068778C49EF6A59154FFA3E590CC828C996	7B140B422E4A3B1C20F31FDE7319FA07EA3025BA31A1982E24AA2D02A9BA35F0	Main_Modules/NAMES_Talents_Blessings.lua:525 (official localization fallback table)	Main_Modules/NAMES_Talents_Blessings.lua:527	localization_table	no	yes	no	yes	KEEP		ED3-NAMES-RECHECK-003	source_missing	none
Main_Modules/NAMES_Talents_Blessings.lua	42	localization_table	loc_trait_bespoke_crit_chance_based_on_aim_time	7C8886BB0744055301D5C74AA4C071708288F99A0EC5CD193CA17DB6E73A57C5	21B116B3D868BB2A85287A556477E808506708B0DF8F7755A4F568D9A7B557D2	Main_Modules/NAMES_Talents_Blessings.lua:536 (official localization fallback table)	Main_Modules/NAMES_Talents_Blessings.lua:538	localization_table	no	yes	no	yes	KEEP		ED3-NAMES-RECHECK-003	source_missing	none
Main_Modules/NAMES_Talents_Blessings.lua	43	localization_table	loc_trait_bespoke_stagger_count_bonus_damage	B6EA13B8A6A555CD9E3663401C7C404F8A58795024C15946D06B81CBB208C8C7	25762EB5B5E349DA103975118113676541EF78D8646EA514780C6A559E971C24	Main_Modules/NAMES_Talents_Blessings.lua:552 (official localization fallback table)	Main_Modules/NAMES_Talents_Blessings.lua:554	localization_table	no	yes	no	yes	KEEP		ED3-NAMES-RECHECK-003	source_missing	none
Main_Modules/NAMES_Talents_Blessings.lua	44	localization_table	loc_trait_bespoke_power_bonus_on_continuous_fire	527412A67B55034B7F5AF6618792C6B03B5F7AE493632C5B6DDC9768F4CC1C51	C2A400D2834840E631647C2FE813786FBAD77D63E5DCBBB7B01FE22D97FE4D25	Main_Modules/NAMES_Talents_Blessings.lua:571 (official localization fallback table)	Main_Modules/NAMES_Talents_Blessings.lua:573	localization_table	no	yes	no	yes	KEEP		ED3-NAMES-RECHECK-003	source_missing	none
Main_Modules/NAMES_Talents_Blessings.lua	45	localization_table	loc_trait_bespoke_stacking_power_bonus_on_staggering_enemies	71A22D6A911880141101392A0375069D4D736AAFF39254F7232FC80D09491485	0682C4CEDB0F7F0C8151C5F42CE55CE50913BBFF0840144C32E00DF462567F4D	Main_Modules/NAMES_Talents_Blessings.lua:587 (official localization fallback table)	Main_Modules/NAMES_Talents_Blessings.lua:589	localization_table	no	yes	no	yes	KEEP		ED3-NAMES-RECHECK-003	source_missing	none
Main_Modules/NAMES_Talents_Blessings.lua	46	localization_table	loc_trait_bespoke_double_shot_on_crit	0EECC3B0F4F0E4F86FAB5CF259123FACA4C66353E8C7D74BCDBC4EE7A8C02C88	B300BE560FFEFB7C53A26D1CDA8E1B2132850E852F0E04A566F842A125D6513D	Main_Modules/NAMES_Talents_Blessings.lua:623 (official localization fallback table)	Main_Modules/NAMES_Talents_Blessings.lua:625	localization_table	no	yes	no	yes	KEEP		ED3-NAMES-RECHECK-004	source_missing	none
Main_Modules/NAMES_Talents_Blessings.lua	47	localization_table	loc_trait_bespoke_double_shot_on_crit_and_crit_chance	0EECC3B0F4F0E4F86FAB5CF259123FACA4C66353E8C7D74BCDBC4EE7A8C02C88	B300BE560FFEFB7C53A26D1CDA8E1B2132850E852F0E04A566F842A125D6513D	Main_Modules/NAMES_Talents_Blessings.lua:629 (official localization fallback table)	Main_Modules/NAMES_Talents_Blessings.lua:631	localization_table	no	yes	no	yes	KEEP		ED3-NAMES-RECHECK-004	source_missing	none
Main_Modules/NAMES_Talents_Blessings.lua	48	localization_table	loc_trait_bespoke_increased_crit_chance_scaled_on_peril	E66FC0239C8373D58819017E3A0A28DBB533CA309C3903772EA8725C78C8957B	64899422634CFAC79578CDA1E78202B2BD4F985D614563EBC317D16217D4C507	Main_Modules/NAMES_Talents_Blessings.lua:640 (official localization fallback table)	Main_Modules/NAMES_Talents_Blessings.lua:642	localization_table	no	yes	no	yes	KEEP		ED3-NAMES-RECHECK-004	source_missing	none
Main_Modules/NAMES_Talents_Blessings.lua	49	localization_table	loc_trait_bespoke_peril_vent_on_weakspot_hit	DDA775E2CBC75EEB64B0181E280DA70BCCBE84D7CFC1279EDD49EEC0C51BF740	1029AAF6AD946D2DB19A2CADE2CA11ED17E1E53F86ABCEB483CB6FD228CE25B1	Main_Modules/NAMES_Talents_Blessings.lua:646 (official localization fallback table)	Main_Modules/NAMES_Talents_Blessings.lua:648	localization_table	no	yes	no	yes	KEEP		ED3-NAMES-RECHECK-004	source_missing	none
Main_Modules/NAMES_Talents_Blessings.lua	50	localization_table	loc_trait_bespoke_warpfire_burn_on_crit	7DD83B2D261C3FDBEB63164131373F245F801171F256076248E486A1F3E1FA58	C2F6E89A2F1843B92E802471B62A71BBC7CD3BF62CA90089BED6C8571D3460A5	Main_Modules/NAMES_Talents_Blessings.lua:662 (official localization fallback table)	Main_Modules/NAMES_Talents_Blessings.lua:664	localization_table	no	yes	no	yes	KEEP		ED3-NAMES-RECHECK-004	source_missing	none
Main_Modules/NAMES_Talents_Blessings.lua	51	localization_table	loc_trait_bespoke_armor_rending_from_dot_burning	0A75A32332620350F738CB7276B6E20AF035CAC238EC66CBDFF4A42648771CBB	0C099468098208A6F8E8341BF4BCB001D7D674BBC99FBD79595C7C1D6614F453	Main_Modules/NAMES_Talents_Blessings.lua:668 (official localization fallback table)	Main_Modules/NAMES_Talents_Blessings.lua:670	localization_table	no	yes	no	yes	KEEP		ED3-NAMES-RECHECK-004	source_missing	none
Main_Modules/NAMES_Talents_Blessings.lua	52	localization_table	loc_trait_bespoke_chance_to_explode_elites_on_kill	A073310CC97FDF3AF0B145643ABA611CCC9822F0BFB688901DFE165519BAA4CB	D4EFA95E76FDAA7154750740697DBCD3B2ED3692F540DA7059A1DC766325EBBC	Main_Modules/NAMES_Talents_Blessings.lua:674 (official localization fallback table)	Main_Modules/NAMES_Talents_Blessings.lua:676	localization_table	no	yes	no	yes	KEEP		ED3-NAMES-RECHECK-004	source_missing	none
Main_Modules/NAMES_Talents_Blessings.lua	53	localization_table	loc_trait_bespoke_crit_chance_on_chained_weakspot_hits	BCBDD1F8EBD3C87B880B9D3292E16FBB33611BE9F4D64A286D827A6BA9ADFD3A	694054FA1FADB85EF033A097BD6A2D453430ED021FCC1D42A98C235AF40B7422	Main_Modules/NAMES_Talents_Blessings.lua:690 (official localization fallback table)	Main_Modules/NAMES_Talents_Blessings.lua:692	localization_table	no	yes	no	yes	KEEP		ED3-NAMES-RECHECK-004	source_missing	none
Main_Modules/NAMES_Talents_Blessings.lua	54	localization_table	loc_trait_bespoke_toughness_on_crit_kills	0295647AA85E978BE10E5A35DA822A215380CEC7CF14451B308956BD24D68348	B3D6A29BD23DABD48A91CB360D21BB20190B3C4C79552701DA0318F2EDCAFE81	Main_Modules/NAMES_Talents_Blessings.lua:701 (official localization fallback table)	Main_Modules/NAMES_Talents_Blessings.lua:703	localization_table	no	yes	no	yes	KEEP		ED3-NAMES-RECHECK-004	source_missing	none
Main_Modules/NAMES_Talents_Blessings.lua	55	localization_table	loc_trait_bespoke_cleave_on_crit	BD844454A23D0127BD8563714ACD2DD3553230F88B2ECF882D52DA40BA29718B	1D89B6C402BB641C0DDD8B16609B2AFAAF8C78172814F7C628B259D6D63F23A2	Main_Modules/NAMES_Talents_Blessings.lua:712 (official localization fallback table)	Main_Modules/NAMES_Talents_Blessings.lua:714	localization_table	no	yes	no	yes	KEEP		ED3-NAMES-RECHECK-004	source_missing	none
Main_Modules/NAMES_Talents_Blessings.lua	56	localization_table	loc_trait_bespoke_crit_chance_on_hitting_multiple_with_one_shot	B2F36AD52602EA43F528B88AAC38084C21EA005064D48A959098715F9C018B0C	0A6FF0553C05794DCA64D9D42388F9DACCC34508E4FCEACA9E5E8E1DC9F52861	Main_Modules/NAMES_Talents_Blessings.lua:718 (official localization fallback table)	Main_Modules/NAMES_Talents_Blessings.lua:720	localization_table	no	yes	no	yes	KEEP		ED3-NAMES-RECHECK-004	source_missing	none
Main_Modules/NAMES_Talents_Blessings.lua	57	localization_table	loc_trait_bespoke_power_bonus_on_hitting_single_enemy_with_all	2F08F735AD1A9EBD331A74510F3FE24E6D9486A440ACFC60689818EC1FD2C3FC	BE562787D891564B50143A467AE05480020D2896A4673E57E91A8F8AFF2417DD	Main_Modules/NAMES_Talents_Blessings.lua:724 (official localization fallback table)	Main_Modules/NAMES_Talents_Blessings.lua:726	localization_table	no	yes	no	yes	KEEP		ED3-NAMES-RECHECK-004	source_missing	none
Main_Modules/NAMES_Talents_Blessings.lua	58	localization_table	loc_trait_bespoke_armor_rend_on_projectile_hit	478B537B95D9D21C6E686489127B48993D61698BF136D28034F96FE7587E2436	FA4D2F0A87BCC94EB09EF76A724EC3DEAE50E99CE1441CCFFD43A792E71AE449	Main_Modules/NAMES_Talents_Blessings.lua:745 (official localization fallback table)	Main_Modules/NAMES_Talents_Blessings.lua:747	localization_table	no	yes	no	yes	KEEP		ED3-NAMES-RECHECK-004	source_missing	none
Main_Modules/NAMES_Talents_Blessings.lua	59	localization_table	loc_trait_bespoke_ammo_spent_from_reserve_on_crit	1B05AC9772E7518ADAA1A42044FEFBFCA542EEA51E66C2584963C2E27D0C3A47	CFC9F1CE914C271DBEAE1977941C6B5338491C36FA2709A89F2913EB52F2159E	Main_Modules/NAMES_Talents_Blessings.lua:751 (official localization fallback table)	Main_Modules/NAMES_Talents_Blessings.lua:753	localization_table	no	yes	no	yes	KEEP		ED3-NAMES-RECHECK-004	source_missing	none
Main_Modules/NAMES_Talents_Blessings.lua	60	localization_table	loc_trait_bespoke_faster_reload_on_empty_clip	1705F01D4EE6C6032522189A847BC67007F688632DB099525E746825FBB1770E	487006466BD311B2FA6D6BE7A0CA39B88033183010937989CB3C16B9AFAD1CD1	Main_Modules/NAMES_Talents_Blessings.lua:757 (official localization fallback table)	Main_Modules/NAMES_Talents_Blessings.lua:759	localization_table	no	yes	no	yes	KEEP		ED3-NAMES-RECHECK-004	source_missing	none
Main_Modules/NAMES_Talents_Blessings.lua	61	localization_table	loc_trait_bespoke_ignore_stagger_reduction_with_primary_on_burning	EAAD70CE2E33757EDBE2C009A3EE42A84D3CD9CF4F35983F51BCDA90153AA380	8B87D43F7CB3F45FC4B4EFF816E53D8FAECA5C7E3B0F75C24D87A64EBF710C97	Main_Modules/NAMES_Talents_Blessings.lua:763 (official localization fallback table)	Main_Modules/NAMES_Talents_Blessings.lua:765	localization_table	no	yes	no	yes	KEEP		ED3-NAMES-RECHECK-005	source_missing	none
Main_Modules/NAMES_Talents_Blessings.lua	62	localization_table	loc_trait_bespoke_cleave_on_weakspot_hits	625B83554A40896FBE95245CAB14230689BBD77D109BA9708BB41883B5EC7D34	7E645B74819146052B3FE26AAA4AA79BDAE26E07DD1852FE1AB512B2B31405CA	Main_Modules/NAMES_Talents_Blessings.lua:774 (official localization fallback table)	Main_Modules/NAMES_Talents_Blessings.lua:776	localization_table	no	yes	no	yes	KEEP		ED3-NAMES-RECHECK-005	source_missing	none
Main_Modules/NAMES_Talents_Blessings.lua	63	localization_table	loc_trait_bespoke_increased_crit_chance_bonus_based_on_charge_time	EC331FBFD4338F67905525841D543912E89AA4969D5B5592E68D2B60E82C5DB9	EA8EA88C351ABE856B24C8207887EE46EA96642E8E041C2BF8C0218A92192E65	Main_Modules/NAMES_Talents_Blessings.lua:790 (official localization fallback table)	Main_Modules/NAMES_Talents_Blessings.lua:792	localization_table	no	yes	no	yes	KEEP		ED3-NAMES-RECHECK-005	source_missing	none
Main_Modules/NAMES_Talents_Blessings.lua	64	localization_table	loc_trait_bespoke_crit_chance_scaled_on_heat	774370D046E829A7993E34558A5200D8F60E3947B1EE07C251E1D3B6901B1808	84C3F69D0EA0E1096CC60C04AE6B594F686614C3C8FF8C16951C60E7B39B5936	Main_Modules/NAMES_Talents_Blessings.lua:796 (official localization fallback table)	Main_Modules/NAMES_Talents_Blessings.lua:798	localization_table	no	yes	no	yes	KEEP		ED3-NAMES-RECHECK-005	source_missing	none
Main_Modules/NAMES_Talents_Blessings.lua	65	localization_table	loc_trait_bespoke_lower_overheat_gives_faster_charge	A0C1E0DB56C35400C2143D43EF72E6DE912A50E31BB992A0022936C07F3C3478	79B3BAACBD9F41A7CB1D8E8ED07F62DC73AC2838239D9239066D3820C668DEF7	Main_Modules/NAMES_Talents_Blessings.lua:802 (official localization fallback table)	Main_Modules/NAMES_Talents_Blessings.lua:804	localization_table	no	yes	no	yes	KEEP		ED3-NAMES-RECHECK-005	source_missing	none
Main_Modules/NAMES_Talents_Blessings.lua	66	localization_table	loc_trait_bespoke_power_bonus_on_continuous_fire_alternative	527412A67B55034B7F5AF6618792C6B03B5F7AE493632C5B6DDC9768F4CC1C51	C2A400D2834840E631647C2FE813786FBAD77D63E5DCBBB7B01FE22D97FE4D25	Main_Modules/NAMES_Talents_Blessings.lua:808 (official localization fallback table)	Main_Modules/NAMES_Talents_Blessings.lua:810	localization_table	no	yes	no	yes	KEEP		ED3-NAMES-RECHECK-005	source_missing	none
Main_Modules/NAMES_Talents_Blessings.lua	67	localization_table	loc_trait_bespoke_power_bonus_scaled_on_heat	F26DB45E237FF5ED6D9D5B21A56747D09E0342364D98CA5AAAA9D58672DA2D77	A6F382F270F2336E16611EEB0EA63CAD0E7DF24F76729AF05DF44D47264CE596	Main_Modules/NAMES_Talents_Blessings.lua:814 (official localization fallback table)	Main_Modules/NAMES_Talents_Blessings.lua:816	localization_table	no	yes	no	yes	KEEP		ED3-NAMES-RECHECK-005	source_missing	none
Main_Modules/NAMES_Talents_Blessings.lua	68	localization_table	loc_trait_bespoke_power_bonus_on_chained_melee	B2A888576F9864BCBF08D408FCD2EC2462E8D36EE73FF027E945569211BACE38	C4DB2C2FEBB6783B649E4822BE96E389558C5ED1AA54C4F602D98297E95B8A7D	Main_Modules/NAMES_Talents_Blessings.lua:830 (official localization fallback table)	Main_Modules/NAMES_Talents_Blessings.lua:832	localization_table	no	yes	no	yes	KEEP		ED3-NAMES-RECHECK-005	source_missing	none
Main_Modules/NAMES_Talents_Blessings.lua	69	localization_table	loc_trait_bespoke_crit_chance_on_melee_kill	63B107575F264E980C99EBADA689747E8159250BFFAC699A92D01DEFB156E3DF	6F0CEEE159AE264A097C976A995B55614A3EAF07FE84619A3D358C34B721AECF	Main_Modules/NAMES_Talents_Blessings.lua:836 (official localization fallback table)	Main_Modules/NAMES_Talents_Blessings.lua:838	localization_table	no	yes	no	yes	KEEP		ED3-NAMES-RECHECK-005	source_missing	none
Main_Modules/NAMES_Talents_Blessings.lua	70	localization_table	loc_trait_bespoke_power_bonus_on_chained_hits_on_single_target	E85D414CD8909DD5644DE92D84F2876019EB15B0C7BABF3BD228D915B33C0D50	A96D70EBC6C90D59DAFDC2A2C30C1F1AE34068FB5B7D39B54C229F34E8FC20C7	Main_Modules/NAMES_Talents_Blessings.lua:862 (official localization fallback table)	Main_Modules/NAMES_Talents_Blessings.lua:864	localization_table	no	yes	no	yes	KEEP		ED3-NAMES-RECHECK-005	source_missing	none
Main_Modules/NAMES_Talents_Blessings.lua	71	localization_table	loc_trait_bespoke_toughness_on_close_range_kills	478EE5BC2696AEFA449574D53B78737DB84932B566AF895BC7B4D41CB1F47847	BB053C69457C88664F2116E69451FD7076D4B15A49FD38CD009E9E4950A1D350	Main_Modules/NAMES_Talents_Blessings.lua:873 (official localization fallback table)	Main_Modules/NAMES_Talents_Blessings.lua:875	localization_table	no	yes	no	yes	KEEP		ED3-NAMES-RECHECK-005	source_missing	none
Main_Modules/NAMES_Talents_Blessings.lua	72	localization_table	loc_trait_bespoke_pass_trough_armor_on_weapon_special_and_stagger	873F4F1E7584522F68F00BC578F68AE5C6F5DC0D12E3AD9E02E9A3887D0F4CA2	70F196B2CFBE89BD6DF058AB17B58A19E7595FD849F1608AF2C570F950D1FDDB	Main_Modules/NAMES_Talents_Blessings.lua:879 (official localization fallback table)	Main_Modules/NAMES_Talents_Blessings.lua:881	localization_table	no	yes	no	yes	KEEP		ED3-NAMES-RECHECK-005	source_missing	none
Main_Modules/NAMES_Talents_Blessings.lua	73	localization_table	loc_trait_bespoke_toughness_on_continuous_fire_alternative	1A0E82DF6635B0EE5FCEF935970D781D307A1A25452D80AB5AE501AF68E76C24	45027229E8E6ACE3B0EE804D1A47226E34B7BBECA1CD47BFB8B91BFBABFDC938	Main_Modules/NAMES_Talents_Blessings.lua:890 (official localization fallback table)	Main_Modules/NAMES_Talents_Blessings.lua:892	localization_table	no	yes	no	yes	KEEP		ED3-NAMES-RECHECK-005	source_missing	none
Main_Modules/NAMES_Talents_Blessings.lua	74	localization_table	loc_trait_bespoke_weapon_special_power_bonus_after_one_shots	C3390B91FD5A258993350554CE68F130312D05DC6F3F35B1F04B8DE91853308A	86C5F6CCFC93F0CE3BCE7C595D0825610AAE8C92909A6F0E451212FB5760043E	Main_Modules/NAMES_Talents_Blessings.lua:896 (official localization fallback table)	Main_Modules/NAMES_Talents_Blessings.lua:898	localization_table	no	yes	no	yes	KEEP		ED3-NAMES-RECHECK-005	source_missing	none
Main_Modules/NAMES_Talents_Blessings.lua	75	localization_table	loc_trait_bespoke_grenades_stick_to_monsters_and_damage	FAA8C511C2B745A87C3E78660F16C093C31D2FCA6C9DC9A1B5421E12DCEF74DD	9CF8030248285D891A916DBD298706C7ACA38B411A77FA3C4C073368792D8AF7	Main_Modules/NAMES_Talents_Blessings.lua:912 (official localization fallback table)	Main_Modules/NAMES_Talents_Blessings.lua:914	localization_table	no	yes	no	yes	KEEP		ED3-NAMES-RECHECK-005	source_missing	none
Main_Modules/NAMES_Talents_Blessings.lua	76	localization_table	loc_talent_cleave_boost_medium	0A56AA85BB3CBD556E0E71EFCF3BCC9470C59D88EAAA2199FAFE3DBEDB45A409	BBB12B89C4ABC30A4A5901859B5F586817038EBC4D8A717FEB6597343BB0F05A	Main_Modules/NAMES_Talents_Blessings.lua:927 (official localization fallback table)	Main_Modules/NAMES_Talents_Blessings.lua:929	localization_table	no	yes	no	yes	KEEP		ED3-NAMES-RECHECK-006	source_missing	none
Main_Modules/NAMES_Talents_Blessings.lua	77	localization_table	loc_talent_crit_chance_low	9FB05751304C2181943A8A46E68FD69FC12E5FB8A90BC142EED6BE417C529D84	6979FFB8B7FED120DC91F677ED1A5D455F37A821667D61857D788D6DE1C979B0	Main_Modules/NAMES_Talents_Blessings.lua:933 (official localization fallback table)	Main_Modules/NAMES_Talents_Blessings.lua:935	localization_table	no	yes	no	yes	CHANGE	TERMINOLOGY	ED3-NAMES-RECHECK-006	source_missing	none
Main_Modules/NAMES_Talents_Blessings.lua	78	localization_table	loc_talent_impact_boost_medium	671D3F615C07D5941F201A232937BBA30F1D125924086C4B8072C1D324529A48	1EA7EE78F20B9F5F1626DFAC2885227DE935E4C783363D9A3AD2D2A822661712	Main_Modules/NAMES_Talents_Blessings.lua:939 (official localization fallback table)	Main_Modules/NAMES_Talents_Blessings.lua:941	localization_table	no	yes	no	yes	KEEP		ED3-NAMES-RECHECK-006	source_missing	none
Main_Modules/NAMES_Talents_Blessings.lua	79	localization_table	loc_talent_melee_damage_boost_medium	7E6CC7B297DF6C74A755CB20FBC6498822F066A78B70B260B6B98DF6A6A2D1ED	D445D20CFBF5283E975A5957CDCB385CC3EA67AB3E8F1BAA839477A385A8473D	Main_Modules/NAMES_Talents_Blessings.lua:945 (official localization fallback table)	Main_Modules/NAMES_Talents_Blessings.lua:947	localization_table	no	yes	no	yes	KEEP		ED3-NAMES-RECHECK-006	source_missing	none
Main_Modules/NAMES_Talents_Blessings.lua	80	localization_table	loc_talent_movement_speed_low	C960A9E09202B2A13E17C5856EC48C9E9B76FD544CF0B12F91637A5C9FF4FE84	D0C5CC488EB269D9135FB699C0A913C901AFFB5BFA194E6EA3468707ED6303CC	Main_Modules/NAMES_Talents_Blessings.lua:951 (official localization fallback table)	Main_Modules/NAMES_Talents_Blessings.lua:953	localization_table	no	yes	no	yes	KEEP		ED3-NAMES-RECHECK-006	source_missing	none
Main_Modules/NAMES_Talents_Blessings.lua	81	localization_table	loc_talent_warp_charge_low	B7630363A0AB9DE2CE318A4E1D0670086EEDEF35F8B4399DD92BD9656F42C95D	DBCA425CC3EE0FD0BC0B524CCED89CE9536752F4E84B4F5DB32A61D56A79D497	Main_Modules/NAMES_Talents_Blessings.lua:957 (official localization fallback table)	Main_Modules/NAMES_Talents_Blessings.lua:959	localization_table	no	yes	no	yes	KEEP		ED3-NAMES-RECHECK-006	source_missing	none
Main_Modules/NAMES_Talents_Blessings.lua	82	localization_table	loc_talent_ranged_damage_medium	A3B644CC108054245CC2E388C25DC157BBE13A9F8726CB680AAD5F39BA278957	951805C69B273C7CF85DD8BE905C82BC57206B2BECC4BB3417A842743481F0D0	Main_Modules/NAMES_Talents_Blessings.lua:963 (official localization fallback table)	Main_Modules/NAMES_Talents_Blessings.lua:965	localization_table	no	yes	no	yes	KEEP		ED3-NAMES-RECHECK-006	source_missing	none
Main_Modules/NAMES_Talents_Blessings.lua	83	localization_table	loc_talent_reload_speed_low	8AC50F1459349C73C6806E75A25D922D85FA203CD2BCCD9F188E6EF7482D0F20	575B688789195EC986EFBE9ABE5772CEED12047E64025E0E4BA4ED6B962EE6BF	Main_Modules/NAMES_Talents_Blessings.lua:970	Main_Modules/NAMES_Talents_Blessings.lua:972	localization_table	no	yes	no	yes	KEEP		ED3-NAMES-RECHECK-006	match	none
Main_Modules/NAMES_Talents_Blessings.lua	84	localization_table	loc_talent_reload_speed_medium	BBB9718E76FA8D7AC65078EA75AC7F2541C88221484A662805865673A3798AF1	67053CB2528624D549E74CB13967474CA85C39F91D69F0E4EB2179B5013A2EC7	Main_Modules/NAMES_Talents_Blessings.lua:977	Main_Modules/NAMES_Talents_Blessings.lua:979	localization_table	no	yes	no	yes	KEEP		ED3-NAMES-RECHECK-006	match	none
Main_Modules/NAMES_Talents_Blessings.lua	85	localization_table	loc_talent_armor_pen_low	FC25A7060A59C0EAED54698F98B872CC82D70CCB449A75403603E84F832F4224	6FB8B8414E00AE9865C4880F87C2F115F4369D4AC7DD024ACCF075031B8A65A3	Main_Modules/NAMES_Talents_Blessings.lua:983 (official localization fallback table)	Main_Modules/NAMES_Talents_Blessings.lua:985	localization_table	no	yes	no	yes	KEEP		ED3-NAMES-RECHECK-006	source_missing	none
Main_Modules/NAMES_Talents_Blessings.lua	86	localization_table	loc_talent_toughness_boost_low	3A001CE8D0199997B0A06BFDFA4F79973E09E2BAF80F91ABD3B45B967921706D	299B7CBD0BCEF147EC4D7E0795EA3462BF7A23D9F28878DDA0123F0AB6CC8077	Main_Modules/NAMES_Talents_Blessings.lua:1000	Main_Modules/NAMES_Talents_Blessings.lua:1002	localization_table	no	yes	no	yes	KEEP		ED3-NAMES-RECHECK-006	match	none
Main_Modules/NAMES_Talents_Blessings.lua	87	localization_table	loc_talent_toughness_boost_medium	8E262125341903778310B79D690B7DB67B721FE509D3BC27337801BE11C20292	2009D6D2DFC1630B3B67714857BD88F6338B86423334CC8156AE6193BAF11F93	Main_Modules/NAMES_Talents_Blessings.lua:1007	Main_Modules/NAMES_Talents_Blessings.lua:1009	localization_table	no	yes	no	yes	KEEP		ED3-NAMES-RECHECK-006	match	none
Main_Modules/NAMES_Talents_Blessings.lua	88	localization_table	loc_talent_toughness_damage_reduction_low	49D39C0CF5E669B58A111B69ADB53A99C774865EC1BF152C9E93E0BC6CE22EA8	AB8E3B53E95A01B34DAB73F969C1ECDB9599D039AA9DB520B10365685A07F84C	Main_Modules/NAMES_Talents_Blessings.lua:1014	Main_Modules/NAMES_Talents_Blessings.lua:1016	localization_table	no	yes	no	yes	KEEP		ED3-NAMES-RECHECK-006	match	none
Main_Modules/NAMES_Talents_Blessings.lua	89	localization_table	loc_talent_toughness_damage_reduction_medium	44392E8E14D57D91087D2541BAF7AA677352B010238068383B723CFF1A026C1E	ECD60EECCE9C4BEF73AC762C112E05B3F3C6631D476B2B03F39664446A84EC2A	Main_Modules/NAMES_Talents_Blessings.lua:1021	Main_Modules/NAMES_Talents_Blessings.lua:1023	localization_table	no	yes	no	yes	KEEP		ED3-NAMES-RECHECK-006	match	none
Main_Modules/NAMES_Talents_Blessings.lua	90	localization_table	loc_ability_psyker_smite	833099C21775E5D54A8E1485865C72D71891B5BD6987C0D27A45A5987B624A23	ADB79F972661F9DB8DC017F79DDC76ED54109276036F862448DAB4C82067E15C	Main_Modules/NAMES_Talents_Blessings.lua:1034 (official localization fallback table)	Main_Modules/NAMES_Talents_Blessings.lua:1036	localization_table	no	yes	no	yes	KEEP		ED3-NAMES-RECHECK-006	source_missing	none
Main_Modules/NAMES_Talents_Blessings.lua	91	localization_table	loc_talent_psyker_brain_burst_improved	96FA4CAFA500D5BDE578EB1EE9EAF01078AADD64641EC3FAAC7366F1D92B127D	EF82CB2B9740C519E7E6230F5DC7B5785522CF1EC7725DB9C6B43420532027F5	Main_Modules/NAMES_Talents_Blessings.lua:1039 (official localization fallback table)	Main_Modules/NAMES_Talents_Blessings.lua:1040	localization_table	no	yes	no	yes	KEEP		ED3-NAMES-RECHECK-007	source_missing	none
Main_Modules/NAMES_Talents_Blessings.lua	92	localization_table	loc_talent_psyker_smite_on_hit	4BC66C61870F48410142601B0524110CE12DB30D1734D1F912BC32376F7338CA	AE389CD0281708397B5E830F29C8F5AB9AA2B8681A1E428DEB29BFF86B8314DA	Main_Modules/NAMES_Talents_Blessings.lua:1047 (official localization fallback table)	Main_Modules/NAMES_Talents_Blessings.lua:1049	localization_table	no	yes	no	yes	KEEP		ED3-NAMES-RECHECK-007	source_missing	none
Main_Modules/NAMES_Talents_Blessings.lua	93	localization_table	loc_talent_psyker_throwing_knives_pierce	0538E8ADDD8CFCCC49190B40510FFF6DDC0D313B9E3DEC97DCE2A8E0103F1FEF	D2A9739897D601E97F74B0ABB89C8C76B12F0F294AD00E835B30E5A1045488F1	Main_Modules/NAMES_Talents_Blessings.lua:1068 (official localization fallback table)	Main_Modules/NAMES_Talents_Blessings.lua:1070	localization_table	no	yes	no	yes	KEEP		ED3-NAMES-RECHECK-007	source_missing	none
Main_Modules/NAMES_Talents_Blessings.lua	94	localization_table	loc_talent_psyker_throwing_knives_reduced_cooldown	01584A079D06B1C0C35685954D5706E4970FD3B41B28A2805774BF0EB133EEB3	5048C862A952D818F7B927C32EB64918468637DA6611E1D66B8CF9452054A4AB	Main_Modules/NAMES_Talents_Blessings.lua:1073 (official localization fallback table)	Main_Modules/NAMES_Talents_Blessings.lua:1075	localization_table	no	yes	no	yes	KEEP		ED3-NAMES-RECHECK-007	source_missing	none
Main_Modules/NAMES_Talents_Blessings.lua	95	localization_table	loc_talent_psyker_2_combat	F68C3F1AABE43DFB84C0E02EC061089D7DA3EDF5F3DC569EC6D7D14D0175D8DE	3B8FCD5C430952000077729DDCF4E5A4B34801E6FE6EC3DB2233F4DA83DC8EA0	Main_Modules/NAMES_Talents_Blessings.lua:1096 (official localization fallback table)	Main_Modules/NAMES_Talents_Blessings.lua:1098	localization_table	no	yes	no	yes	KEEP		ED3-NAMES-RECHECK-007	source_missing	none
Main_Modules/NAMES_Talents_Blessings.lua	96	localization_table	loc_talent_psyker_shout_vent_warp_charge	9DBD5EE5A101DC46F69B4483C6E3F31920CFC083406401A13A2E2126DA20C7F8	F2EDC8BF88D0757DF1191E3DC3C4B723F82749EF67657BF77F51A50722A2B628	Main_Modules/NAMES_Talents_Blessings.lua:1101 (official localization fallback table)	Main_Modules/NAMES_Talents_Blessings.lua:1103	localization_table	no	yes	no	yes	KEEP		ED3-NAMES-RECHECK-007	source_missing	none
Main_Modules/NAMES_Talents_Blessings.lua	97	localization_table	loc_talent_psyker_shout_damage_per_warp_charge	723FE9721148804679BF3B0535A3F8AAA2F4D7C8C55CD06D0A06A5FA5B310F57	3B589C78F645C98721FB9D94ABDC0552FCF1097046F996F92E75254103BA6B64	Main_Modules/NAMES_Talents_Blessings.lua:1106 (official localization fallback table)	Main_Modules/NAMES_Talents_Blessings.lua:1108	localization_table	no	yes	no	yes	KEEP		ED3-NAMES-RECHECK-007	source_missing	none
Main_Modules/NAMES_Talents_Blessings.lua	98	localization_table	loc_talent_psyker_shout_reduces_warp_charge_generation	EADD87F39131C8879D45610F7BA66DA02892480C4F7F79A8BB2F21D0C656FC29	D9E1D37309E3F00BE4EC201AF2F98DAA378566188AA6B6C20821E9399E5E0753	Main_Modules/NAMES_Talents_Blessings.lua:1111 (official localization fallback table)	Main_Modules/NAMES_Talents_Blessings.lua:1113	localization_table	yes	yes	no	yes	KEEP		ED3-NAMES-RECHECK-007	source_missing	none
Main_Modules/NAMES_Talents_Blessings.lua	99	localization_table	loc_talent_psyker_warpfire_on_shout	6F6EF9886DFFB829192FC852D653549240573414C1470DEAC7E98C780AD6D7CD	18046F4F81085C0C905D82D32CE0EC76474E8948E1C2CB06D305AF1D323AE86C	Main_Modules/NAMES_Talents_Blessings.lua:1116 (official localization fallback table)	Main_Modules/NAMES_Talents_Blessings.lua:1118	localization_table	no	yes	no	yes	KEEP		ED3-NAMES-RECHECK-007	source_missing	none
Main_Modules/NAMES_Talents_Blessings.lua	100	localization_table	loc_talent_psyker_force_field_grants_toughness	33815AF5F2DE20B33D0858C3FAAE202715558C79076E258EA88A4E80332036C8	07623DC12C0E016642F7CCB03990638725393319307AC9C13AD88513C56A4943	Main_Modules/NAMES_Talents_Blessings.lua:1137 (official localization fallback table)	Main_Modules/NAMES_Talents_Blessings.lua:1139	localization_table	no	yes	no	yes	KEEP		ED3-NAMES-RECHECK-007	source_missing	none
Main_Modules/NAMES_Talents_Blessings.lua	101	localization_table	loc_talent_psyker_combat_ability_overcharge_stance	15E72AB0FF8126503D3A398040ED3FCDB10D57174019E6A0B6388BDCC15570F1	401AE210811148BB02333D3CC475E61058AF1A67CB6410518C9DE1210F58CBAE	Main_Modules/NAMES_Talents_Blessings.lua:1142 (official localization fallback table)	Main_Modules/NAMES_Talents_Blessings.lua:1144	localization_table	no	yes	no	yes	KEEP		ED3-NAMES-RECHECK-007	source_missing	none
Main_Modules/NAMES_Talents_Blessings.lua	102	localization_table	loc_ability_psyker_overcharge_weakspot	70352B46A1A40D4402BD00E0665BF1536817CDAFBFAABF587CD5830B3B30E5B0	269EB823E1D878401C2E5B918D2A38D2F38E08CF032EADABA3A08EF74BEECD62	Main_Modules/NAMES_Talents_Blessings.lua:1147 (official localization fallback table)	Main_Modules/NAMES_Talents_Blessings.lua:1149	localization_table	no	yes	no	yes	KEEP		ED3-NAMES-RECHECK-007	source_missing	none
Main_Modules/NAMES_Talents_Blessings.lua	103	localization_table	loc_talent_psyker_overcharge_infinite_casting	AC8C0FE65C36ADAA9A094AFC5FBD621E1BC48503799C96C3E5756B5C642A46B2	E321E897C1C074E2B16ACDE8FA6B0192ACAAC0DEF9FE5D86F66FFA0E094F51B9	Main_Modules/NAMES_Talents_Blessings.lua:1160 (official localization fallback table)	Main_Modules/NAMES_Talents_Blessings.lua:1162	localization_table	no	yes	no	yes	KEEP		ED3-NAMES-RECHECK-007	source_missing	none
Main_Modules/NAMES_Talents_Blessings.lua	104	localization_table	loc_talent_psyker_souls	DF4292F313FDAA883FE0C1F6A663479ABDA7B86F576BD370940F7A55F8297D71	6AA26BF08E5EA66E98D9917B37C4BBC6F14B641DE6AC04DA9E617CCA248B2B21	Main_Modules/NAMES_Talents_Blessings.lua:1166 (official localization fallback table)	Main_Modules/NAMES_Talents_Blessings.lua:1168	localization_table	no	yes	no	yes	KEEP		ED3-NAMES-RECHECK-007	source_missing	none
Main_Modules/NAMES_Talents_Blessings.lua	105	localization_table	loc_talent_psyker_toughness_regen_on_soul	91ED4A4A510C5C25DFD02D9C1D2297A5C638BBA44B4E86E82ED94EBE53079CAB	BFB0ADCA015CECDC80AF1BA354756B5FB0FE87CBF4CE25BA667DDFD16FC49090	Main_Modules/NAMES_Talents_Blessings.lua:1175 (official localization fallback table)	Main_Modules/NAMES_Talents_Blessings.lua:1177	localization_table	no	yes	no	yes	KEEP		ED3-NAMES-RECHECK-007	source_missing	none
Main_Modules/NAMES_Talents_Blessings.lua	106	localization_table	loc_talent_psyker_warpfire_generates_souls	B91114E46EDAD2D748C6FD3CB621AC300122C1B96CE18CB766C1F2AEC81577FC	43783573C8A90497E31E708014929CC2802F7D276CCA0E8F64DFDDB614EAAC03	Main_Modules/NAMES_Talents_Blessings.lua:1184 (official localization fallback table)	Main_Modules/NAMES_Talents_Blessings.lua:1186	localization_table	no	yes	no	yes	KEEP		ED3-NAMES-RECHECK-008	source_missing	none
Main_Modules/NAMES_Talents_Blessings.lua	107	localization_table	loc_talent_psyker_empowered_chain_lightnings_replenish_toughness_to_allies	A7EB57C7586E191D91097CB3A7D4E06B7542A6E2CD37D6BC8A6863C9DDEC9774	0933BBFD2D2F3495C064A2D1F384D95B2FAEF48D7A2D62A79A90CDEAF4CB2670	Main_Modules/NAMES_Talents_Blessings.lua:1201 (official localization fallback table)	Main_Modules/NAMES_Talents_Blessings.lua:1203	localization_table	no	yes	no	yes	KEEP		ED3-NAMES-RECHECK-008	source_missing	none
Main_Modules/NAMES_Talents_Blessings.lua	108	localization_table	loc_talent_psyker_increased_empowered_chain_lightning_stacks	AB6E13840CB56849F50D04FAC6376547F929D92847265D611BDD00C03202CD9D	0726D9BBE961B600C9BCAF9B7F3B8180CF8FB9D1ECC92F3CE04126691E2FE5E1	Main_Modules/NAMES_Talents_Blessings.lua:1210 (official localization fallback table)	Main_Modules/NAMES_Talents_Blessings.lua:1212	localization_table	no	yes	no	yes	KEEP		ED3-NAMES-RECHECK-008	source_missing	none
Main_Modules/NAMES_Talents_Blessings.lua	109	localization_table	loc_talent_psyker_marked_enemies_passive	A0E4A0232EAFC328CADBC655BB865836799B66167CEE3F8CDD64801B76B15254	A751314A5B0369D5078B672FF2BA176894483BDF508B7941B7B06026EC38839C	Main_Modules/NAMES_Talents_Blessings.lua:1215 (official localization fallback table)	Main_Modules/NAMES_Talents_Blessings.lua:1217	localization_table	no	yes	no	yes	KEEP		ED3-NAMES-RECHECK-008	source_missing	none
Main_Modules/NAMES_Talents_Blessings.lua	110	localization_table	loc_talent_psyker_mark_kills_can_vent	0C42E6334DA7C7D4DFDF670C8F34299AC0B95CAA357BCACEA5077F86EBD4ACBE	C4800E30F8C5179206F622D77B518DB7BDC8D709C9726F8E806E2866E8B69C9B	Main_Modules/NAMES_Talents_Blessings.lua:1224 (official localization fallback table)	Main_Modules/NAMES_Talents_Blessings.lua:1226	localization_table	no	yes	no	yes	KEEP		ED3-NAMES-RECHECK-008	source_missing	none
Main_Modules/NAMES_Talents_Blessings.lua	111	localization_table	loc_talent_psyker_mark_increased_duration	D6710E37E3560911EFD505CCF27873BFD2449E908CA694E34857BCE26FED7086	C0EB34AF2514F265A617FFAF3231A97631F6BE1AFAA9F221CA261CF8DD9A838C	Main_Modules/NAMES_Talents_Blessings.lua:1229 (official localization fallback table)	Main_Modules/NAMES_Talents_Blessings.lua:1231	localization_table	no	yes	no	yes	KEEP		ED3-NAMES-RECHECK-008	source_missing	none
Main_Modules/NAMES_Talents_Blessings.lua	112	localization_table	loc_talent_psyker_toughness_on_warp_kill	924521108AC3387F0E770B7FF3B855234994AB3884B43E69E8EF207F3C44EFBC	84A9F93C82364485EDA2788ACBF0DFBE215E9EF6D52F67F9F539EEF1A0D041A7	Main_Modules/NAMES_Talents_Blessings.lua:1239 (official localization fallback table)	Main_Modules/NAMES_Talents_Blessings.lua:1241	localization_table	no	yes	no	yes	KEEP		ED3-NAMES-RECHECK-008	source_missing	none
Main_Modules/NAMES_Talents_Blessings.lua	113	localization_table	loc_talent_psyker_toughness_from_vent	4658CD7D1DCE1530A8D587867A7238BE29449EC1DBA1A2CF831AB7C029A23AD4	CA31CDFE305B5389E05DD6281A2B5274DC0F6A8E886D621A9020202737FC9522	Main_Modules/NAMES_Talents_Blessings.lua:1248 (official localization fallback table)	Main_Modules/NAMES_Talents_Blessings.lua:1250	localization_table	no	yes	no	yes	KEEP		ED3-NAMES-RECHECK-008	source_missing	none
Main_Modules/NAMES_Talents_Blessings.lua	114	localization_table	loc_talent_psyker_warp_charge_generation_generates_toughness	6086A0FC2CE63BD5EE01205FC17E9366B6F19A8D745E533863D117D97173F86C	C23EC74AD9595FE3B8F50A6546EAB429090DCC490132A275F0B3958C9E230543	Main_Modules/NAMES_Talents_Blessings.lua:1253 (official localization fallback table)	Main_Modules/NAMES_Talents_Blessings.lua:1255	localization_table	no	yes	no	yes	KEEP		ED3-NAMES-RECHECK-008	source_missing	none
Main_Modules/NAMES_Talents_Blessings.lua	115	localization_table	loc_talent_psyker_elite_kills_add_warpfire	7F37ED09C831FF5F4511BC1BCF40B0683FE813463233BFB8FF433040D52E8568	53E32D9838249C4E9E2BEAC024DB243F1FCFE743CB802E19D92E7F1B1E31C785	Main_Modules/NAMES_Talents_Blessings.lua:1258 (official localization fallback table)	Main_Modules/NAMES_Talents_Blessings.lua:1260	localization_table	no	yes	no	yes	KEEP		ED3-NAMES-RECHECK-008	source_missing	none
Main_Modules/NAMES_Talents_Blessings.lua	116	localization_table	loc_talent_psyker_crits_empower_next_attack	F23D0BDC80AC9481B9B9371ED5F7235DC7F9107CD2C55A578A9E67F84158CC93	293E690E8D69B9184C32DD07D3CC3E8C27976382E81BF1B55069A8BA4231746D	Main_Modules/NAMES_Talents_Blessings.lua:1263 (official localization fallback table)	Main_Modules/NAMES_Talents_Blessings.lua:1265	localization_table	no	yes	no	yes	KEEP		ED3-NAMES-RECHECK-008	source_missing	none
Main_Modules/NAMES_Talents_Blessings.lua	117	localization_table	loc_talent_psyker_warpfire_spread	6A0BBFB40811B279ECA146E600B0DF8A4BA705BEF426658D6A1265E5607CB4B5	F5E3E975944AACC3FA7CD44FBDD15F045BE3CA7217D7FAF04047DD97DEBF36DE	Main_Modules/NAMES_Talents_Blessings.lua:1272 (official localization fallback table)	Main_Modules/NAMES_Talents_Blessings.lua:1274	localization_table	no	yes	no	yes	KEEP		ED3-NAMES-RECHECK-008	source_missing	none
Main_Modules/NAMES_Talents_Blessings.lua	118	localization_table	loc_talent_psyker_venting_doesnt_slow	1CE6D4BC07E1E880B661AFD16D289D5D4AA99FC35DC298E4D5CB1385968A8284	B513351F2C5BE5A3856F99E97B09C976ED547329B1C30950502897FFCDBFB8C8	Main_Modules/NAMES_Talents_Blessings.lua:1281 (official localization fallback table)	Main_Modules/NAMES_Talents_Blessings.lua:1283	localization_table	no	yes	no	yes	KEEP		ED3-NAMES-RECHECK-008	source_missing	none
Main_Modules/NAMES_Talents_Blessings.lua	119	localization_table	loc_talent_psyker_kills_stack_other_weapon_damage	9EC7E373C3225FDE996C50CE7A4DAEBE6C7D1A44C5DDFD9740F23B49B355C391	FF8AEF1F0E47F83335D4DCC49684EFEE74439A6B17220AB912D74A600EE29631	Main_Modules/NAMES_Talents_Blessings.lua:1286 (official localization fallback table)	Main_Modules/NAMES_Talents_Blessings.lua:1288	localization_table	no	yes	no	yes	KEEP		ED3-NAMES-RECHECK-008	source_missing	none
Main_Modules/NAMES_Talents_Blessings.lua	120	localization_table	loc_talent_psyker_nearby_soulblaze_reduced_damage	D38792A361D91C55BF8F84A485F5E9CBD4551BDBEF902E420AD01136C95E6245	46161468F632E444AEB5BBE1D4B3E8D793DB2963EE9DD7D6276CC35AEB8A7889	Main_Modules/NAMES_Talents_Blessings.lua:1303 (official localization fallback table)	Main_Modules/NAMES_Talents_Blessings.lua:1305	localization_table	no	yes	no	yes	KEEP		ED3-NAMES-RECHECK-008	source_missing	none
Main_Modules/NAMES_Talents_Blessings.lua	121	localization_table	loc_talent_psyker_restore_toughness_to_allies_when_ally_down	37BD483C681159C4766BA994C7DD8C5E7C292D8B66ED7239F35A3178E6E61769	7084533E9ED78FEF651E4B2B2A592F0C3F13D3F713F05D00420DF538F0CC56F1	Main_Modules/NAMES_Talents_Blessings.lua:1320 (official localization fallback table)	Main_Modules/NAMES_Talents_Blessings.lua:1322	localization_table	no	no	no	yes	KEEP		ED3-NAMES-RECHECK-009	source_missing	none
Main_Modules/NAMES_Talents_Blessings.lua	122	localization_table	loc_talent_psyker_increased_vent_speed	C3BA9C69B00EC1F7EB0352C64D6CEF7A89B4D9B41089E822A0920681D95521E4	76777CA1F7403443A3BDA9D9863FFDCFA7FEC429A7E4E0E97603B73293A77A23	Main_Modules/NAMES_Talents_Blessings.lua:1337 (official localization fallback table)	Main_Modules/NAMES_Talents_Blessings.lua:1339	localization_table	no	yes	no	yes	KEEP		ED3-NAMES-RECHECK-009	source_missing	none
Main_Modules/NAMES_Talents_Blessings.lua	123	localization_table	loc_talent_psyker_damage_based_on_warp_charge	16765D287FD2871D073ED2B0404C2BF5DD32FB0E643FE7C204C295C99F644C9B	8FDAFEA664BDFD9895DDF1E3F0BD7B6DEA5D676F9C0CEA24527310E5F9E8BCAC	Main_Modules/NAMES_Talents_Blessings.lua:1346 (official localization fallback table)	Main_Modules/NAMES_Talents_Blessings.lua:1348	localization_table	no	yes	no	yes	KEEP		ED3-NAMES-RECHECK-009	source_missing	none
Main_Modules/NAMES_Talents_Blessings.lua	124	localization_table	loc_talent_psyker_ranged_crits_vent	30F87BB41AD4C25D3C43E6A39FE31F9F1384AFA99B8EB483915B048215F11A55	DCE154EDDBB03828B6EA9462720E795921F65791B80695E89A6E7CCD5F7FB164	Main_Modules/NAMES_Talents_Blessings.lua:1359 (official localization fallback table)	Main_Modules/NAMES_Talents_Blessings.lua:1361	localization_table	no	yes	no	yes	KEEP		ED3-NAMES-RECHECK-009	source_missing	none
Main_Modules/NAMES_Talents_Blessings.lua	125	localization_table	loc_talent_psyker_reload_speed_warp	2167AB89BE869691F9B8539440A306486D64A20F7901CD15DE04F090BB274817	B5D31CACD9525C601BCE2F34FD1285695CC7CFD16020B3FF21EDB5098701B0FE	Main_Modules/NAMES_Talents_Blessings.lua:1376 (official localization fallback table)	Main_Modules/NAMES_Talents_Blessings.lua:1378	localization_table	no	yes	no	yes	KEEP		ED3-NAMES-RECHECK-009	source_missing	none
Main_Modules/NAMES_Talents_Blessings.lua	126	localization_table	loc_zealot_improved_stun_grenade	55DFE6938E02C74236098AD4F5EFF5792B6DD898575B66A27A9BC6500A18904D	1AEC56D18D9C378693DDCE8DDA74457696F1967B170DD589D87F80D58973DDAB	Main_Modules/NAMES_Talents_Blessings.lua:1389 (official localization fallback table)	Main_Modules/NAMES_Talents_Blessings.lua:1391	localization_table	no	yes	no	yes	KEEP		ED3-NAMES-RECHECK-009	source_missing	none
Main_Modules/NAMES_Talents_Blessings.lua	127	localization_table	loc_talent_ability_fire_grenade	0AAC07F73F627FF2C3211770E46EAB2A448AF7E1679A3C0218474291E8A272DE	28EA0984EB0755B084A717342F200AC74767B412AA2A63D98EF0C020AD4F8DC0	Main_Modules/NAMES_Talents_Blessings.lua:1394 (official localization fallback table)	Main_Modules/NAMES_Talents_Blessings.lua:1396	localization_table	no	yes	no	yes	KEEP		ED3-NAMES-RECHECK-009	source_missing	none
Main_Modules/NAMES_Talents_Blessings.lua	128	localization_table	loc_talent_zealot_corruption_healing_coherency_improved	711A7E772BB6ECC2C8A0F785F3893F8BA508087B19BDE4CB77722842763445E4	DFAA38B197AB2A299CA98F15CFEFB6871BAE33341B5AAFD2A11FB893DE96F4E2	Main_Modules/NAMES_Talents_Blessings.lua:1412 (official localization fallback table)	Main_Modules/NAMES_Talents_Blessings.lua:1414	localization_table	no	yes	no	yes	KEEP		ED3-NAMES-RECHECK-009	source_missing	none
Main_Modules/NAMES_Talents_Blessings.lua	129	localization_table	loc_talent_zealot_always_in_coherency	3ED4BA4FE865D4D8C88B16145D249E3D64E22D7BEACB2BC4F37143F07912BEDE	0025E4FCBE0263559A2D98B5472D2246D5C8478A76160662DF482C1F5C94D6F8	Main_Modules/NAMES_Talents_Blessings.lua:1417 (official localization fallback table)	Main_Modules/NAMES_Talents_Blessings.lua:1419	localization_table	no	no	no	yes	KEEP		ED3-NAMES-RECHECK-009	source_missing	none
Main_Modules/NAMES_Talents_Blessings.lua	130	localization_table	loc_talent_maniac_attack_speed_after_dash	A3B66D12DC983F0A67F410E74547897AF6461A5CDDA90C274DA8C16EA3865F95	341ED99B660285B9D1B7E026386EAB5B4AE890F8931876BE8217252407A39C5F	Main_Modules/NAMES_Talents_Blessings.lua:1427 (official localization fallback table)	Main_Modules/NAMES_Talents_Blessings.lua:1429	localization_table	no	yes	no	yes	KEEP		ED3-NAMES-RECHECK-009	source_missing	none
Main_Modules/NAMES_Talents_Blessings.lua	131	localization_table	loc_talent_zealot_zealot_channel_grants_offensive_buff	36CF2D3A3AB437DBAEB53E216BF06B702E73D58F68081A99E6EDFF62DD9103CB	D89CB7767F7C59E7D7F50A68F26BA8189E53EDE09643B2644939A5A660BFABE5	Main_Modules/NAMES_Talents_Blessings.lua:1452 (official localization fallback table)	Main_Modules/NAMES_Talents_Blessings.lua:1454	localization_table	no	yes	no	yes	KEEP		ED3-NAMES-RECHECK-009	source_missing	none
Main_Modules/NAMES_Talents_Blessings.lua	132	localization_table	loc_talent_zealot_damage_taken_restores_cd	8C4AF92966A0BD08FA0C426AF1350F689DA25830DE105B8E9DCDF36649B38DF3	A68B4BADC09B5ABD48CEE911D1D3FC34478E3210C21933EA3E1D04CA7A90DCE7	Main_Modules/NAMES_Talents_Blessings.lua:1457 (official localization fallback table)	Main_Modules/NAMES_Talents_Blessings.lua:1459	localization_table	no	yes	no	yes	KEEP		ED3-NAMES-RECHECK-009	source_missing	none
Main_Modules/NAMES_Talents_Blessings.lua	133	localization_table	loc_talent_zealot_increased_stealth_duration	6E8100FF57C9772089270CC1DCD91ED2E4CDE0D9DFD21FFDAC5C10D9C370DF98	1A5B8402A0B90283ACA65380D50CE968378BC6DAE4D516A07EDCC59E102E0DF0	Main_Modules/NAMES_Talents_Blessings.lua:1466 (official localization fallback table)	Main_Modules/NAMES_Talents_Blessings.lua:1468	localization_table	no	yes	no	yes	KEEP		ED3-NAMES-RECHECK-009	source_missing	none
Main_Modules/NAMES_Talents_Blessings.lua	134	localization_table	loc_talent_zealot_leaving_stealth_restores_toughness	EA8EF98A768FB5DAA3A5AEE5F56281CB419AD4DACEDE36E98FADA675928BD315	59589FE68FC4514FEDFD200B42C55D836189819D0850EC02206628D583B1928C	Main_Modules/NAMES_Talents_Blessings.lua:1475 (official localization fallback table)	Main_Modules/NAMES_Talents_Blessings.lua:1477	localization_table	no	yes	no	yes	KEEP		ED3-NAMES-RECHECK-009	source_missing	none
Main_Modules/NAMES_Talents_Blessings.lua	135	localization_table	loc_talent_zealot_backstab_kills_restore_cd	C3E125609712AADDD123400BE6BF6FF3BE475E285FBF5F7B3EE102C49EFBEBAD	BDB65456DC77965E53900A3C5A17913E6B367747CE35CAED69C2C04F4FF335EF	Main_Modules/NAMES_Talents_Blessings.lua:1480 (official localization fallback table)	Main_Modules/NAMES_Talents_Blessings.lua:1482	localization_table	no	yes	no	yes	KEEP		ED3-NAMES-RECHECK-009	source_missing	none
Main_Modules/NAMES_Talents_Blessings.lua	136	localization_table	loc_talent_zealot_fanatic_rage	1345E6338136E231A59FB84E362C66165E10098CCFC5B7BD115A28E9DBA68631	7184824C9A10F27045A5167517C04F9941EF77B029CDAF4403B4BA121C39BA1D	Main_Modules/NAMES_Talents_Blessings.lua:1486 (official localization fallback table)	Main_Modules/NAMES_Talents_Blessings.lua:1488	localization_table	no	yes	no	yes	KEEP		ED3-NAMES-RECHECK-010	source_missing	none
Main_Modules/NAMES_Talents_Blessings.lua	137	localization_table	loc_talent_zealot_fanatic_rage_toughness	8C792CD595886FFD5C579F09D4813FC03D006E9515674E73BCDEA45E07781532	B9FB66F994E94F83356B1EBBDB91E8D80A3D8DE15AF7B6260A40D902C1D1A375	Main_Modules/NAMES_Talents_Blessings.lua:1491 (official localization fallback table)	Main_Modules/NAMES_Talents_Blessings.lua:1493	localization_table	no	yes	no	yes	KEEP		ED3-NAMES-RECHECK-010	source_missing	none
Main_Modules/NAMES_Talents_Blessings.lua	138	localization_table	loc_talent_zealot_fanatic_rage_crits	54C29F3D909A6F87D293C02AE87BC6A4A6CAA41A7449569419EE411C7E2FB9EB	4E6565F2895136F4C340E58048282B9E52ACA33164608C97E89BFFE625612061	Main_Modules/NAMES_Talents_Blessings.lua:1496 (official localization fallback table)	Main_Modules/NAMES_Talents_Blessings.lua:1498	localization_table	no	no	no	yes	KEEP		ED3-NAMES-RECHECK-010	source_missing	none
Main_Modules/NAMES_Talents_Blessings.lua	139	localization_table	loc_talent_zealot_martyrdom_grants_toughness	45E595BBB7FBFAE80DEEDB0C54B2920D4823BD2797825FB0A5B2CE915766794A	EE64BFED3C9A002AF994F9091B4B7D6C9E42FDC06F229B54B9056D01AEBF7E71	Main_Modules/NAMES_Talents_Blessings.lua:1513 (official localization fallback table)	Main_Modules/NAMES_Talents_Blessings.lua:1515	localization_table	no	yes	no	yes	KEEP		ED3-NAMES-RECHECK-010	source_missing	none
Main_Modules/NAMES_Talents_Blessings.lua	140	localization_table	loc_talent_zealot_quickness	5C03797F58A89E6F4C7F5D24D08913E9F246B7E8B0F058B554BA67E97971ABA7	1698BE932573519A8DE438C75E70F0335EDE5069F6C585752CBE2732EC0D895C	Main_Modules/NAMES_Talents_Blessings.lua:1522 (official localization fallback table)	Main_Modules/NAMES_Talents_Blessings.lua:1524	localization_table	no	yes	no	yes	KEEP		ED3-NAMES-RECHECK-010	source_missing	none
Main_Modules/NAMES_Talents_Blessings.lua	141	localization_table	loc_talent_zealot_quickness_dodge_stacks	9490FDCD55CCB7A426D115D9A491509B1DCBE6FDF5F0931AC49334709C901197	1BE142D30F0553B650E59D47A2C84F1D8DA3AABDCA9BB113903CF7E2983D8A53	Main_Modules/NAMES_Talents_Blessings.lua:1531 (official localization fallback table)	Main_Modules/NAMES_Talents_Blessings.lua:1533	localization_table	no	yes	no	yes	KEEP		ED3-NAMES-RECHECK-010	source_missing	none
Main_Modules/NAMES_Talents_Blessings.lua	142	localization_table	loc_talent_zealot_ranged_damage_increased_to_close	7A71320202EA4765011185CD45657C75D76180FE019A0741941F34BE475A05DB	6C9BA76DAA41618E91762D2059C4B05577C899C0E4BEB15B748B586FD023553A	Main_Modules/NAMES_Talents_Blessings.lua:1545 (official localization fallback table)	Main_Modules/NAMES_Talents_Blessings.lua:1547	localization_table	no	yes	no	yes	KEEP		ED3-NAMES-RECHECK-010	source_missing	none
Main_Modules/NAMES_Talents_Blessings.lua	143	localization_table	loc_talent_zealot_bleed_melee_crit_chance	3F3DB4DF193FA86C37BA655674DAAAFA9CD1F2BACCF677D7E56826E1681E73DB	6798B7C819A7B2C187DA4039427D659C188E7E74FE59F9673B8FAEEB2C2949F6	Main_Modules/NAMES_Talents_Blessings.lua:1550 (official localization fallback table)	Main_Modules/NAMES_Talents_Blessings.lua:1552	localization_table	no	yes	no	yes	KEEP		ED3-NAMES-RECHECK-010	source_missing	none
Main_Modules/NAMES_Talents_Blessings.lua	144	localization_table	loc_talent_zealot_toughness_regen_in_melee	596411BF8D6C47F239F246E442BA8F4B7F69A5E4C94A5113C042FCAEED0E210E	F590FB14069A956636907269CA11D2F852894A3E1DA94B8A9B08BC2D461F3525	Main_Modules/NAMES_Talents_Blessings.lua:1555 (official localization fallback table)	Main_Modules/NAMES_Talents_Blessings.lua:1557	localization_table	no	yes	no	yes	KEEP		ED3-NAMES-RECHECK-010	source_missing	none
Main_Modules/NAMES_Talents_Blessings.lua	145	localization_table	loc_talent_zealot_increased_coherency_regen	7ACC90A1B8534C5F35C7F0BB5B253C44273E0FB03494049A347CEB3DCD05E883	ECB1269B1B1A757A79D992AAEB1A98B1E9095E2A0B8DFEB8D97176BE1BE331C1	Main_Modules/NAMES_Talents_Blessings.lua:1560 (official localization fallback table)	Main_Modules/NAMES_Talents_Blessings.lua:1562	localization_table	no	no	no	yes	KEEP		ED3-NAMES-RECHECK-010	source_missing	none
Main_Modules/NAMES_Talents_Blessings.lua	146	localization_table	loc_talent_zealot_3_passive_2	BB10571124C0B9DAC739FCA7100FF60B5700914E57A1B81C28F508852FC9FC80	542189D10D1848878FA0FE514AADBD5B0165907B03E6704B436C2D09418C5115	Main_Modules/NAMES_Talents_Blessings.lua:1565 (official localization fallback table)	Main_Modules/NAMES_Talents_Blessings.lua:1567	localization_table	no	yes	no	yes	KEEP		ED3-NAMES-RECHECK-010	source_missing	none
Main_Modules/NAMES_Talents_Blessings.lua	147	localization_table	loc_talent_zealot_3_tier_3_ability_2	62522B2284B2279CE7ED3E75AF0F6078E2D3AD40BA1A11A1548FA0620228AC67	33E797837151DA3FA3FDD2F69AD441A271192A9EF8AA334C4A1499A6E3C09C42	Main_Modules/NAMES_Talents_Blessings.lua:1575 (official localization fallback table)	Main_Modules/NAMES_Talents_Blessings.lua:1577	localization_table	no	yes	no	yes	KEEP		ED3-NAMES-RECHECK-010	source_missing	none
Main_Modules/NAMES_Talents_Blessings.lua	148	localization_table	loc_talent_zealot_toughness_on_heavy_kills	843495BA06D9683DD336ADFBF563D78DED01FAF6CEAAFAC02AB7C1534D3331F3	E55A6C2F4E53A41A6F18E388A12BD417965F59FE201B959C7FC3FDC1601CABB4	Main_Modules/NAMES_Talents_Blessings.lua:1580 (official localization fallback table)	Main_Modules/NAMES_Talents_Blessings.lua:1582	localization_table	no	yes	no	yes	KEEP		ED3-NAMES-RECHECK-010	source_missing	none
Main_Modules/NAMES_Talents_Blessings.lua	149	localization_table	loc_talent_zealot_toughness_on_dodge	47B5F7777B32C2BE738D90E321DD14FACE4DB07E896E3300DB0A083D65031670	B7F817670BC7ADDE18D6EDF6FC95F26EB7181177B96165DC178A9765C9DD306E	Main_Modules/NAMES_Talents_Blessings.lua:1593 (official localization fallback table)	Main_Modules/NAMES_Talents_Blessings.lua:1595	localization_table	no	yes	no	yes	KEEP		ED3-NAMES-RECHECK-010	source_missing	none
Main_Modules/NAMES_Talents_Blessings.lua	150	localization_table	loc_talent_zealot_movement_speed_on_damaged	C1142384049312082F179D5F78A0AC1DB91B639C7B890CA1F6C760862C13E750	9E57C4C11D1E9272718650F1038D0869E731E323DBEA61FEBD555D4EE5EFDBD6	Main_Modules/NAMES_Talents_Blessings.lua:1626 (official localization fallback table)	Main_Modules/NAMES_Talents_Blessings.lua:1628	localization_table	no	yes	no	yes	KEEP		ED3-NAMES-RECHECK-010	source_missing	none
Main_Modules/NAMES_Talents_Blessings.lua	151	localization_table	loc_talent_reduced_damage_after_dodge	A3CAD85A12353138805DC1625621B1B0B0A5D72525FBBD38846D78AADEB3BE5D	F0FC59DBA1CB39943709D50798CC25566F34FCE59C830EF495716DD5BCBD32FA	Main_Modules/NAMES_Talents_Blessings.lua:1631 (official localization fallback table)	Main_Modules/NAMES_Talents_Blessings.lua:1633	localization_table	no	yes	no	yes	KEEP		ED3-NAMES-RECHECK-011	source_missing	none
Main_Modules/NAMES_Talents_Blessings.lua	152	localization_table	loc_talent_zealot_heal_during_resist_death	7960597C458307B81E8435C0434CADBB959D3DE744609DDF2E53531E58B1A7B7	C4E9B27593CC1FF52BA22022EE2D9ECFA1C6179297C09F3938649BDD5F5EEAF6	Main_Modules/NAMES_Talents_Blessings.lua:1640 (official localization fallback table)	Main_Modules/NAMES_Talents_Blessings.lua:1642	localization_table	no	yes	no	yes	KEEP		ED3-NAMES-RECHECK-011	source_missing	none
Main_Modules/NAMES_Talents_Blessings.lua	153	localization_table	loc_talent_zealot_increased_reload_speed_on_melee_kills	AF76D8672F09543E84BA45CF9460A25FFF2F8955CFE987CAB69E071E24509C63	BCAFB6175A7078B3F4C9B8779D59317E55848BB985E121B45C3B157E3FB480C7	Main_Modules/NAMES_Talents_Blessings.lua:1645 (official localization fallback table)	Main_Modules/NAMES_Talents_Blessings.lua:1647	localization_table	no	no	no	yes	KEEP		ED3-NAMES-RECHECK-011	source_missing	none
Main_Modules/NAMES_Talents_Blessings.lua	154	localization_table	loc_talent_zealot_increased_stagger_on_weakspot_melee	C337EB21D0776A3F1050FE21CA2D3E76F5ABF4A680AF1917C1DFFFF1E7409DFA	743EC1EAE0B438516E21B3F7DBAF9CC9C59EF3F3950108953840A44136602727	Main_Modules/NAMES_Talents_Blessings.lua:1654 (official localization fallback table)	Main_Modules/NAMES_Talents_Blessings.lua:1656	localization_table	no	yes	no	yes	KEEP		ED3-NAMES-RECHECK-011	source_missing	none
Main_Modules/NAMES_Talents_Blessings.lua	155	localization_table	loc_talent_zealot_attack_speed	03E5B0BC7C58B55047D3FF57D105315EF6AE30321E0D5BF8FC33F122FD5B11A1	33787AB194879638A6B1A129E426C4ED139481BBFF788BAC3DBB083428692C6B	Main_Modules/NAMES_Talents_Blessings.lua:1667 (official localization fallback table)	Main_Modules/NAMES_Talents_Blessings.lua:1669	localization_table	no	yes	no	yes	KEEP		ED3-NAMES-RECHECK-011	source_missing	none
Main_Modules/NAMES_Talents_Blessings.lua	156	localization_table	loc_talent_zealot_increased_damage_stacks_on_hit	8CADFA3588B3883B3E7630F46B3E82DDD55289A5AE39FFBCDA759B7A133171F0	897165ECCF1B3E30318878755F91C2F4FD11E3DB6E2F5D0C356E7CA5EE2762B0	Main_Modules/NAMES_Talents_Blessings.lua:1672 (official localization fallback table)	Main_Modules/NAMES_Talents_Blessings.lua:1674	localization_table	no	yes	no	yes	KEEP		ED3-NAMES-RECHECK-011	source_missing	none
Main_Modules/NAMES_Talents_Blessings.lua	157	localization_table	loc_talent_zealot_improved_sprint	A8CD229D53A376620DD81D275B61F176B9B587EA1A39D8E2F761E30C91A798B0	C6062CB9878610611B7851F33CA4E060B2E339D725184C479EACCCE06591BA71	Main_Modules/NAMES_Talents_Blessings.lua:1685 (official localization fallback table)	Main_Modules/NAMES_Talents_Blessings.lua:1687	localization_table	no	no	no	yes	KEEP		ED3-NAMES-RECHECK-011	source_missing	none
Main_Modules/NAMES_Talents_Blessings.lua	158	localization_table	loc_talent_veteran_grenade_apply_bleed	51CA5F811669F472355269163FD36A5E492063AEB5B9D19994D786932B5E8C0B	EE239E3ED1DF315079E9B9C983EF1CF5548FBDFC4F6C43D3CF90427C961C254B	Main_Modules/NAMES_Talents_Blessings.lua:1698 (official localization fallback table)	Main_Modules/NAMES_Talents_Blessings.lua:1700	localization_table	no	yes	no	yes	KEEP		ED3-NAMES-RECHECK-011	source_missing	none
Main_Modules/NAMES_Talents_Blessings.lua	159	localization_table	loc_talent_veteran_elite_kills_grant_ammo_coop	A6CC8B97166126F976631A1245EE5553389A23617ADF09B3D22FCC20194C7925	AE2B8DF3C5870623D0FEFD2849E2034BCCF0448677CC6F909C088E227F227721	Main_Modules/NAMES_Talents_Blessings.lua:1712 (official localization fallback table)	Main_Modules/NAMES_Talents_Blessings.lua:1714	localization_table	no	yes	no	yes	KEEP		ED3-NAMES-RECHECK-011	source_missing	none
Main_Modules/NAMES_Talents_Blessings.lua	160	localization_table	loc_talent_veteran_elite_kills_grant_ammo_coop_improved	04B13BEE108DF23B357FEDB90671F4E63BE0C6EA621F110CB0FAFD1C815F26D3	F3AB72E6655E3EDABD689E8DCA9901888559A083BF15E4F73B65F5CEAC747F15	Main_Modules/NAMES_Talents_Blessings.lua:1717 (official localization fallback table)	Main_Modules/NAMES_Talents_Blessings.lua:1719	localization_table	no	yes	no	yes	KEEP		ED3-NAMES-RECHECK-011	source_missing	none
Main_Modules/NAMES_Talents_Blessings.lua	161	localization_table	loc_talent_veteran_combat_ability_coherency_outlines	F4B441AFAAF50D78928819DA3391C3D6CA8BA06FEAD81854A652248BE2F39986	6AFF8DAB288E11AF1D32F275737C192EBFC292355996DF8FE01C3B3D2AA57826	Main_Modules/NAMES_Talents_Blessings.lua:1739 (official localization fallback table)	Main_Modules/NAMES_Talents_Blessings.lua:1741	localization_table	no	yes	no	yes	KEEP		ED3-NAMES-RECHECK-011	source_missing	none
Main_Modules/NAMES_Talents_Blessings.lua	162	localization_table	loc_talent_veteran_combat_ability_revives	B141ADE88693FBA3AD9CF4FE642E0FEA47EB2F442DFDF292A6E6BEB4E527710C	09B391CEBFA4B1EB07DB8B90F77A0D440B66C13BA9EB6145B1F77DC55E3CE549	Main_Modules/NAMES_Talents_Blessings.lua:1764 (official localization fallback table)	Main_Modules/NAMES_Talents_Blessings.lua:1766	localization_table	no	yes	no	yes	KEEP		ED3-NAMES-RECHECK-011	source_missing	none
Main_Modules/NAMES_Talents_Blessings.lua	163	localization_table	loc_talent_veteran_reduced_threat_after_combat_ability	DD705C6551AC1CED4625D0CE25C2EC0E9EEC0CA6D667F79CB4544780D8729DB9	8587E97EB80CBC5A749E535695BF0467D8ADBA90365245EE1461AD5A7C589AAA	Main_Modules/NAMES_Talents_Blessings.lua:1777 (official localization fallback table)	Main_Modules/NAMES_Talents_Blessings.lua:1779	localization_table	no	yes	no	yes	KEEP		ED3-NAMES-RECHECK-011	source_missing	none
Main_Modules/NAMES_Talents_Blessings.lua	164	localization_table	loc_talent_veteran_combat_ability_extra_charge	FE6B26F99DCB18282E76EDE78108BC4AAECD3993846F14CF0433F24475296E20	0C344674DA24A5FDBD83985E877D61B9DBAEB016122B60BC5CE718E71A2167DD	Main_Modules/NAMES_Talents_Blessings.lua:1782 (official localization fallback table)	Main_Modules/NAMES_Talents_Blessings.lua:1784	localization_table	no	yes	no	yes	KEEP		ED3-NAMES-RECHECK-011	source_missing	none
Main_Modules/NAMES_Talents_Blessings.lua	165	localization_table	loc_talent_veteran_ability_assault	482A6772646ADAFF8771EC9699CE85D9DF7A87EA00A34FA0AE53414DA1A50BA6	E5437CC6AB7E84F237490A8B6F72BF3D44CE7090126CA1C8B9C45D8232ECCEC6	Main_Modules/NAMES_Talents_Blessings.lua:1795 (official localization fallback table)	Main_Modules/NAMES_Talents_Blessings.lua:1797	localization_table	no	yes	no	yes	KEEP		ED3-NAMES-RECHECK-011	source_missing	none
Main_Modules/NAMES_Talents_Blessings.lua	166	localization_table	loc_talent_veteran_snipers_focus_rending_bonus	4FF58082B7E5F5647A0C32A6643B195F9F3F381E15D38FD662B001B56D948506	7FCE42EC3EF0F9E36BD6928BE4077F3961F7993CBB427CC0FBCDC170E91D7222	Main_Modules/NAMES_Talents_Blessings.lua:1805 (official localization fallback table)	Main_Modules/NAMES_Talents_Blessings.lua:1807	localization_table	no	yes	no	yes	KEEP		ED3-NAMES-RECHECK-012	source_missing	none
Main_Modules/NAMES_Talents_Blessings.lua	167	localization_table	loc_talent_veteran_weapon_switch	EE2325B03052ED48686C8CB9C1D0C6C252FED2761A7C923427543D60661EA5AA	55E0EFBE20A360489DE2496F044B7CA95A77EA125B0A4394A83ED57C7ACD86AB	Main_Modules/NAMES_Talents_Blessings.lua:1838 (official localization fallback table)	Main_Modules/NAMES_Talents_Blessings.lua:1840	localization_table	no	yes	no	yes	KEEP		ED3-NAMES-RECHECK-012	source_missing	none
Main_Modules/NAMES_Talents_Blessings.lua	168	localization_table	loc_talent_veteran_weapon_switch_stamina_reduction	20F0E17BE362AA662CB30B4CF6A5EFD8562FB7A144E50BD683DC9F5CEEDB4A9B	D1FF98BB69CEA39E82C6386F904FF415A12F0A9B8797DBFA65A77D2F36FF1A80	Main_Modules/NAMES_Talents_Blessings.lua:1859 (official localization fallback table)	Main_Modules/NAMES_Talents_Blessings.lua:1861	localization_table	no	no	no	yes	KEEP		ED3-NAMES-RECHECK-012	source_missing	none
Main_Modules/NAMES_Talents_Blessings.lua	169	localization_table	loc_talent_veteran_increased_damage_based_on_range	7AE0016E2478BF6CD2687068B768FFA063235846B1C77A5E67D437D1922A54E7	56ECD4A6DB320262902366A5504D7D337D0446C16CC68E93E4952BDECE5CAAC3	Main_Modules/NAMES_Talents_Blessings.lua:1865 (official localization fallback table)	Main_Modules/NAMES_Talents_Blessings.lua:1867	localization_table	no	yes	no	yes	KEEP		ED3-NAMES-RECHECK-012	source_missing	none
Main_Modules/NAMES_Talents_Blessings.lua	170	localization_table	loc_talent_veteran_reduce_swap_time	629811894BE43B360C121A66ACC22D5CDF3E108394F3D6973632708B6387E800	6892C8D5EC1A1464BFEAAF546E8C2005A35FEC681A504AA7D1995D6F3DE6BF59	Main_Modules/NAMES_Talents_Blessings.lua:1874 (official localization fallback table)	Main_Modules/NAMES_Talents_Blessings.lua:1876	localization_table	no	yes	no	yes	KEEP		ED3-NAMES-RECHECK-012	source_missing	none
Main_Modules/NAMES_Talents_Blessings.lua	171	localization_table	loc_talent_veteran_toughness_on_weakspot_kill	C65D38CFE7637F6ABA7317C23BC2121393AB8BE49EC3334F13AE517355A5C6A8	BB3B0A03438115BC6DA6970626CA554871823533AB612300B81DDA79057BC6CF	Main_Modules/NAMES_Talents_Blessings.lua:1879 (official localization fallback table)	Main_Modules/NAMES_Talents_Blessings.lua:1881	localization_table	no	yes	no	yes	KEEP		ED3-NAMES-RECHECK-012	source_missing	none
Main_Modules/NAMES_Talents_Blessings.lua	172	localization_table	loc_talent_veteran_increased_aura_radius	6189A94ABE3B36A6B19D6B8299C1FF1EF17DA5DB92D1ACE254DA17930E71C21B	96E218472BA890A83C4FDAC84B04546110371FC62B959D348BD6A4D894A876B6	Main_Modules/NAMES_Talents_Blessings.lua:1889 (official localization fallback table)	Main_Modules/NAMES_Talents_Blessings.lua:1891	localization_table	no	no	no	yes	KEEP		ED3-NAMES-RECHECK-012	source_missing	none
Main_Modules/NAMES_Talents_Blessings.lua	173	localization_table	loc_talent_veteran_toughness_on_elite_kill	F18F28E5EA1A6BC846D8DD391B97E0AECA6CC43F1FBE9E2F812D59462AB67ED2	32A15DD85ABF2D67F16FF91D43B5A43857A37A33DC74D76BC6DB046DE1E63249	Main_Modules/NAMES_Talents_Blessings.lua:1894 (official localization fallback table)	Main_Modules/NAMES_Talents_Blessings.lua:1896	localization_table	no	yes	no	yes	KEEP		ED3-NAMES-RECHECK-012	source_missing	none
Main_Modules/NAMES_Talents_Blessings.lua	174	localization_table	loc_talent_ranger_reload_speed_empty_mag	0E470AD66976EE74D757F4CB1AD619FBC93B9FCE5A3413DB41F52AB6FB07D111	510E387AE9E3AD1A4211B86B70557216FBB3D9E60B40FEF35B3818789F47F95E	Main_Modules/NAMES_Talents_Blessings.lua:1899 (official localization fallback table)	Main_Modules/NAMES_Talents_Blessings.lua:1901	localization_table	no	yes	no	yes	KEEP		ED3-NAMES-RECHECK-012	source_missing	none
Main_Modules/NAMES_Talents_Blessings.lua	175	localization_table	loc_talent_veteran_all_kills_replenish_toughness	3225FAC23626E5158F10BF7C85B120D2D9D96DEDED5C32D69F32E945C7500DDF	29CB09F949B47824BEA709FEF0E97FA01D9370638C4EBDA128D2A05AE94AC469	Main_Modules/NAMES_Talents_Blessings.lua:1904 (official localization fallback table)	Main_Modules/NAMES_Talents_Blessings.lua:1906	localization_table	no	yes	no	yes	KEEP		ED3-NAMES-RECHECK-012	source_missing	none
Main_Modules/NAMES_Talents_Blessings.lua	176	localization_table	loc_talent_veteran_movement_speed_on_toughness_broken	45BE3FEDF83469898261B9AEF22DD3FC631B0090755DB8F472E19C63B23B71CF	A36719E3CBC8EFEC39D43E42EF40D7BFF0933AE5C86E0966F73CD2B4006AB306	Main_Modules/NAMES_Talents_Blessings.lua:1909 (official localization fallback table)	Main_Modules/NAMES_Talents_Blessings.lua:1911	localization_table	no	no	no	yes	KEEP		ED3-NAMES-RECHECK-012	source_missing	none
Main_Modules/NAMES_Talents_Blessings.lua	177	localization_table	loc_talent_veteran_replenish_toughness_outside_melee	A3B48F85FC248453F4872FE7E18D3D2686854FDE21EED779594CBADB39D7A71E	55A391B0D1E502C5A83C28B181FD96451EBB70EAED3490156DBF7937A924734E	Main_Modules/NAMES_Talents_Blessings.lua:1914 (official localization fallback table)	Main_Modules/NAMES_Talents_Blessings.lua:1916	localization_table	no	yes	no	yes	KEEP		ED3-NAMES-RECHECK-012	source_missing	none
Main_Modules/NAMES_Talents_Blessings.lua	178	localization_table	loc_talent_veteran_improved_grenades	F632FBC43D4C52FC9043F77C0AB435A4294F84D606BE10E6857C90586BBC2269	9042C3973C2E11E9651757CE8C01C29A21D92385E58FC4F3D9EEDB5F53876E6A	Main_Modules/NAMES_Talents_Blessings.lua:1919 (official localization fallback table)	Main_Modules/NAMES_Talents_Blessings.lua:1921	localization_table	no	yes	no	yes	KEEP		ED3-NAMES-RECHECK-012	source_missing	none
Main_Modules/NAMES_Talents_Blessings.lua	179	localization_table	loc_talent_veteran_replenish_toughness_and_boost_allies	99307DDA09290173A217EA62D1F7ACAAEB7486BD45CDDADAFA64C1BA87B83822	A75BF42C7D6FBBB5312036B59E96BC61049744A4DE74B3BBF6695B67EDFFF554	Main_Modules/NAMES_Talents_Blessings.lua:1924 (official localization fallback table)	Main_Modules/NAMES_Talents_Blessings.lua:1926	localization_table	no	yes	no	yes	KEEP		ED3-NAMES-RECHECK-012	source_missing	none
Main_Modules/NAMES_Talents_Blessings.lua	180	localization_table	loc_talent_veteran_hits_cause_bleed	A30DC55B295D1D7717F1F0189CECD58274FCB499CB60A2008CCCAB55E3B4509F	103096F05D86DDA565F9D403F37E38B0282D2D49CC5DA289D106671B81D913A3	Main_Modules/NAMES_Talents_Blessings.lua:1929 (official localization fallback table)	Main_Modules/NAMES_Talents_Blessings.lua:1931	localization_table	no	yes	no	yes	KEEP		ED3-NAMES-RECHECK-012	source_missing	none
Main_Modules/NAMES_Talents_Blessings.lua	181	localization_table	loc_talent_veteran_kill_grants_damage_to_other_slot	91CF5E36D64BECDF2EE268EAD34AAE0E404F76535835A111AE91C54956E53984	C8262ED07196F851177BE33DB59F524D8A971593A8E5296C5FFA958975A0A201	Main_Modules/NAMES_Talents_Blessings.lua:1934 (official localization fallback table)	Main_Modules/NAMES_Talents_Blessings.lua:1936	localization_table	no	yes	no	yes	KEEP		ED3-NAMES-RECHECK-013	source_missing	none
Main_Modules/NAMES_Talents_Blessings.lua	182	localization_table	loc_talent_veteran_extra_grenade_throw_chance	ACC2FDF8765204D4DE9DF3284851F5FD1DA57C17390E7D252DA6755158FBE2F7	07AEDB56B6D73B2768CA7867C865B94288CE5920FFE7CED91F0143A918042871	Main_Modules/NAMES_Talents_Blessings.lua:1951 (official localization fallback table)	Main_Modules/NAMES_Talents_Blessings.lua:1953	localization_table	no	no	no	yes	KEEP		ED3-NAMES-RECHECK-013	source_missing	none
Main_Modules/NAMES_Talents_Blessings.lua	183	localization_table	loc_talent_veteran_extra_grenade	759B045DCB7EBE45BA6A5438F21B7D992362D93C35A19A7F61E57817E642756B	169105EC6775B641986220554F380C5CCD795F28B128B19C47C38A17ABDFCC6A	Main_Modules/NAMES_Talents_Blessings.lua:1960 (official localization fallback table)	Main_Modules/NAMES_Talents_Blessings.lua:1962	localization_table	no	yes	no	yes	KEEP		ED3-NAMES-RECHECK-013	source_missing	none
Main_Modules/NAMES_Talents_Blessings.lua	184	localization_table	loc_talent_veteran_allies_share_toughness	B7325E2184A49AFFED66359300CAEF4AAF39AB9F5C550EA302A5E11507C4CF7D	D5EB811B678F802AAC4FA1BF7BD17F3CB28BACA45536955FDDC03D88FE42B533	Main_Modules/NAMES_Talents_Blessings.lua:1981 (official localization fallback table)	Main_Modules/NAMES_Talents_Blessings.lua:1983	localization_table	no	yes	no	yes	KEEP		ED3-NAMES-RECHECK-013	source_missing	none
Main_Modules/NAMES_Talents_Blessings.lua	185	localization_table	loc_talent_veteran_increase_suppression	3616A620FCB99C43663369715FDF7F8C858B6F53A8F59E1ED51E040241877FED	6E15C983891AB89738B314A33EA68A8373E4D8EC83A179DAFBF7A9EC518CFF66	Main_Modules/NAMES_Talents_Blessings.lua:1986 (official localization fallback table)	Main_Modules/NAMES_Talents_Blessings.lua:1988	localization_table	no	yes	no	yes	KEEP		ED3-NAMES-RECHECK-013	source_missing	none
Main_Modules/NAMES_Talents_Blessings.lua	186	localization_table	loc_talent_veteran_dodging_grants_crit	16E837C84B7423EDB492D4D99CAC5CB0B77C83FB42A6EA63268472B846EA83CD	E1FB1C704BF2E8C1E265EDED8AC92ABF1B2DB18526871A017207F3A2E6D76660	Main_Modules/NAMES_Talents_Blessings.lua:1991 (official localization fallback table)	Main_Modules/NAMES_Talents_Blessings.lua:1993	localization_table	no	yes	no	yes	KEEP		ED3-NAMES-RECHECK-013	source_missing	none
Main_Modules/NAMES_Talents_Blessings.lua	187	localization_table	loc_talent_ranger_stamina_on_ranged_dodge	D15641E9121AB8DF77D4B5C66A9BEDD2DE2DB33EF8D4592E41FEED01828D6C21	0B680D05E351A45E8D763B0C65EE73AC9618D9B365D23ED9A7DF0FC26C3DED8B	Main_Modules/NAMES_Talents_Blessings.lua:1996 (official localization fallback table)	Main_Modules/NAMES_Talents_Blessings.lua:1998	localization_table	no	yes	no	yes	KEEP		ED3-NAMES-RECHECK-013	source_missing	none
Main_Modules/NAMES_Talents_Blessings.lua	188	localization_table	loc_talent_veteran_ammo_increase	FDB576907D84E2A8C67845CC9116952402F9E1756E2FEB9A66DE1D46844DA05E	D4EED92218809077F8344326F64805E726C604F2034172D12ACB398CDFA3E1EF	Main_Modules/NAMES_Talents_Blessings.lua:2001 (official localization fallback table)	Main_Modules/NAMES_Talents_Blessings.lua:2003	localization_table	no	yes	no	yes	KEEP		ED3-NAMES-RECHECK-013	source_missing	none
Main_Modules/NAMES_Talents_Blessings.lua	189	localization_table	loc_talent_veteran_elite_kills_reduce_cooldown	FF2776AC0C9A884B0B6EDFC7FD9E366AFE1E17265BE015E302A01BCE57E88B1C	B9CD9554796BDA38A9855DCB0FFFED8B590546A67DA340704B9D14D47687069E	Main_Modules/NAMES_Talents_Blessings.lua:2006 (official localization fallback table)	Main_Modules/NAMES_Talents_Blessings.lua:2008	localization_table	no	yes	no	yes	KEEP		ED3-NAMES-RECHECK-013	source_missing	none
Main_Modules/NAMES_Talents_Blessings.lua	190	localization_table	loc_talent_ranger_grenade_on_elite_kills_coop	E39B52FBFC12758BA24C61C2A1CE92D19325BB7C371378AA981458246065DC4B	3120A33E6F8A37E72C2339BB4561A590D20372BCD905A14B3EB964584A1AF1D6	Main_Modules/NAMES_Talents_Blessings.lua:2027 (official localization fallback table)	Main_Modules/NAMES_Talents_Blessings.lua:2029	localization_table	no	yes	no	yes	KEEP		ED3-NAMES-RECHECK-013	source_missing	none
Main_Modules/NAMES_Talents_Blessings.lua	191	localization_table	loc_talent_veteran_attack_speed	5E65B0AAB81D7C23CDEED58B0726EAD5E3EF89A421E6122DDB61C9C7F2960626	26165B4B712382125E85AC8991F57048840EF9EC86AA8765276DBC22D6CE2BFF	Main_Modules/NAMES_Talents_Blessings.lua:2040 (official localization fallback table)	Main_Modules/NAMES_Talents_Blessings.lua:2042	localization_table	no	yes	no	yes	KEEP		ED3-NAMES-RECHECK-013	source_missing	none
Main_Modules/NAMES_Talents_Blessings.lua	192	localization_table	loc_talent_veteran_ally_kills_increase_damage	01319E53FCC354F33644A6DC9D3C85CC5000E767A50FC6CA0AA1EC87446B247F	2DD433260EA50D13AC6D01C65F41646D2D8D080F1D391B15FBFBBF79CC35E9EF	Main_Modules/NAMES_Talents_Blessings.lua:2049 (official localization fallback table)	Main_Modules/NAMES_Talents_Blessings.lua:2051	localization_table	no	yes	no	yes	KEEP		ED3-NAMES-RECHECK-013	source_missing	none
Main_Modules/NAMES_Talents_Blessings.lua	193	localization_table	loc_talent_veteran_rending_bonus	EC15BFC3C24658E2C7ABD26EC2F6CB3C6874C67E896DD6EEDF468BACA97059A8	CD36F61D5A7A4AA7F3C0331A950E72E3403F6ECEF3DCB9FFD51A2A060A868DBF	Main_Modules/NAMES_Talents_Blessings.lua:2054 (official localization fallback table)	Main_Modules/NAMES_Talents_Blessings.lua:2056	localization_table	no	yes	no	yes	KEEP		ED3-NAMES-RECHECK-013	source_missing	none
Main_Modules/NAMES_Talents_Blessings.lua	194	localization_table	loc_talent_veteran_big_game_hunter	D5DD6793AB434CB20655B209B66DEF36C885A80008F101819969E30E6EFA43F7	3154FB1CA7C77D45A0494645007E0F981AD5010A02D9EA5DF377B942A3EA32DF	Main_Modules/NAMES_Talents_Blessings.lua:2059 (official localization fallback table)	Main_Modules/NAMES_Talents_Blessings.lua:2061	localization_table	no	yes	no	yes	KEEP		ED3-NAMES-RECHECK-013	source_missing	none
Main_Modules/NAMES_Talents_Blessings.lua	195	localization_table	loc_ability_ogryn_grenade_box	9C796EDABB4A87B834C23BA8062146A1A2348DAF138B47034C7527A4BB407FA8	B424136A3DBC1653B9985E1FE099AD98C3A71E4F537BE8E2198F2BCD23443F33	Main_Modules/NAMES_Talents_Blessings.lua:2068 (official localization fallback table)	Main_Modules/NAMES_Talents_Blessings.lua:2070	localization_table	no	yes	no	yes	KEEP		ED3-NAMES-RECHECK-013	source_missing	none
Main_Modules/NAMES_Talents_Blessings.lua	196	localization_table	loc_talent_bonebreaker_grenade_super_armor_explosion	462D6AFA16A354071F46E3D09EF415EC82F81888CEF5517854DB6C169AD156B4	14BD35C118B56A091917B86E0592356343DE883B5C2A2E63755A92E585A2EA58	Main_Modules/NAMES_Talents_Blessings.lua:2077 (official localization fallback table)	Main_Modules/NAMES_Talents_Blessings.lua:2079	localization_table	no	yes	no	yes	KEEP		ED3-NAMES-RECHECK-014	source_missing	none
Main_Modules/NAMES_Talents_Blessings.lua	197	localization_table	loc_ability_ogryn_grenade_demolition	3A9D51103EB1A9DA06F7112727F5DA0B48773422A90B853A3287970B1E48DD7F	568990F8E23A82698DA2AB9D40E089F65E20B33D17D936BA6BA6D3F15BCBE913	Main_Modules/NAMES_Talents_Blessings.lua:2082 (official localization fallback table)	Main_Modules/NAMES_Talents_Blessings.lua:2084	localization_table	no	yes	no	yes	KEEP		ED3-NAMES-RECHECK-014	source_missing	none
Main_Modules/NAMES_Talents_Blessings.lua	198	localization_table	loc_talent_ogryn_2_base_4	87B5290FC7325D617FFB8926A08D8B793ED4E3C12E7D356256B4BD3BDB29B934	728AC4538661186BB1C282F1BAE2170981484ABC1B02465DBEB8F50C9914D642	Main_Modules/NAMES_Talents_Blessings.lua:2088 (official localization fallback table)	Main_Modules/NAMES_Talents_Blessings.lua:2090	localization_table	no	yes	no	yes	KEEP		ED3-NAMES-RECHECK-014	source_missing	none
Main_Modules/NAMES_Talents_Blessings.lua	199	localization_table	loc_talent_ogryn_toughness_regen_aura	36857427152EA075E89AFF6DCFBB69BB8360A13AA30DD6D3264483F062549162	76AACADCC76E07FA9409E5505CA4C1A54AF532F33E8525B3D2875B0A778E95CA	Main_Modules/NAMES_Talents_Blessings.lua:2097 (official localization fallback table)	Main_Modules/NAMES_Talents_Blessings.lua:2099	localization_table	no	yes	no	yes	KEEP		ED3-NAMES-RECHECK-014	source_missing	none
Main_Modules/NAMES_Talents_Blessings.lua	200	localization_table	loc_talent_ogryn_damage_vs_suppressed	6B757599D456E9FE5AE63A3137DF9CED737FF38E55516E87F53BE479D1817178	24939DFC88C9D74B64D80159196F78C4B98D554DB303CE75123127A4DFD51169	Main_Modules/NAMES_Talents_Blessings.lua:2102 (official localization fallback table)	Main_Modules/NAMES_Talents_Blessings.lua:2104	localization_table	no	yes	no	yes	KEEP		ED3-NAMES-RECHECK-014	source_missing	none
Main_Modules/NAMES_Talents_Blessings.lua	201	localization_table	loc_ability_ogryn_charge	A10B0362193C24DEF54FAFF454DE166491B407FBF736AD93B5E3030A25086112	6DB4FD5B68EB219357E7796C1469373C447C05F690CACE9D4F81891C6CA8AA96	Main_Modules/NAMES_Talents_Blessings.lua:2108 (official localization fallback table)	Main_Modules/NAMES_Talents_Blessings.lua:2110	localization_table	no	yes	no	yes	KEEP		ED3-NAMES-RECHECK-014	source_missing	none
Main_Modules/NAMES_Talents_Blessings.lua	202	localization_table	loc_talent_ogryn_bull_rush_distance	1A80356E250A348D832AA0C69A5C1ECFED0C9DDDFD45FC7B21428D48F61A9BD6	34BE86E3A932EB6106C7839304BB7FD5CA76BA5310F71A01CF07945734C89956	Main_Modules/NAMES_Talents_Blessings.lua:2113 (official localization fallback table)	Main_Modules/NAMES_Talents_Blessings.lua:2115	localization_table	no	yes	no	yes	KEEP		ED3-NAMES-RECHECK-014	source_missing	none
Main_Modules/NAMES_Talents_Blessings.lua	203	localization_table	loc_talent_ogryn_toughness_on_bull_rush	5427E916FA9D72A91C373D17F7A45F93FFD97B33C2D3E1F9443E79BB7F85C1CF	556F87E3F6D465BE98DBF2650F0B560FF719A1962F41C5110AFE1D84F2D80A9E	Main_Modules/NAMES_Talents_Blessings.lua:2118 (official localization fallback table)	Main_Modules/NAMES_Talents_Blessings.lua:2120	localization_table	no	yes	no	yes	KEEP		ED3-NAMES-RECHECK-014	source_missing	none
Main_Modules/NAMES_Talents_Blessings.lua	204	localization_table	loc_talent_ogryn_ability_charge_trample	362DD496D7F5ED9CAC8F0242F15C5E7F45BFB1E25CE9E7D782EF14E431D70985	56F5310A68062E73F0E3E653BF1E88F6D545B720018245482EBBA54164244FF6	Main_Modules/NAMES_Talents_Blessings.lua:2123 (official localization fallback table)	Main_Modules/NAMES_Talents_Blessings.lua:2125	localization_table	no	yes	no	yes	KEEP		ED3-NAMES-RECHECK-014	source_missing	none
Main_Modules/NAMES_Talents_Blessings.lua	205	localization_table	loc_talent_ogryn_bleed_on_bull_rush	9C7F3900A7A4E37F6F8B1948AD690D239C2084F459D1AE70A2BDA204C94C226F	6F0CEEE159AE264A097C976A995B55614A3EAF07FE84619A3D358C34B721AECF	Main_Modules/NAMES_Talents_Blessings.lua:2128 (official localization fallback table)	Main_Modules/NAMES_Talents_Blessings.lua:2130	localization_table	no	yes	no	yes	KEEP		ED3-NAMES-RECHECK-014	source_missing	none
Main_Modules/NAMES_Talents_Blessings.lua	206	localization_table	loc_talent_ogryn_taunt_damage_taken_increase	58105AF2E743CBD0E338B2C6E7460457B79FE297861F834B6C943B2BD1C1A631	D504E92F4C9A4D4407F42FE3416E4A0D3B73CA115632469F526492E58A6E11CD	Main_Modules/NAMES_Talents_Blessings.lua:2137 (official localization fallback table)	Main_Modules/NAMES_Talents_Blessings.lua:2139	localization_table	no	yes	no	yes	KEEP		ED3-NAMES-RECHECK-014	source_missing	none
Main_Modules/NAMES_Talents_Blessings.lua	207	localization_table	loc_talent_ogryn_taunt_stagger_cd	4D4266AF0A2EECA80F7B58C6C43CC3BA6563D11B3AB56B52547C1E329A0E8BA2	ACE2BBE004C8048D96D870801E5F2E759AEC8CBE71F405FCA2AA961873DCCCAE	Main_Modules/NAMES_Talents_Blessings.lua:2142 (official localization fallback table)	Main_Modules/NAMES_Talents_Blessings.lua:2144	localization_table	no	yes	no	yes	KEEP		ED3-NAMES-RECHECK-014	source_missing	none
Main_Modules/NAMES_Talents_Blessings.lua	208	localization_table	loc_talent_ogryn_combat_ability_special_ammo	D895334CAF96489959BF32A5B5794D940CA88635BDCD79482765FD591D0C27EE	B3E27D70D5E627213DA5157A240B3AF333EBDDA128E4C31682929A7745D31720	Main_Modules/NAMES_Talents_Blessings.lua:2151 (official localization fallback table)	Main_Modules/NAMES_Talents_Blessings.lua:2153	localization_table	no	yes	no	yes	KEEP		ED3-NAMES-RECHECK-014	source_missing	none
Main_Modules/NAMES_Talents_Blessings.lua	209	localization_table	loc_talent_ogryn_special_ammo_toughness	355C7A427B7F99228E7E84BA5E996B8C620B9A6AE8DC300835A86912548FD9DD	BA182930EA92482FFDD806258EB767DC9914EF5BC819EB506830A92BABEC95B6	Main_Modules/NAMES_Talents_Blessings.lua:2156 (official localization fallback table)	Main_Modules/NAMES_Talents_Blessings.lua:2158	localization_table	no	yes	no	yes	KEEP		ED3-NAMES-RECHECK-014	source_missing	none
Main_Modules/NAMES_Talents_Blessings.lua	210	localization_table	loc_talent_ogryn_special_ammo_armor_pen	CBE3C22D936700CCC31DDA2EC571BA0CF33ACBF7D4532D9540DF01C7D01FE2A6	97795928ECA7E121A25140977025E4C7F0D179A17306A689C9FF3D44244BF9CA	Main_Modules/NAMES_Talents_Blessings.lua:2161 (official localization fallback table)	Main_Modules/NAMES_Talents_Blessings.lua:2163	localization_table	no	yes	no	yes	KEEP		ED3-NAMES-RECHECK-014	source_missing	none
Main_Modules/NAMES_Talents_Blessings.lua	211	localization_table	loc_talent_ogryn_special_ammo_fire_shots	957AC3905DF94229BF09C116D477142E88E9458E82EA39FDC25F3928771711CE	609FCCF794A0DBA6DAA0672B3F7FE57612D94C5E79F736F7A733367EF6CAF6E3	Main_Modules/NAMES_Talents_Blessings.lua:2166 (official localization fallback table)	Main_Modules/NAMES_Talents_Blessings.lua:2168	localization_table	no	yes	no	yes	KEEP		ED3-NAMES-RECHECK-015	source_missing	none
Main_Modules/NAMES_Talents_Blessings.lua	212	localization_table	loc_talent_ogryn_passive_heavy_hitter	1AB243D1B9517F414512B9BB061750E84FEC71C83C03AE6F8203A9B3FC8E44D9	CAA8F01FFF38053BCFF8E5B45733D8DBDBA78FF69D860FDA725F410AC0A47DB2	Main_Modules/NAMES_Talents_Blessings.lua:2172 (official localization fallback table)	Main_Modules/NAMES_Talents_Blessings.lua:2174	localization_table	no	yes	no	yes	KEEP		ED3-NAMES-RECHECK-015	source_missing	none
Main_Modules/NAMES_Talents_Blessings.lua	213	localization_table	loc_talent_ogryn_heavy_hitter_max_stacks_improves_attack_speed	065875DC22399D2AD55F42A4A4458FA8B80488D6F0BDBA4AD109688EEFC6F77C	584398E594419E30A122612EA94DF88B3B566EACE5ED50EF8F6E30D0F63F33E6	Main_Modules/NAMES_Talents_Blessings.lua:2177 (official localization fallback table)	Main_Modules/NAMES_Talents_Blessings.lua:2179	localization_table	no	yes	no	yes	KEEP		ED3-NAMES-RECHECK-015	source_missing	none
Main_Modules/NAMES_Talents_Blessings.lua	214	localization_table	loc_talent_ogryn_heavy_hitter_max_stacks_improves_toughness	E444F49C97A8DDADD5D24DE0E3452C571F0B18EF2E341661054BE0FBC1DA1BCA	0714B19742438112DE0C1088374F0958F2E072F302B9E81EA6E2AE169E043F03	Main_Modules/NAMES_Talents_Blessings.lua:2182 (official localization fallback table)	Main_Modules/NAMES_Talents_Blessings.lua:2184	localization_table	no	yes	no	yes	KEEP		ED3-NAMES-RECHECK-015	source_missing	none
Main_Modules/NAMES_Talents_Blessings.lua	215	localization_table	loc_talent_ogryn_heavy_hitter_light_attacks_refresh	096131E8B58AF50FD6C357C692DDA8203D17FC2FA93ABBC365400A528FF938E9	59F40999B16CD5D1C421BF15984A8329D468A57CF01AB8AF9E7B85E38CE273C6	Main_Modules/NAMES_Talents_Blessings.lua:2187 (official localization fallback table)	Main_Modules/NAMES_Talents_Blessings.lua:2189	localization_table	no	no	no	yes	KEEP		ED3-NAMES-RECHECK-015	source_missing	none
Main_Modules/NAMES_Talents_Blessings.lua	216	localization_table	loc_talent_ogryn_carapace_armor	754F6DEFB4A1DA0D0A74552F24DD3D88097ED9CD11735E874C82BC4F4F1782CE	825E51C02452548CECF7F521717EB8C6A4039D2B97F0128856DDE8D72ED56A70	Main_Modules/NAMES_Talents_Blessings.lua:2192 (official localization fallback table)	Main_Modules/NAMES_Talents_Blessings.lua:2194	localization_table	no	yes	no	yes	KEEP		ED3-NAMES-RECHECK-015	source_missing	none
Main_Modules/NAMES_Talents_Blessings.lua	217	localization_table	loc_talent_ogryn_carapace_armor_more_toughness	8CF28F941F4C9A5B93EAB1FB64968099BBACCE50030729C91EB30B0AE69A8BF0	41D0AFF32B7AE34C1DBF88839C7C941B47F9337414CBC046B4C94D8BC73C89D2	Main_Modules/NAMES_Talents_Blessings.lua:2205 (official localization fallback table)	Main_Modules/NAMES_Talents_Blessings.lua:2207	localization_table	no	yes	no	yes	KEEP		ED3-NAMES-RECHECK-015	source_missing	none
Main_Modules/NAMES_Talents_Blessings.lua	218	localization_table	loc_talent_ogryn_chance_to_not_consume_ammo	6AFC9E22C9970C11CFD4589393A99F3ADDDD8603DE540FA9900F4792B72D3967	270565D2EB18016BE8498DB4F7DD36C9E3F6D78162733368AA2F2279BBAC95E8	Main_Modules/NAMES_Talents_Blessings.lua:2210 (official localization fallback table)	Main_Modules/NAMES_Talents_Blessings.lua:2212	localization_table	no	yes	no	yes	KEEP		ED3-NAMES-RECHECK-015	source_missing	none
Main_Modules/NAMES_Talents_Blessings.lua	219	localization_table	loc_talent_ogryn_critical_leadbelcher	5C0EAD15334AC993EE2E59A6600BD0909FC84C52947FACD5DB91C4344AD145FC	8ECD47523BDD5489D77A07D8AF3BC6C859F3D1BAB8586218F015D3236D2E7335	Main_Modules/NAMES_Talents_Blessings.lua:2219 (official localization fallback table)	Main_Modules/NAMES_Talents_Blessings.lua:2221	localization_table	no	yes	no	yes	KEEP		ED3-NAMES-RECHECK-015	source_missing	none
Main_Modules/NAMES_Talents_Blessings.lua	220	localization_table	loc_talent_ogryn_increased_leadbelcher_chance	01038952B83BB46DF675638823FB410A21E3C39B0BC304AEE438B535780C025B	493C2636429FF38E59700F135DB5D01283C7FB1052EACEFA89FA9A30CE415894	Main_Modules/NAMES_Talents_Blessings.lua:2224 (official localization fallback table)	Main_Modules/NAMES_Talents_Blessings.lua:2226	localization_table	no	no	no	yes	KEEP		ED3-NAMES-RECHECK-015	source_missing	none
Main_Modules/NAMES_Talents_Blessings.lua	221	localization_table	loc_talent_ogryn_damage_per_enemy_hit_previous	7AF9A5833925E0E015A14F82CD38F48C580EF5AF780999395DBFF6976F121D8C	B6ABF91F7100A05B8384E904E1DDA9756FCE83DFBBAF0B21E5CCBD2F5B92E0EC	Main_Modules/NAMES_Talents_Blessings.lua:2230 (official localization fallback table)	Main_Modules/NAMES_Talents_Blessings.lua:2232	localization_table	no	yes	no	yes	KEEP		ED3-NAMES-RECHECK-015	source_missing	none
Main_Modules/NAMES_Talents_Blessings.lua	222	localization_table	loc_talent_ogryn_ranged_damage_on_reload	C8213C95514F3D50E1499CBDEFCC0C846657C617E84221BE691E1FCDDDC3A1EF	3DDDB6BC133E11E7A1A9E75C7116BB568EB342F7D51233DE254DD59F0F0001B7	Main_Modules/NAMES_Talents_Blessings.lua:2235 (official localization fallback table)	Main_Modules/NAMES_Talents_Blessings.lua:2237	localization_table	no	yes	no	yes	KEEP		ED3-NAMES-RECHECK-015	source_missing	none
Main_Modules/NAMES_Talents_Blessings.lua	223	localization_table	loc_talent_ogryn_toughness_regen_while_bracing	C0A087798933E14740EDB0976755311606E37B89DA3C91D59EE04220957D760E	2F7BBA02D0C34AB9D5374A2D4618FBF27E4CCC98E54EBD59DED2BDFA4A874315	Main_Modules/NAMES_Talents_Blessings.lua:2248 (official localization fallback table)	Main_Modules/NAMES_Talents_Blessings.lua:2250	localization_table	no	yes	no	yes	KEEP		ED3-NAMES-RECHECK-015	source_missing	none
Main_Modules/NAMES_Talents_Blessings.lua	224	localization_table	loc_talent_ogryn_toughness_on_single_heavy	3010E78E8701759D20378543C78F98D071EB05A0582D2AC96DC0ABA3B761A9EC	CB4C44D2C15679109F42767D0D956BB8DA0B8B55633705F7DA2FDC58582E50BC	Main_Modules/NAMES_Talents_Blessings.lua:2253 (official localization fallback table)	Main_Modules/NAMES_Talents_Blessings.lua:2255	localization_table	no	yes	no	yes	KEEP		ED3-NAMES-RECHECK-015	source_missing	none
Main_Modules/NAMES_Talents_Blessings.lua	225	localization_table	loc_talent_ogryn_coherency_toughness_increase	7192E3EAB53D8C48A35152F8BB5411B13065F23BD6CD99A585B0B5D522D6C3D6	FED5FE9C7E9351DEB1DCF8C83F5E0A4DE7818237DC19244985D10CE0D89D30AD	Main_Modules/NAMES_Talents_Blessings.lua:2258 (official localization fallback table)	Main_Modules/NAMES_Talents_Blessings.lua:2260	localization_table	no	yes	no	yes	KEEP		ED3-NAMES-RECHECK-015	source_missing	none
Main_Modules/NAMES_Talents_Blessings.lua	226	localization_table	loc_talent_ogryn_melee_stagger	11F10E063C093D9C1CDDD1000C902E7F2FE6CF4DD030268F8842F97627C20175	8412C829C2735739924788097859E4B6ECC213A8AF74B0322A559CFFBA3234AF	Main_Modules/NAMES_Talents_Blessings.lua:2263 (official localization fallback table)	Main_Modules/NAMES_Talents_Blessings.lua:2265	localization_table	no	yes	no	yes	KEEP		ED3-NAMES-RECHECK-016	source_missing	none
Main_Modules/NAMES_Talents_Blessings.lua	227	localization_table	loc_talent_ogryn_targets_recieve_damage_increase_debuff	6A5CAC67648A02AEA4ECF06A17682A9106D1B9488BC122AF7E94394D1CFDDD7C	03303398CFCD1E7742F171BC66C3C04E8516254CEE34D6A2DC829C8F0F1C92B4	Main_Modules/NAMES_Talents_Blessings.lua:2268 (official localization fallback table)	Main_Modules/NAMES_Talents_Blessings.lua:2270	localization_table	no	yes	no	yes	KEEP		ED3-NAMES-RECHECK-016	source_missing	none
Main_Modules/NAMES_Talents_Blessings.lua	228	localization_table	loc_talent_ogryn_fully_charged_attacks_gain_damage_and_stagger	DF9F0D84E650A1B25ACC3ACE0E2E2CCB1AB1CE562080296CCAAC905521413AED	96A22742FD11A0C3812554267845EACB6246CC3D5F8C9377EA99FEFBE2730CA0	Main_Modules/NAMES_Talents_Blessings.lua:2273 (official localization fallback table)	Main_Modules/NAMES_Talents_Blessings.lua:2275	localization_table	no	yes	no	yes	KEEP		ED3-NAMES-RECHECK-016	source_missing	none
Main_Modules/NAMES_Talents_Blessings.lua	229	localization_table	loc_talent_ogryn_reload_speed_on_multiple_hits	3D549A6594A185826463C094083A8D37AC3BE857E9994478A8600CC2819A990E	B4FED536CBD1A78D69D1DDE047D19546C1045DF7757D298FC7EBC7E655E82DF4	Main_Modules/NAMES_Talents_Blessings.lua:2282 (official localization fallback table)	Main_Modules/NAMES_Talents_Blessings.lua:2284	localization_table	no	yes	no	yes	KEEP		ED3-NAMES-RECHECK-016	source_missing	none
Main_Modules/NAMES_Talents_Blessings.lua	230	localization_table	loc_talent_ogryn_big_bully_heavy_hits	2C873BF4033D02EEBE2668CDEEBA478A4056852D43565440DC290722B3B399AA	C91A6517BD90E7073B9382375EDC7F4EA2C551BAAE2C20ABDC83C665E6F1CDBF	Main_Modules/NAMES_Talents_Blessings.lua:2291 (official localization fallback table)	Main_Modules/NAMES_Talents_Blessings.lua:2293	localization_table	no	yes	no	yes	KEEP		ED3-NAMES-RECHECK-016	source_missing	none
Main_Modules/NAMES_Talents_Blessings.lua	231	localization_table	loc_talent_ogryn_toughness_gain_increase_on_low_health	EAF357900BD8E8ABDBC9A8758F87B8C072286F043A804B38565E9757E79721D8	BC308499957B6669EF35E2550141586E2684D999EE8914E4080DBF34F4A99884	Main_Modules/NAMES_Talents_Blessings.lua:2296 (official localization fallback table)	Main_Modules/NAMES_Talents_Blessings.lua:2298	localization_table	no	yes	no	yes	KEEP		ED3-NAMES-RECHECK-016	source_missing	none
Main_Modules/NAMES_Talents_Blessings.lua	232	localization_table	loc_talent_ogryn_damage_reduction_per_bleed	BF27FEED4270C45DB296F02129E667A9C086FB5DA9DCEF73E482B5EC33E79768	8F9382C78B9A8D99138C0DC87A89C4DD2FE44FE4BE7DE6A70D46BB37CC42372E	Main_Modules/NAMES_Talents_Blessings.lua:2301 (official localization fallback table)	Main_Modules/NAMES_Talents_Blessings.lua:2303	localization_table	no	yes	no	yes	KEEP		ED3-NAMES-RECHECK-016	source_missing	none
Main_Modules/NAMES_Talents_Blessings.lua	233	localization_table	loc_talent_ranged_enemies_taunt	21CCF39BD3AC9EBC80A2B4E4CF0DE6F43628CC2D1E8C20B2BC8B53791220A311	1C6BFED3DECF427F270645E39FDF3DBDFE386BC85E3F77E9547625E204FBD932	Main_Modules/NAMES_Talents_Blessings.lua:2306 (official localization fallback table)	Main_Modules/NAMES_Talents_Blessings.lua:2308	localization_table	no	yes	no	yes	KEEP		ED3-NAMES-RECHECK-016	source_missing	none
Main_Modules/NAMES_Talents_Blessings.lua	234	localization_table	loc_talent_ogryn_bigger_coherency_radius	EAD7B75877219412B67D3E27D15D9487BB7C82E6F5CEFD2E94E9ABA417D679EB	A1F0149AB2A2D4725BDCE4C8564021AEFEA4C097A40D58A459A60AD6BBB1652C	Main_Modules/NAMES_Talents_Blessings.lua:2315 (official localization fallback table)	Main_Modules/NAMES_Talents_Blessings.lua:2317	localization_table	no	yes	no	yes	KEEP		ED3-NAMES-RECHECK-016	source_missing	none
Main_Modules/NAMES_Talents_Blessings.lua	235	localization_table	loc_talent_ogryn_ranged_kill_grant_movement_speed	F5B01718A2E23FC8021831424FCEC8D64B0A3B1EB0F03C94F9BF03FD86B8D368	A639E26E6919AEC6BF864D1F7E3629C903C90A28E45C2014DB412B5F651AA0B3	Main_Modules/NAMES_Talents_Blessings.lua:2320 (official localization fallback table)	Main_Modules/NAMES_Talents_Blessings.lua:2322	localization_table	no	yes	no	yes	KEEP		ED3-NAMES-RECHECK-016	source_missing	none
Main_Modules/NAMES_Talents_Blessings.lua	236	localization_table	loc_talent_ogryn_rending_on_elite_kills	5476FE8FF9E5CD1210BD738220662F47AC8660E24EA8E7770A2F51DDAF350948	C23C9504008E218F3B33B2DBE8F88E3347522E28FBB52975AD2A5408C71B4B5D	Main_Modules/NAMES_Talents_Blessings.lua:2329 (official localization fallback table)	Main_Modules/NAMES_Talents_Blessings.lua:2331	localization_table	no	yes	no	yes	KEEP		ED3-NAMES-RECHECK-016	source_missing	none
Main_Modules/NAMES_Talents_Blessings.lua	237	localization_table	loc_talent_ogryn_bracing_reduces_damage_taken	D44F5B398ED2E12A3B3FB4A8F83A374034B336088D9ECBE18A3A1E93099BCF32	CC9FF32D944C8ACEC2D3D5CF51D53390B757525F757B05B0E8B1D9C7BA88466F	Main_Modules/NAMES_Talents_Blessings.lua:2362 (official localization fallback table)	Main_Modules/NAMES_Talents_Blessings.lua:2364	localization_table	yes	yes	no	yes	KEEP		ED3-NAMES-RECHECK-016	source_missing	none
Main_Modules/NAMES_Talents_Blessings.lua	238	localization_table	loc_talent_ability_adamant_grenade	C38E64F224B407ED8F459DF8B13E8693D9D955344CF6D365B05CC3FBF99F4A0D	3F83AD898421D19521AAB95438D4558E7208D82987C1AD9729403BA6D985D830	Main_Modules/NAMES_Talents_Blessings.lua:2371 (official localization fallback table)	Main_Modules/NAMES_Talents_Blessings.lua:2373	localization_table	no	yes	no	yes	KEEP		ED3-NAMES-RECHECK-016	source_missing	none
Main_Modules/NAMES_Talents_Blessings.lua	239	localization_table	loc_talent_ability_shock_mine	6E51AC8311B4D5840C75E6D97EAA174087F8D098986868683BFACBBFD9047F2E	21DD8033CC455D8CBD394C5679AE014E4148D105C6BCB5A17D7BBCFFB30AE904	Main_Modules/NAMES_Talents_Blessings.lua:2380 (official localization fallback table)	Main_Modules/NAMES_Talents_Blessings.lua:2382	localization_table	no	yes	no	yes	KEEP		ED3-NAMES-RECHECK-016	source_missing	none
Main_Modules/NAMES_Talents_Blessings.lua	240	localization_table	loc_talent_ability_adamant_grenade_improved	C38E64F224B407ED8F459DF8B13E8693D9D955344CF6D365B05CC3FBF99F4A0D	3F83AD898421D19521AAB95438D4558E7208D82987C1AD9729403BA6D985D830	Main_Modules/NAMES_Talents_Blessings.lua:2385 (official localization fallback table)	Main_Modules/NAMES_Talents_Blessings.lua:2387	localization_table	no	yes	no	yes	KEEP		ED3-NAMES-RECHECK-016	source_missing	none
Main_Modules/NAMES_Talents_Blessings.lua	241	localization_table	loc_talent_adamant_damage_vs_staggered_aura	A3BAA29232C73619BA40825546DE3BA1A0016975337801A2DCCD2D468B877F65	13D7B1A371FE79A976D11B3AD83E717A11AB24481504EDACB9CCBACB29E4758B	Main_Modules/NAMES_Talents_Blessings.lua:2399 (official localization fallback table)	Main_Modules/NAMES_Talents_Blessings.lua:2401	localization_table	no	yes	no	yes	KEEP		ED3-NAMES-RECHECK-017	source_missing	none
Main_Modules/NAMES_Talents_Blessings.lua	242	localization_table	loc_talent_adamant_stance_ability_name	10CE35804AE199D1F26E6587582A377426835961C4B71EBA720977653F193ACE	D7CF6AEEE4EC26E63A17FDCE4B3BEE64E9D6FFE0F310498D0690F98A61C04AEB	Main_Modules/NAMES_Talents_Blessings.lua:2409 (official localization fallback table)	Main_Modules/NAMES_Talents_Blessings.lua:2411	localization_table	no	yes	no	yes	KEEP		ED3-NAMES-RECHECK-017	source_missing	none
Main_Modules/NAMES_Talents_Blessings.lua	243	localization_table	loc_talent_adamant_stance_ranged_kills_transfer_ammo	CCC6F9F6803551746E63AC22845B977E83F6DC75150698B9C253CFA6AEBAF69F	44CA0FB4F1AC660CE69621923C790461ECAE23D688BF36FDF3A8BE24E7D7317A	Main_Modules/NAMES_Talents_Blessings.lua:2414 (official localization fallback table)	Main_Modules/NAMES_Talents_Blessings.lua:2416	localization_table	no	yes	no	yes	KEEP		ED3-NAMES-RECHECK-017	source_missing	none
Main_Modules/NAMES_Talents_Blessings.lua	244	localization_table	loc_talent_adamant_drone_buff_talent	7B24BEE5E1F2260A920993019814E9FB57ACC12D8D4EECCDEDEB97382A9E96C8	65194F7B6D602AAD570255F440DEC547C88090C019AF1FB9D25FD42E641EB478	Main_Modules/NAMES_Talents_Blessings.lua:2427 (official localization fallback table)	Main_Modules/NAMES_Talents_Blessings.lua:2429	localization_table	no	yes	no	yes	KEEP		ED3-NAMES-RECHECK-017	source_missing	none
Main_Modules/NAMES_Talents_Blessings.lua	245	localization_table	loc_talent_adamant_drone_debuff_talent	13F967025BD4D940351E10310582834E70FBF7981707CAD4AAB6B09AF962745A	E77DBB4D6EB76ECA0A2B09769E05C244638B901931570014466BFD2F827907C5	Main_Modules/NAMES_Talents_Blessings.lua:2432 (official localization fallback table)	Main_Modules/NAMES_Talents_Blessings.lua:2434	localization_table	no	yes	no	yes	KEEP		ED3-NAMES-RECHECK-017	source_missing	none
Main_Modules/NAMES_Talents_Blessings.lua	246	localization_table	loc_talent_adamant_charge_ability_name	31BF0A560434056A6052FA71BD8C17BC29F9AB8E7B7566FBDA11E66DCB1239BA	412A67353CA19A0457015151A70DB1E21D93BA98697157164E16963AEC67D976	Main_Modules/NAMES_Talents_Blessings.lua:2437 (official localization fallback table)	Main_Modules/NAMES_Talents_Blessings.lua:2439	localization_table	no	yes	no	yes	KEEP		ED3-NAMES-RECHECK-017	source_missing	none
Main_Modules/NAMES_Talents_Blessings.lua	247	localization_table	loc_talent_adamant_charge_toughness_name	9C9915E7611344852D4EF4A52AD5A6AFBCF71BAB8C7441E76426F1EF6D9D9495	9B138E8DDB0EE4B520ADCE868F09BE03ED3E869982A0D2A657FA8C2F6F17567F	Main_Modules/NAMES_Talents_Blessings.lua:2442 (official localization fallback table)	Main_Modules/NAMES_Talents_Blessings.lua:2444	localization_table	no	yes	no	yes	KEEP		ED3-NAMES-RECHECK-017	source_missing	none
Main_Modules/NAMES_Talents_Blessings.lua	248	localization_table	loc_talent_adamant_dog_damage_after_ability	3AA6A52EDE929CF606547E93D7B720364F1D74297048EC8C10954FAE815A93EE	907FCDC8CC048E658529FF07999B4CFC824864F7CB549A73AC227122D27F58A1	Main_Modules/NAMES_Talents_Blessings.lua:2451 (official localization fallback table)	Main_Modules/NAMES_Talents_Blessings.lua:2453	localization_table	no	yes	no	yes	KEEP		ED3-NAMES-RECHECK-017	source_missing	none
Main_Modules/NAMES_Talents_Blessings.lua	249	localization_table	loc_talent_adamant_charge_longer_distance	DDE4834D1040AE38C9C675FCF2659A1300C7FF6749B4043692EC5D8D9E046C5F	460D738FA7B63E1EB513CB529FDB5FDD891C4A36A2E10C5BE4EF691137FEF9FA	Main_Modules/NAMES_Talents_Blessings.lua:2456 (official localization fallback table)	Main_Modules/NAMES_Talents_Blessings.lua:2458	localization_table	no	yes	no	yes	KEEP		ED3-NAMES-RECHECK-017	source_missing	none
Main_Modules/NAMES_Talents_Blessings.lua	250	localization_table	loc_talent_adamant_exterminator	D4AECDE055A4891B26F47EB292D5BB821DC5204552E60B924763E1B56ADCA115	FBD85F14418307609EFCC8B4B06E5C08ECAF35CA74F033A3A962A4C33FD4AEFC	Main_Modules/NAMES_Talents_Blessings.lua:2474 (official localization fallback table)	Main_Modules/NAMES_Talents_Blessings.lua:2476	localization_table	no	yes	no	yes	KEEP		ED3-NAMES-RECHECK-017	source_missing	none
Main_Modules/NAMES_Talents_Blessings.lua	251	localization_table	loc_talent_execution_order_perma_buff	2644C13BDD93E179DB6B1D5E7FCFA38188F3C1CE3740D7B373B392E4DF827F12	C78904D9AA5714E14CC420A888F05342614C1222D0D42CE83D07930CF9DB9CA7	Main_Modules/NAMES_Talents_Blessings.lua:2491 (official localization fallback table)	Main_Modules/NAMES_Talents_Blessings.lua:2493	localization_table	no	yes	no	yes	KEEP		ED3-NAMES-RECHECK-017	source_missing	none
Main_Modules/NAMES_Talents_Blessings.lua	252	localization_table	loc_talent_adamant_pinning_dog_bonus_moving_towards	1BCE7DDB18785B0DDF8992EB4585E29DAD9A0903B19D93ABC727A9135330AFCB	85A8BE96EDCBA9795944A8D6DC84EE125A71733D9B500267C531FA77A0223B84	Main_Modules/NAMES_Talents_Blessings.lua:2496 (official localization fallback table)	Main_Modules/NAMES_Talents_Blessings.lua:2498	localization_table	no	yes	no	yes	KEEP		ED3-NAMES-RECHECK-017	source_missing	none
Main_Modules/NAMES_Talents_Blessings.lua	253	localization_table	loc_talent_adamant_bullet_rain	E50972BB1A3F466DF12492E4BC6EE6683F172C8246B950AE3E3DF4F6DA35FEE9	2656D8AB999908ABD97541F9FB7F7E7063014F2A3FA7950693A5D5DCC3F9CD40	Main_Modules/NAMES_Talents_Blessings.lua:2501 (official localization fallback table)	Main_Modules/NAMES_Talents_Blessings.lua:2503	localization_table	no	yes	no	yes	KEEP		ED3-NAMES-RECHECK-017	source_missing	none
Main_Modules/NAMES_Talents_Blessings.lua	254	localization_table	loc_talent_adamant_bullet_rain_fire_rate	55CAB8742E5C9ABF91C4BF2E7EEFC086F835BC6EE966339A765DAE603E3C6A95	200D9449F6BF43CB6D70099D094E0B81A3FE9F69FD5BB652F06F8388D14FE34B	Main_Modules/NAMES_Talents_Blessings.lua:2506 (official localization fallback table)	Main_Modules/NAMES_Talents_Blessings.lua:2508	localization_table	no	no	no	yes	KEEP		ED3-NAMES-RECHECK-017	source_missing	none
Main_Modules/NAMES_Talents_Blessings.lua	255	localization_table	loc_talent_adamant_bullet_rain_tdr	C254E3AA740C896161D0D3CADFF7F90C8BE69E67607D58682014017C4A248B2A	EA5C0CEAFA7D9DD4311513F06EC4B2EC53B52D5FFF046437BBB773AB6332894C	Main_Modules/NAMES_Talents_Blessings.lua:2512 (official localization fallback table)	Main_Modules/NAMES_Talents_Blessings.lua:2514	localization_table	no	yes	no	yes	KEEP		ED3-NAMES-RECHECK-017	source_missing	none
Main_Modules/NAMES_Talents_Blessings.lua	256	localization_table	loc_talent_adamant_bullet_rain_toughness	C823A17C7DD1BAC074A524C93CA13415BE592E949BBE4947C20E778AD9E1E071	72F0B4C1380C219BD68DB4B5104CD87F651E0130605E06369942DB377BB893E9	Main_Modules/NAMES_Talents_Blessings.lua:2517 (official localization fallback table)	Main_Modules/NAMES_Talents_Blessings.lua:2519	localization_table	no	yes	no	yes	KEEP		ED3-NAMES-RECHECK-018	source_missing	none
Main_Modules/NAMES_Talents_Blessings.lua	257	localization_table	loc_talent_adamant_bullet_rain_ability	ADA2364510EE1EA290C93B71446150332EBB965C1CD0845AFBCC5F4437DF3B78	82F512F56530A06133CCB5E4D6A81FD7B1BA5F9806C6A3EF22E5B4A30355BDCC	Main_Modules/NAMES_Talents_Blessings.lua:2522 (official localization fallback table)	Main_Modules/NAMES_Talents_Blessings.lua:2524	localization_table	no	yes	no	yes	KEEP		ED3-NAMES-RECHECK-018	source_missing	none
Main_Modules/NAMES_Talents_Blessings.lua	258	localization_table	loc_talent_adamant_forceful	7ADC298AD6F78F6294DDB0C37B7AD3F3546F1EA8120CDC0A88B537D7A15FD224	78C09145C5F61F54C533D98F04FDCEA739C23C03CDA4D810B015B3E2321E53BC	Main_Modules/NAMES_Talents_Blessings.lua:2527 (official localization fallback table)	Main_Modules/NAMES_Talents_Blessings.lua:2529	localization_table	no	yes	no	yes	KEEP		ED3-NAMES-RECHECK-018	source_missing	none
Main_Modules/NAMES_Talents_Blessings.lua	259	localization_table	loc_talent_adamant_forceful_refresh_on_ability	D80C7342A741EC8C22E29A1CEC98BDD6BBAD62C1A2D415A4D262AC2DE61E2153	0450DBDD4B27BBEF84D2D102C533C831F47E58BF3A07D06324637E0C84523E4A	Main_Modules/NAMES_Talents_Blessings.lua:2544 (official localization fallback table)	Main_Modules/NAMES_Talents_Blessings.lua:2546	localization_table	no	yes	no	yes	KEEP		ED3-NAMES-RECHECK-018	source_missing	none
Main_Modules/NAMES_Talents_Blessings.lua	260	localization_table	loc_talent_adamant_forceful_melee	DD97B62DEF0D9ACF643D0B9098BE36CF30C0C6485D93F97D5B94DDB2B9A7E474	8252E3F7E14E4D669608DFA4A12CAB18EAAAFD4C12A28C9FC5231CC38DE2DA7D	Main_Modules/NAMES_Talents_Blessings.lua:2549 (official localization fallback table)	Main_Modules/NAMES_Talents_Blessings.lua:2551	localization_table	no	yes	no	yes	KEEP		ED3-NAMES-RECHECK-018	source_missing	none
Main_Modules/NAMES_Talents_Blessings.lua	261	localization_table	loc_talent_adamant_elite_special_kills_offensive_boost	EB536CCCF484B6584A659761BC97EEF0A0CE4BF22C355725B43FF88697CDE8A5	2415662F02BF0984F1E8FDAE2919DB01A376BF324FABDBB08334D1DCF529A37B	Main_Modules/NAMES_Talents_Blessings.lua:2555 (official localization fallback table)	Main_Modules/NAMES_Talents_Blessings.lua:2557	localization_table	no	yes	no	yes	KEEP		ED3-NAMES-RECHECK-018	source_missing	none
Main_Modules/NAMES_Talents_Blessings.lua	262	localization_table	loc_talent_adamant_damage_after_reloading	B01B004BCB4182C7C5972EBF4A9A89A370A678699372AC3BAAB6A7835651A7FF	3FBF5883651B1DF4732E46AEC048C465065EA097254AD21A8EE6380D3BD7480B	Main_Modules/NAMES_Talents_Blessings.lua:2560 (official localization fallback table)	Main_Modules/NAMES_Talents_Blessings.lua:2562	localization_table	no	yes	no	yes	KEEP		ED3-NAMES-RECHECK-018	source_missing	none
Main_Modules/NAMES_Talents_Blessings.lua	263	localization_table	loc_talent_adamant_multiple_hits_attack_speed	AC81A46F6AC72EB489E640EA4AE18023E7E0BE65B56193CE38E1085FB45410A9	E79E6080970590867DEA051A88CEA5FE789D42B70F9FE27DF98269EE580AED4D	Main_Modules/NAMES_Talents_Blessings.lua:2565 (official localization fallback table)	Main_Modules/NAMES_Talents_Blessings.lua:2567	localization_table	no	yes	no	yes	KEEP		ED3-NAMES-RECHECK-018	source_missing	none
Main_Modules/NAMES_Talents_Blessings.lua	264	localization_table	loc_talent_adamant_dog_pounces_bleed_nearby	87E128954F627E1C5432210CF5FB6943D0E31474BE1EB657D21CB8A309E51A69	F1B70D28C5358122F566E647C0B9B68363090283AB40987FC5D249DB088407EB	Main_Modules/NAMES_Talents_Blessings.lua:2570 (official localization fallback table)	Main_Modules/NAMES_Talents_Blessings.lua:2572	localization_table	no	yes	no	yes	KEEP		ED3-NAMES-RECHECK-018	source_missing	none
Main_Modules/NAMES_Talents_Blessings.lua	265	localization_table	loc_talent_adamant_close_kills_restore_toughness	7C6F7A982DC9F8052CA42BBA033802A3B186A4BFDD9D6A471B719C7693EB6970	2C5F79DEF51603049E02773118FD6DE7A1492BE5E3E8752FB2CD6DF92CCA15B9	Main_Modules/NAMES_Talents_Blessings.lua:2579 (official localization fallback table)	Main_Modules/NAMES_Talents_Blessings.lua:2581	localization_table	no	yes	no	yes	KEEP		ED3-NAMES-RECHECK-018	source_missing	none
Main_Modules/NAMES_Talents_Blessings.lua	266	localization_table	loc_talent_adamant_stamina_regens_toughness	C5ABC0D3B944498E836A34866D6EB85FB09A88AA3C1681584FF120956D198E4D	C2DD2967134183609DF3D7C32E497A22F1151ABFC857EB21C30D4092DE13A2B9	Main_Modules/NAMES_Talents_Blessings.lua:2596 (official localization fallback table)	Main_Modules/NAMES_Talents_Blessings.lua:2598	localization_table	no	yes	no	yes	KEEP		ED3-NAMES-RECHECK-018	source_missing	none
Main_Modules/NAMES_Talents_Blessings.lua	267	localization_table	loc_talent_adamant_shield_plates	80CC1BBF23A49599005C6BC51552C4BF13A1E37B5AA03406BFF3DCE810B775D5	004B77D89C8CCEEE3DA3A591D4A401DC698B0E2C883EB978D71A88BB2C4AC207	Main_Modules/NAMES_Talents_Blessings.lua:2601 (official localization fallback table)	Main_Modules/NAMES_Talents_Blessings.lua:2603	localization_table	no	yes	no	yes	KEEP		ED3-NAMES-RECHECK-018	source_missing	none
Main_Modules/NAMES_Talents_Blessings.lua	268	localization_table	loc_talent_adamant_armor	E0B09A2B7C883B1A7A50FE9708F345B67E905967DD87AEE1B11C0A4C9791C12D	891CF3D6291952338C62A74694BEC7A6F5243C01B500F7EA6BC1FC9192E71B29	Main_Modules/NAMES_Talents_Blessings.lua:2606 (official localization fallback table)	Main_Modules/NAMES_Talents_Blessings.lua:2608	localization_table	no	yes	no	yes	KEEP		ED3-NAMES-RECHECK-018	source_missing	none
Main_Modules/NAMES_Talents_Blessings.lua	269	localization_table	loc_talent_adamant_dog_attacks_electrocute	06EE5B9EA7926F3D9881223834CFB7B5D847FE0A6554F3BF9960B5AD59136BE8	C8E2F14D3764E8A0DFC9DD92D859EFDE1F1788E9640840CB07BC33023156908C	Main_Modules/NAMES_Talents_Blessings.lua:2611 (official localization fallback table)	Main_Modules/NAMES_Talents_Blessings.lua:2613	localization_table	no	yes	no	yes	KEEP		ED3-NAMES-RECHECK-018	source_missing	none
Main_Modules/NAMES_Talents_Blessings.lua	270	localization_table	loc_talent_adamant_ammo_belt	9B95C9D7FEDF55CF31EE10284FF0BDA5823F27539EF499CA1BED09CE84FA4041	A59BAE5A35BABEAE560CEA30FEDEA12D43B0B16A4DDABB67A492BAE8184A2CDE	Main_Modules/NAMES_Talents_Blessings.lua:2616 (official localization fallback table)	Main_Modules/NAMES_Talents_Blessings.lua:2618	localization_table	no	yes	no	yes	KEEP		ED3-NAMES-RECHECK-018	source_missing	none
Main_Modules/NAMES_Talents_Blessings.lua	271	localization_table	loc_talent_adamant_melee_weakspot_hits_count_as_stagger	8CAE46F8FCEEE9618C193E68979261A3B8CEE074DFD7198ADA6A9A9AC7E5977B	EF790CE9F287505D37321A7B4C58F67933A39CA4B5302F861F8758FA400433A9	Main_Modules/NAMES_Talents_Blessings.lua:2621 (official localization fallback table)	Main_Modules/NAMES_Talents_Blessings.lua:2623	localization_table	no	yes	no	yes	KEEP		ED3-NAMES-RECHECK-019	source_missing	none
Main_Modules/NAMES_Talents_Blessings.lua	272	localization_table	loc_talent_adamant_pinning_dog_kills_buff_allies	C8B65600F34AB679A439DD7FF2E2E63CB63C7850DB031F99B8A0734EA1200844	F19F805428221E4D24C44B47640BB1666225F3CD9EC1E97507889A0DF8A9257A	Main_Modules/NAMES_Talents_Blessings.lua:2626 (official localization fallback table)	Main_Modules/NAMES_Talents_Blessings.lua:2628	localization_table	no	yes	no	yes	KEEP		ED3-NAMES-RECHECK-019	source_missing	none
Main_Modules/NAMES_Talents_Blessings.lua	273	localization_table	loc_talent_adamant_damage_reduction_after_elite_kill	A2D3C8BE67B5989D016EF6BEAFE291419832F69C7A7D43AA0C0301276EB6C9AF	9EF2824CABCC1361BF574DAFB68BB855E567015E52467A7729B9C6B3F8C9571A	Main_Modules/NAMES_Talents_Blessings.lua:2631 (official localization fallback table)	Main_Modules/NAMES_Talents_Blessings.lua:2633	localization_table	no	yes	no	yes	KEEP		ED3-NAMES-RECHECK-019	source_missing	none
Main_Modules/NAMES_Talents_Blessings.lua	274	localization_table	loc_talent_adamant_plasteel_plates	C50B4F36C9DDDE86B11E67FF45BB1083871E902FD9046CF7C12A25E6377AA9DE	C51E05AF50A10AB267EC5F3520E57A2499A626904A3130B29D17D22FCB39AE4B	Main_Modules/NAMES_Talents_Blessings.lua:2644 (official localization fallback table)	Main_Modules/NAMES_Talents_Blessings.lua:2646	localization_table	no	yes	no	yes	KEEP		ED3-NAMES-RECHECK-019	source_missing	none
Main_Modules/NAMES_Talents_Blessings.lua	275	localization_table	loc_talent_adamant_staggers_reduce_damage_taken	E7DA01492BB5E397D8F97FD4FD5CCD27786B8B0ACD584E5AAB596D45B5ED1146	8476C5B435ACD57D22EF4A64253C21E7FC93A10291431DB22BD04BBD645802B5	Main_Modules/NAMES_Talents_Blessings.lua:2657 (official localization fallback table)	Main_Modules/NAMES_Talents_Blessings.lua:2659	localization_table	no	yes	no	yes	KEEP		ED3-NAMES-RECHECK-019	source_missing	none
Main_Modules/NAMES_Talents_Blessings.lua	276	localization_table	loc_talent_adamant_elite_special_kills_reload_speed	3CADA5612D268880674BB0A1B0CBC4220B9FE93A498A67060E665D4D4B4F4537	86F6A73DDF52CD64EF9CCC5D16B74602BC505D835A17E5DAC1ECD86FE6D7B842	Main_Modules/NAMES_Talents_Blessings.lua:2662 (official localization fallback table)	Main_Modules/NAMES_Talents_Blessings.lua:2664	localization_table	no	yes	no	yes	KEEP		ED3-NAMES-RECHECK-019	source_missing	none
Main_Modules/NAMES_Talents_Blessings.lua	277	localization_table	loc_talent_adamant_sprinting_sliding	B0DA390C080F99D2B986606D4E7E475B6F6146C86E0AE2615D855CBC3296FB5D	72507ED7EE9B58C4FD23E5DF4D23A515FB0A258439223E2CEB2141AAF686D9E8	Main_Modules/NAMES_Talents_Blessings.lua:2667 (official localization fallback table)	Main_Modules/NAMES_Talents_Blessings.lua:2669	localization_table	no	yes	no	yes	KEEP		ED3-NAMES-RECHECK-019	source_missing	none
Main_Modules/NAMES_Talents_Blessings.lua	278	localization_table	loc_talent_adamant_rebreather	0DA4DC62DDDFC876FCDAEDB66BB1974001B643EC16FA4A5F270B07005169E7EC	F84CC748BF4E3D639C57DED4990D663FA74C77913F58C8AD36CBF6A283A441C0	Main_Modules/NAMES_Talents_Blessings.lua:2672 (official localization fallback table)	Main_Modules/NAMES_Talents_Blessings.lua:2674	localization_table	no	yes	no	yes	KEEP		ED3-NAMES-RECHECK-019	source_missing	none
Main_Modules/NAMES_Talents_Blessings.lua	279	localization_table	loc_talent_adamant_dodge_improvement	38D75D04E70CCB4D8C71958F9C69D57369A91C9E5787D1CE3A57D5810CF95FD8	DA9EDAA4162440FFEC4569B4CB533B41416AFD0C593BCCD5E9E1811F6B5FAFD1	Main_Modules/NAMES_Talents_Blessings.lua:2693 (official localization fallback table)	Main_Modules/NAMES_Talents_Blessings.lua:2695	localization_table	no	yes	no	yes	KEEP		ED3-NAMES-RECHECK-019	source_missing	none
Main_Modules/NAMES_Talents_Blessings.lua	280	localization_table	loc_talent_adamant_cleave_after_push	80E1A8209C60DA2D6AD61E2D8F6129C4B29A3842EA03FA16324117D3F7C5B5D1	FB3DF9A20264D5463BEAED7A96174C3266FF7F47B22900FE6FBDD6E9F68EEED6	Main_Modules/NAMES_Talents_Blessings.lua:2698 (official localization fallback table)	Main_Modules/NAMES_Talents_Blessings.lua:2700	localization_table	no	yes	no	yes	KEEP		ED3-NAMES-RECHECK-019	source_missing	none
Main_Modules/NAMES_Talents_Blessings.lua	281	localization_table	loc_talent_adamant_pinning_dog_elite_damage	32DB8105EA13EEF2E6A4366B0F87F00D61CFC2F3DE9CCC24682AF04E727C84BD	AA750157D9328818784F99686342067BA25FE0CD4CEAAEA99B787270A4845443	Main_Modules/NAMES_Talents_Blessings.lua:2703 (official localization fallback table)	Main_Modules/NAMES_Talents_Blessings.lua:2705	localization_table	no	yes	no	yes	KEEP		ED3-NAMES-RECHECK-019	source_missing	none
Main_Modules/NAMES_Talents_Blessings.lua	282	localization_table	loc_talent_adamant_crits_rend	B9597C6DA3241DDEDD9B4C104B730D19190B2E7973B1523B12B1E6724D6426D6	BD3B16905BD94DAFD99881F72ABEB0E48D1F8B9846270868B3A46EF1FBBDC837	Main_Modules/NAMES_Talents_Blessings.lua:2732 (official localization fallback table)	Main_Modules/NAMES_Talents_Blessings.lua:2734	localization_table	no	yes	no	yes	KEEP		ED3-NAMES-RECHECK-019	source_missing	none
Main_Modules/NAMES_Talents_Blessings.lua	283	localization_table	loc_talent_adamant_monster_hunter	AC2B13D95CF493005CBE7E4AC429854CB8EBE7BD640E4264E0EC3E515F3F827E	4A76AB2ABBD632E6B198E4AC4D3108F741C71D19F0BE1C2A26A317768C2F1080	Main_Modules/NAMES_Talents_Blessings.lua:2741 (official localization fallback table)	Main_Modules/NAMES_Talents_Blessings.lua:2743	localization_table	no	yes	no	yes	KEEP		ED3-NAMES-RECHECK-019	source_missing	none
Main_Modules/NAMES_Talents_Blessings.lua	284	localization_table	loc_talent_adamant_melee_attacks_on_staggered_rend	B4F1A25031B5BB599588877AAE906431156887B259B68B66734E718A7557A13F	7E2927192DCBBB5A6A9CFF85423FF70F55C472C2CD05E71DEFD630CC1B3356D9	Main_Modules/NAMES_Talents_Blessings.lua:2746 (official localization fallback table)	Main_Modules/NAMES_Talents_Blessings.lua:2748	localization_table	no	yes	no	yes	KEEP		ED3-NAMES-RECHECK-019	source_missing	none
Main_Modules/NAMES_Talents_Blessings.lua	285	localization_table	loc_talent_adamant_limit_dmg_taken_from_hits	C4DC8840B454CB25CAD84C99AFE12706A649610456BD4B65118A71FD4D121864	EF93B248CE10BA5610DAEF438405460E398CA09CB15C0C3F78D3A54A8C1DBD22	Main_Modules/NAMES_Talents_Blessings.lua:2751 (official localization fallback table)	Main_Modules/NAMES_Talents_Blessings.lua:2753	localization_table	no	yes	no	yes	KEEP		ED3-NAMES-RECHECK-019	source_missing	none
Main_Modules/WEAPONS_Blessings_Perks.lua	1	localization_table	loc_trait_melee_common_wield_increased_armored_damage_desc	8D6B337B22019929E0AED2CF314FC73A613726AE984BE6FF8D4BA8630A72929F	49E95C62280AB4A7576FCBC44EBD41BF1DA0BDEE339B6A3B9801DBC5A158E845	Main_Modules/WEAPONS_Blessings_Perks.lua:25	Main_Modules/WEAPONS_Blessings_Perks.lua:28	localization_table	no	yes	yes	yes	KEEP		ED3-WEAPONS-RECHECK-001	match	resolved
Main_Modules/WEAPONS_Blessings_Perks.lua	2	localization_table	loc_trait_melee_common_wield_increased_berserker_damage_desc	1DAC32DE28ED8BBB9D792604B592DA0BEFC849B0E0130703EBD5B5C1ABEDAA1F	647860D26E2141094E99A471EED630C0055D6B199A9BB6CD14DE530C5755FD4E	Main_Modules/WEAPONS_Blessings_Perks.lua:40	Main_Modules/WEAPONS_Blessings_Perks.lua:43	localization_table	no	yes	yes	yes	KEEP		ED3-WEAPONS-RECHECK-001	match	resolved
Main_Modules/WEAPONS_Blessings_Perks.lua	3	localization_table	loc_trait_melee_common_wield_increased_disgustingly_resilient_damage_desc	242BFE490CCA23A067D4B7C680F334D188E1B596FF08F29CBB3EC3748CDC8812	17FB892EF0BFAD70B5923EA15764B209BF6397FE3E076C264B76A3F03038115D	Main_Modules/WEAPONS_Blessings_Perks.lua:55	Main_Modules/WEAPONS_Blessings_Perks.lua:58	localization_table	no	yes	yes	yes	CHANGE	TERMINOLOGY;GRAMMAR	ED3-WEAPONS-RECHECK-001	match	resolved
Main_Modules/WEAPONS_Blessings_Perks.lua	4	localization_table	loc_trait_melee_common_wield_increased_resistant_damage_desc	E42D8045DA4642B6CA88243B18FBD63E1F38B9292BEF4D7588FA665120023578	695011108B306C5631EF8CD2C2E25E9D4F4356C74081EE72C29E90AF04867D6C	Main_Modules/WEAPONS_Blessings_Perks.lua:70	Main_Modules/WEAPONS_Blessings_Perks.lua:73	localization_table	no	yes	yes	yes	KEEP		ED3-WEAPONS-RECHECK-001	match	resolved
Main_Modules/WEAPONS_Blessings_Perks.lua	5	localization_table	loc_trait_melee_common_wield_increased_super_armor_damage_desc	919D0A81F9912B969D8F7F12FD85504A15FCF3AB5F1C9DCB16BDEF21EEBD7446	E32B665133B6E0B004E47F43FB2CE1640869676611EC518C63874F75BDA252BD	Main_Modules/WEAPONS_Blessings_Perks.lua:85	Main_Modules/WEAPONS_Blessings_Perks.lua:88	localization_table	no	yes	yes	yes	KEEP		ED3-WEAPONS-RECHECK-001	match	resolved
Main_Modules/WEAPONS_Blessings_Perks.lua	6	localization_table	loc_trait_melee_common_wield_increased_unarmored_damage_desc	B5A99F960506D1ACA14B1D4164BBF52E71F59CE17C0F1F42CF0CB2D6FE014A57	31720197F40D57E6AC07E20FA20B6CB10678AAED4AD3D2913846CE1748058B41	Main_Modules/WEAPONS_Blessings_Perks.lua:100	Main_Modules/WEAPONS_Blessings_Perks.lua:103	localization_table	no	yes	yes	yes	KEEP		ED3-WEAPONS-RECHECK-001	match	resolved
Main_Modules/WEAPONS_Blessings_Perks.lua	7	localization_table	loc_trait_melee_common_wield_increase_critical_hit_chance_desc	DDDC8B1B0DF3E39BC7607D5CB088654B8C12BACC3567711607729D78C005D97A	5A73D1696C3D221602CB04B57717CB4C282BC02D8F5A9091F48139F6D65C97C7	Main_Modules/WEAPONS_Blessings_Perks.lua:115	Main_Modules/WEAPONS_Blessings_Perks.lua:118	localization_table	no	yes	yes	yes	KEEP		ED3-WEAPONS-RECHECK-001	match	resolved
Main_Modules/WEAPONS_Blessings_Perks.lua	8	localization_table	loc_trait_melee_common_wield_wield_increase_critical_strike_damage_desc	92D543B7A9B4059D9DE9DA1C4FE2C2216CA0788C77F0BB8E03B4AD036F7D9ADA	DDF89AA1A4D84D27A7787004D49DB42959EEAD5A1CA6025E8673904783D8CBAC	Main_Modules/WEAPONS_Blessings_Perks.lua:130	Main_Modules/WEAPONS_Blessings_Perks.lua:133	localization_table	no	yes	yes	yes	KEEP		ED3-WEAPONS-RECHECK-001	match	resolved
Main_Modules/WEAPONS_Blessings_Perks.lua	9	localization_table	loc_trait_melee_common_wield_increase_horde_enemy_damage_desc	EFAA693990D00955712E68FB4ADF19D7CDE093B0C2BB4D8D7DEB3B8BC0627497	39CE380CBB14C57D207B593A94148A9D06861E5EDAD40A55188551ED7F979BB9	Main_Modules/WEAPONS_Blessings_Perks.lua:145	Main_Modules/WEAPONS_Blessings_Perks.lua:148	localization_table	no	yes	yes	yes	KEEP		ED3-WEAPONS-RECHECK-001	match	resolved
Main_Modules/WEAPONS_Blessings_Perks.lua	10	localization_table	loc_trait_melee_common_wield_increase_elite_enemy_damage_desc	1A36E3DEFA0C61D1473BE26330B4C51A56B8AA74F91A079DBF0ED97C44EFE280	C96CBDECC213049E016E1AE8FDB5D37AAC77340EF241112EEC71F8AB9411C4B3	Main_Modules/WEAPONS_Blessings_Perks.lua:160	Main_Modules/WEAPONS_Blessings_Perks.lua:163	localization_table	no	yes	yes	yes	KEEP		ED3-WEAPONS-RECHECK-001	match	resolved
Main_Modules/WEAPONS_Blessings_Perks.lua	11	localization_table	loc_trait_melee_common_wield_increase_special_enemy_damage_desc	D15701118C3997506B070DC9084016F0D243CC22B2339BBB9047831420DEB0C6	A156CB8DCE4F1F2DE040F5F91E509B32AD79E3973F9CDDC14691A8D73227EF3A	Main_Modules/WEAPONS_Blessings_Perks.lua:175	Main_Modules/WEAPONS_Blessings_Perks.lua:178	localization_table	no	yes	yes	yes	KEEP		ED3-WEAPONS-RECHECK-001	match	resolved
Main_Modules/WEAPONS_Blessings_Perks.lua	12	localization_table	loc_trait_melee_common_wield_increase_stamina_desc	8EB0E4387260694CB9318FF01D7679326032A20CA7274479E63AF3D94B4D0F3C	A692C7D8DCD1C49FD1187083EABBDA0B8793F74B7E06922DD3FF4CD5E54343F0	Main_Modules/WEAPONS_Blessings_Perks.lua:190	Main_Modules/WEAPONS_Blessings_Perks.lua:193	localization_table	no	yes	yes	yes	KEEP		ED3-WEAPONS-RECHECK-001	match	resolved
Main_Modules/WEAPONS_Blessings_Perks.lua	13	localization_table	loc_trait_melee_common_wield_increase_weakspot_damage_desc	21D7D84FD6EE99DD142D93AEFC1093A090E97BCA3E13C3D83E22C5674D1F7C94	4AC13BE3C698A79BAC88EE5FB2B2D7EEC287C1C87B53DACCE3DDB080A6505DFF	Main_Modules/WEAPONS_Blessings_Perks.lua:205	Main_Modules/WEAPONS_Blessings_Perks.lua:208	localization_table	no	yes	yes	yes	KEEP		ED3-WEAPONS-RECHECK-001	match	resolved
Main_Modules/WEAPONS_Blessings_Perks.lua	14	localization_table	loc_trait_melee_common_wield_reduce_block_cost_desc	A43ED5286396EDCCD5EF1150AA46FE442063D1F96E6EC7D30DF0AC5CC435DFDD	B388DF2DC4E537E0AEC42FF0B7E7EE824C90413D7B38C505A8E3664F92AB3C2A	Main_Modules/WEAPONS_Blessings_Perks.lua:220	Main_Modules/WEAPONS_Blessings_Perks.lua:223	localization_table	no	yes	yes	yes	KEEP		ED3-WEAPONS-RECHECK-001	match	resolved
Main_Modules/WEAPONS_Blessings_Perks.lua	15	localization_table	loc_gadget_sprint_cost_reduction_desc	6DB7AD1DB4508F27B930D0CAFFB7E16725A14B406D90E580D296B9D28B5B5424	8224821DB6132747E74F17FED9B4B395A70471F98A01C1C1AA29702DA02BE158	Main_Modules/WEAPONS_Blessings_Perks.lua:235	Main_Modules/WEAPONS_Blessings_Perks.lua:238	localization_table	no	yes	yes	yes	KEEP		ED3-WEAPONS-RECHECK-001	match	resolved
Main_Modules/WEAPONS_Blessings_Perks.lua	16	localization_table	loc_trait_ranged_common_wield_armored_damage_desc	8D6B337B22019929E0AED2CF314FC73A613726AE984BE6FF8D4BA8630A72929F	49E95C62280AB4A7576FCBC44EBD41BF1DA0BDEE339B6A3B9801DBC5A158E845	Main_Modules/WEAPONS_Blessings_Perks.lua:252	Main_Modules/WEAPONS_Blessings_Perks.lua:255	localization_table	no	yes	yes	yes	KEEP		ED3-WEAPONS-RECHECK-002	match	resolved
Main_Modules/WEAPONS_Blessings_Perks.lua	17	localization_table	loc_trait_ranged_common_wield_berserker_damage_desc	1DAC32DE28ED8BBB9D792604B592DA0BEFC849B0E0130703EBD5B5C1ABEDAA1F	647860D26E2141094E99A471EED630C0055D6B199A9BB6CD14DE530C5755FD4E	Main_Modules/WEAPONS_Blessings_Perks.lua:267	Main_Modules/WEAPONS_Blessings_Perks.lua:270	localization_table	no	yes	yes	yes	KEEP		ED3-WEAPONS-RECHECK-002	match	resolved
Main_Modules/WEAPONS_Blessings_Perks.lua	18	localization_table	loc_trait_ranged_common_wield_disgustinglyresilient_damage_desc	242BFE490CCA23A067D4B7C680F334D188E1B596FF08F29CBB3EC3748CDC8812	17FB892EF0BFAD70B5923EA15764B209BF6397FE3E076C264B76A3F03038115D	Main_Modules/WEAPONS_Blessings_Perks.lua:282	Main_Modules/WEAPONS_Blessings_Perks.lua:285	localization_table	no	yes	yes	yes	CHANGE	TERMINOLOGY;GRAMMAR	ED3-WEAPONS-RECHECK-002	match	resolved
Main_Modules/WEAPONS_Blessings_Perks.lua	19	localization_table	loc_trait_ranged_common_wield_resistant_damage_desc	E42D8045DA4642B6CA88243B18FBD63E1F38B9292BEF4D7588FA665120023578	695011108B306C5631EF8CD2C2E25E9D4F4356C74081EE72C29E90AF04867D6C	Main_Modules/WEAPONS_Blessings_Perks.lua:297	Main_Modules/WEAPONS_Blessings_Perks.lua:300	localization_table	no	yes	yes	yes	KEEP		ED3-WEAPONS-RECHECK-002	match	resolved
Main_Modules/WEAPONS_Blessings_Perks.lua	20	localization_table	loc_trait_ranged_common_wield_superarmor_damage_desc	919D0A81F9912B969D8F7F12FD85504A15FCF3AB5F1C9DCB16BDEF21EEBD7446	E32B665133B6E0B004E47F43FB2CE1640869676611EC518C63874F75BDA252BD	Main_Modules/WEAPONS_Blessings_Perks.lua:312	Main_Modules/WEAPONS_Blessings_Perks.lua:315	localization_table	no	yes	yes	yes	KEEP		ED3-WEAPONS-RECHECK-002	match	resolved
Main_Modules/WEAPONS_Blessings_Perks.lua	21	localization_table	loc_trait_ranged_common_wield_unarmored_damage_desc	B5A99F960506D1ACA14B1D4164BBF52E71F59CE17C0F1F42CF0CB2D6FE014A57	31720197F40D57E6AC07E20FA20B6CB10678AAED4AD3D2913846CE1748058B41	Main_Modules/WEAPONS_Blessings_Perks.lua:327	Main_Modules/WEAPONS_Blessings_Perks.lua:330	localization_table	no	yes	yes	yes	KEEP		ED3-WEAPONS-RECHECK-002	match	resolved
Main_Modules/WEAPONS_Blessings_Perks.lua	22	localization_table	loc_trait_ranged_common_wield_increase_crit_chance_desc	F7FB17A2AFC0654F0FACE78F27F1FBD77F62BA207326ABF6A7C24606D68AE5C7	9DD3B27926839F099CF41D3B0E7C73DA8DA1C2CCD4E88AA7B95C64A98EA56C07	Main_Modules/WEAPONS_Blessings_Perks.lua:342	Main_Modules/WEAPONS_Blessings_Perks.lua:345	localization_table	no	yes	yes	yes	KEEP		ED3-WEAPONS-RECHECK-002	match	resolved
Main_Modules/WEAPONS_Blessings_Perks.lua	23	localization_table	loc_trait_ranged_common_wield_wield_increase_critical_strike_damage_desc	10FED323C7077D3B5796EDD0849FB8B2823ACF76533FD71B8110AA062E5DD232	C6EB23A3EEAFEAB5DAE633D845F85E60FEE9A9538156351814C48132DD8DB56D	Main_Modules/WEAPONS_Blessings_Perks.lua:357	Main_Modules/WEAPONS_Blessings_Perks.lua:360	localization_table	no	yes	yes	yes	KEEP		ED3-WEAPONS-RECHECK-002	match	resolved
Main_Modules/WEAPONS_Blessings_Perks.lua	24	localization_table	loc_trait_ranged_common_wield_increase_elite_enemy_damage_desc	82ABF9D42EF34F89E9D9BDCE19B8EE9F8E520B367FA059D1C7EB1B07089B1021	5AB17B0D75A65D2B6B7C0DE01818F030C7047E0F8C374C2D38E1BE14D62FED74	Main_Modules/WEAPONS_Blessings_Perks.lua:372	Main_Modules/WEAPONS_Blessings_Perks.lua:375	localization_table	no	yes	yes	yes	KEEP		ED3-WEAPONS-RECHECK-002	match	resolved
Main_Modules/WEAPONS_Blessings_Perks.lua	25	localization_table	loc_trait_ranged_common_wield_increase_horde_enemy_damage_desc	31390F10174BCD93C6355A93F9C0DE8B7DF1BAF0AAE9010048B26B4D24DAEA28	B007BD5B6B59F2333ADA9C065FAC3CD569870616992A11C4C6EB516FB5E8C6C8	Main_Modules/WEAPONS_Blessings_Perks.lua:387	Main_Modules/WEAPONS_Blessings_Perks.lua:390	localization_table	no	yes	yes	yes	KEEP		ED3-WEAPONS-RECHECK-002	match	resolved
Main_Modules/WEAPONS_Blessings_Perks.lua	26	localization_table	loc_trait_ranged_common_wield_increase_special_enemy_damage_desc	6F1AB3880A19B34CC12178860E8AFB88697CF1F03DC5C64EFE1B132FC73CEC97	7729DE59E5D56D97FBAF5B74E708619188669CB9FDB5BBC25758C711537569E2	Main_Modules/WEAPONS_Blessings_Perks.lua:402	Main_Modules/WEAPONS_Blessings_Perks.lua:405	localization_table	no	yes	yes	yes	KEEP		ED3-WEAPONS-RECHECK-002	match	resolved
Main_Modules/WEAPONS_Blessings_Perks.lua	27	localization_table	loc_trait_ranged_common_wield_increase_stamina_desc	A38CDFC9F21C9AF139EFA6B6DE9EBA9F1F792F31087450B301828D58AA1B0084	F644E2D21049B298DB5E21481D8F764BFCDAFB58B35DF7A1DDEFBF4B88EE03B1	Main_Modules/WEAPONS_Blessings_Perks.lua:417	Main_Modules/WEAPONS_Blessings_Perks.lua:420	localization_table	no	yes	yes	yes	KEEP		ED3-WEAPONS-RECHECK-002	match	resolved
Main_Modules/WEAPONS_Blessings_Perks.lua	28	localization_table	loc_trait_ranged_common_wield_increase_weakspot_damage_desc	D3BF1D3A43F45D3CBFAF6789AA912E0A06D1F4D3E4B672EC46E7B5A326586B87	F7E265E5249C9D366380D14FBC20A1ACA202B92982DC60D279597E21C65BFED8	Main_Modules/WEAPONS_Blessings_Perks.lua:432	Main_Modules/WEAPONS_Blessings_Perks.lua:435	localization_table	no	yes	yes	yes	KEEP		ED3-WEAPONS-RECHECK-002	match	resolved
Main_Modules/WEAPONS_Blessings_Perks.lua	29	localization_table	loc_trait_ranged_common_wield_increase_reload_speed_desc	2498C6FBD1DA6D685EB209EE59A31F22727421BCF2EACD2BB035ADC61D0C1B11	E91149E4BDA0E70370EBAB2565BF7D9C688B5342B5F82677E8BB3050B15680DC	Main_Modules/WEAPONS_Blessings_Perks.lua:447	Main_Modules/WEAPONS_Blessings_Perks.lua:450	localization_table	no	yes	yes	yes	KEEP		ED3-WEAPONS-RECHECK-002	match	resolved
Main_Modules/WEAPONS_Blessings_Perks.lua	30	localization_table	loc_trait_bespoke_melee_rending_vs_staggered_desc	763BB83AC1EEBEB5E660F0D64215464FBA302F626513B731751B95680E5AC71B	FFBD4AC839D7AF59355F85C40A8527520B812B0874B15E0DECD7426787DAB23A	Main_Modules/WEAPONS_Blessings_Perks.lua:468	Main_Modules/WEAPONS_Blessings_Perks.lua:474	localization_table	no	yes	yes	yes	KEEP		ED3-WEAPONS-RECHECK-002	match	resolved
Main_Modules/WEAPONS_Blessings_Perks.lua	31	localization_table	loc_trait_bespoke_bleed_on_activated_hit_desc	A0BCCA69E87992BED52BAF48709C9123DE696F4CF64FA5EF755F6CD682CA7603	07FA3A6748DE0657C7D125CB54E9B612B8B4DCCA46FFB968CEC2E8E8C6A54094	Main_Modules/WEAPONS_Blessings_Perks.lua:499	Main_Modules/WEAPONS_Blessings_Perks.lua:506	localization_table	no	yes	yes	yes	KEEP		ED3-WEAPONS-RECHECK-003	match	resolved
Main_Modules/WEAPONS_Blessings_Perks.lua	32	localization_table	loc_trait_bespoke_guaranteed_melee_crit_on_activated_kill_desc	E0E46FAC25C90EFF69D5BB45B6C5B91D27BF1E0DC3348BD0412D5A9FDD8043AE	8A560A0340BA4B876CF648E94261D1F6E14F32A923A8872EE8A335FD466C52C4	Main_Modules/WEAPONS_Blessings_Perks.lua:520	Main_Modules/WEAPONS_Blessings_Perks.lua:523	localization_table	no	yes	yes	yes	KEEP		ED3-WEAPONS-RECHECK-003	match	resolved
Main_Modules/WEAPONS_Blessings_Perks.lua	33	localization_table	loc_trait_bespoke_increase_power_on_hit_desc	70250CF7DBA88BC52F31C776554BDFE388E87777EF81B48E4AEF87D81E728A27	19D22819BF479CD4CBC71FC49A09482AF05B4BDFCC354B64A20A77AACCA3B07D	Main_Modules/WEAPONS_Blessings_Perks.lua:538	Main_Modules/WEAPONS_Blessings_Perks.lua:543	localization_table	no	yes	yes	yes	KEEP		ED3-WEAPONS-RECHECK-003	match	resolved
Main_Modules/WEAPONS_Blessings_Perks.lua	34	localization_table	loc_trait_bespoke_increase_power_on_kill_desc	7C28C239FDC0851371A21AA004FC7CFB4E923474419717B10FCE2DE640D6ABC8	AC4252E391033FE25D5398903E6CC116C0C33D2534CD3ACCD26A218F98AE2111	Main_Modules/WEAPONS_Blessings_Perks.lua:557	Main_Modules/WEAPONS_Blessings_Perks.lua:563	localization_table	no	yes	yes	yes	KEEP		ED3-WEAPONS-RECHECK-003	match	resolved
Main_Modules/WEAPONS_Blessings_Perks.lua	35	localization_table	loc_trait_bespoke_movement_speed_on_activation_desc	1A234B4FAAE58F802FD6C371211F2D20E77C280C3584197368C3AA60DCFE1630	9BB49BF4C041B368A26007E41E5292EE52D1D738C138E41AC2D9EB919147C05A	Main_Modules/WEAPONS_Blessings_Perks.lua:577	Main_Modules/WEAPONS_Blessings_Perks.lua:580	localization_table	no	yes	yes	yes	KEEP		ED3-WEAPONS-RECHECK-003	match	resolved
Main_Modules/WEAPONS_Blessings_Perks.lua	36	localization_table	loc_trait_bespoke_power_bonus_based_on_charge_time_desc	E980302DE9C050040811E03324E96EED5D0510435B620F64EDC5D7C45B093EE9	C7D4A22641A978C52B91B8557AAC771D86342EC19782CF918146C6751007115A	Main_Modules/WEAPONS_Blessings_Perks.lua:594	Main_Modules/WEAPONS_Blessings_Perks.lua:599	localization_table	no	yes	yes	yes	KEEP		ED3-WEAPONS-RECHECK-003	match	resolved
Main_Modules/WEAPONS_Blessings_Perks.lua	37	localization_table	loc_trait_bespoke_targets_receive_rending_debuff_desc	E33256C7CF08841ED6BBADC9867CFE302FCC4CB16959BBFAF102C1383F1BA05F	1B5AEA15CC8D1DA17CA476B93E9043D0FD9AAEC3DA6CDC10E16C8D70F18B76A4	Main_Modules/WEAPONS_Blessings_Perks.lua:613	Main_Modules/WEAPONS_Blessings_Perks.lua:618	localization_table	no	yes	yes	yes	KEEP		ED3-WEAPONS-RECHECK-003	match	resolved
Main_Modules/WEAPONS_Blessings_Perks.lua	38	localization_table	loc_trait_bespoke_chained_hits_increases_cleave_desc	D29B904ABD499BF2F259DEEA02A10FAE5E77304C30C86C0250385FB9AAB1A84D	4015421DF50F2D9C6EA28B039F506490F9AE004E4742FA5E3D5EA7D9220EEA63	Main_Modules/WEAPONS_Blessings_Perks.lua:634	Main_Modules/WEAPONS_Blessings_Perks.lua:640	localization_table	yes	yes	yes	yes	KEEP		ED3-WEAPONS-RECHECK-003	match	resolved
Main_Modules/WEAPONS_Blessings_Perks.lua	39	localization_table	loc_trait_bespoke_chained_hits_increases_crit_chance_desc	2AFC16FDC958B2490070700FBA432CAACE06FD52C1CCC55893C379AE45F39B9B	54B258D8F91FE754B3FB88B31BDC28E06FE48715200014EEDBF821765EF7FBF9	Main_Modules/WEAPONS_Blessings_Perks.lua:655	Main_Modules/WEAPONS_Blessings_Perks.lua:661	localization_table	yes	yes	yes	yes	KEEP		ED3-WEAPONS-RECHECK-003	match	resolved
Main_Modules/WEAPONS_Blessings_Perks.lua	40	localization_table	loc_trait_bespoke_increased_attack_cleave_on_multiple_hits_desc	2442A95DE9A1E161C8D5FF1C13F2BD4B9EBB2F0D9ACCB031087007B41F963AA5	5FDDD17B4E6200BAC000CA25CA5AC834A3FC578C2EB8B8536EBC6A3A33C2EF08	Main_Modules/WEAPONS_Blessings_Perks.lua:677	Main_Modules/WEAPONS_Blessings_Perks.lua:682	localization_table	no	yes	yes	yes	KEEP		ED3-WEAPONS-RECHECK-003	match	resolved
Main_Modules/WEAPONS_Blessings_Perks.lua	41	localization_table	loc_trait_bespoke_increased_melee_damage_on_multiple_hits_desc	F6A38C9BC8ADB4BC605A08FB9936907A5E6F613DDEAB86B6EDECF9F02C2BCC45	B60553A64B5A87D9D7D0C412A487D55240879E988DC5105FEC015D5BACCD6555	Main_Modules/WEAPONS_Blessings_Perks.lua:696	Main_Modules/WEAPONS_Blessings_Perks.lua:701	localization_table	no	yes	yes	yes	KEEP		ED3-WEAPONS-RECHECK-003	match	resolved
Main_Modules/WEAPONS_Blessings_Perks.lua	42	localization_table	loc_trait_bespoke_infinite_melee_cleave_on_crit_desc	B82DCA9632234C939657B068987BA35AA03136CD03112BBD52DFB8EB1672D5F4	61155562A3CEF048C6E0C1A896DB79BA95A1B22965BE72EDA6C3401A0D78D00E	Main_Modules/WEAPONS_Blessings_Perks.lua:715	Main_Modules/WEAPONS_Blessings_Perks.lua:720	localization_table	no	yes	yes	yes	KEEP		ED3-WEAPONS-RECHECK-003	match	resolved
Main_Modules/WEAPONS_Blessings_Perks.lua	43	localization_table	loc_trait_bespoke_chained_hits_increases_power_desc	26CAAC6B687C0AFC0746A7BCF9DDA271530C9794C9CCC2529D66B38C366E14D3	0D3A77E2280B5CF0CB65B9C96C2E3325FE393D67EA6496F65223B4EE7DA81A38	Main_Modules/WEAPONS_Blessings_Perks.lua:734	Main_Modules/WEAPONS_Blessings_Perks.lua:740	localization_table	yes	yes	yes	yes	KEEP		ED3-WEAPONS-RECHECK-003	match	resolved
Main_Modules/WEAPONS_Blessings_Perks.lua	44	localization_table	loc_trait_bespoke_infinite_cleave_on_weakspot_kill_desc	7DEF04C1B51C6E128BEC4BA2FEA663B1B155E1DED27BB72BE91159DCE8C681D8	32DD87AA0A5A6459B671A98F3B7BEB28B08639785E25ED6EB615983ACF57E02C	Main_Modules/WEAPONS_Blessings_Perks.lua:754	Main_Modules/WEAPONS_Blessings_Perks.lua:757	localization_table	no	yes	yes	yes	KEEP		ED3-WEAPONS-RECHECK-003	match	resolved
Main_Modules/WEAPONS_Blessings_Perks.lua	45	localization_table	loc_trait_bespoke_infinite_melee_cleave_on_weakspot_kill_desc	7DEF04C1B51C6E128BEC4BA2FEA663B1B155E1DED27BB72BE91159DCE8C681D8	32DD87AA0A5A6459B671A98F3B7BEB28B08639785E25ED6EB615983ACF57E02C	Main_Modules/WEAPONS_Blessings_Perks.lua:771	Main_Modules/WEAPONS_Blessings_Perks.lua:774	localization_table	no	yes	yes	yes	KEEP		ED3-WEAPONS-RECHECK-003	match	resolved
Main_Modules/WEAPONS_Blessings_Perks.lua	46	localization_table	loc_trait_bespoke_power_bonus_on_first_attack_desc	121695856656BB5984A93CB12A7DECBB6902719B6C1DA2E1037BC003465459A6	352C9AC748B6C99D49A981A16F66A5FC8326BDE73563A47BD489EB136AC59D6C	Main_Modules/WEAPONS_Blessings_Perks.lua:788	Main_Modules/WEAPONS_Blessings_Perks.lua:793	localization_table	no	yes	yes	yes	KEEP		ED3-WEAPONS-RECHECK-004	match	resolved
Main_Modules/WEAPONS_Blessings_Perks.lua	47	localization_table	loc_trait_bespoke_power_bonus_scaled_on_stamina_desc	E323113D1C9A898FB191C5BE1422719761DADEDB2C992002B70B142CC65C0FBC	21F927268DF131545E8569852688F714CFA6C871591BF3BF47D47ACC7A844677	Main_Modules/WEAPONS_Blessings_Perks.lua:807	Main_Modules/WEAPONS_Blessings_Perks.lua:814	localization_table	no	yes	yes	yes	KEEP		ED3-WEAPONS-RECHECK-004	match	resolved
Main_Modules/WEAPONS_Blessings_Perks.lua	48	localization_table	loc_trait_bespoke_stacking_rending_on_one_hit_kills_desc	D37E1F449C6AC96FB7A04DD2FD0763B48DB1EC499EE56317237904BAA44A0075	2762765C32EFE49F680B942368C877DC041BA2A34C1661BF1F744EBA7CF76331	Main_Modules/WEAPONS_Blessings_Perks.lua:829	Main_Modules/WEAPONS_Blessings_Perks.lua:835	localization_table	no	yes	yes	yes	KEEP		ED3-WEAPONS-RECHECK-004	match	resolved
Main_Modules/WEAPONS_Blessings_Perks.lua	49	localization_table	loc_trait_bespoke_dodge_count_reset_on_weakspot_hit_and_weakspot_damage_desc	F5D8E7FDA29508D8C4C6EB0918CDA84023EB0A826D25BEC03B28D6F538676074	AE9EB5BC9F3C42DE48242CEBAAF799E872F2925C9D58DAC81121D248F2076041	Main_Modules/WEAPONS_Blessings_Perks.lua:851	Main_Modules/WEAPONS_Blessings_Perks.lua:854	localization_table	no	yes	yes	yes	KEEP		ED3-WEAPONS-RECHECK-004	match	resolved
Main_Modules/WEAPONS_Blessings_Perks.lua	50	localization_table	loc_trait_bespoke_guaranteed_melee_crit_after_crit_weakspot_kill_new_desc	38FE6A13DBB4C9CE279426444B03802D484D8B7D1BE42146C003DF196FE855F2	E0FEFB039D2CFA934B880468C3387AA814C4A3CB645A0D42B9FC0F53C40A9BAE	Main_Modules/WEAPONS_Blessings_Perks.lua:868	Main_Modules/WEAPONS_Blessings_Perks.lua:871	localization_table	no	yes	yes	yes	KEEP		ED3-WEAPONS-RECHECK-004	match	resolved
Main_Modules/WEAPONS_Blessings_Perks.lua	51	localization_table	loc_trait_bespoke_power_bonus_on_same_enemy_attacks_desc	2EE5CBE31CF18727B8D43CEAF3B549316B850783AACD312DDBD673C0E6856CC9	844C8108CEB88EBCD1677D001D36F90FAEEAE39719D9EADDA3D994D936CCED58	Main_Modules/WEAPONS_Blessings_Perks.lua:885	Main_Modules/WEAPONS_Blessings_Perks.lua:891	localization_table	no	yes	yes	yes	KEEP		ED3-WEAPONS-RECHECK-004	match	resolved
Main_Modules/WEAPONS_Blessings_Perks.lua	52	localization_table	loc_trait_bespoke_bleed_on_crit_melee_desc	03250D0C85E78E3F81EA25BC754F6021AC06166BC66103D2293E5AF29DAAD81A	676B1565A2C044D7EFEDBC514083958768DE4D33A78EE3FC0DB5D0BFBC47DD97	Main_Modules/WEAPONS_Blessings_Perks.lua:907	Main_Modules/WEAPONS_Blessings_Perks.lua:913	localization_table	no	yes	yes	yes	KEEP		ED3-WEAPONS-RECHECK-004	match	resolved
Main_Modules/WEAPONS_Blessings_Perks.lua	53	localization_table	loc_trait_bespoke_bleed_on_non_weakspot_hit_desc	11C6ED152E3151DCEFE76E285E2400C49FE0AE080ADEE17115440C0220B54C9B	AD084C3927DE1FEDE34047445AA034BC45F63EEFD10E69946131E3A5DB34C8D4	Main_Modules/WEAPONS_Blessings_Perks.lua:927	Main_Modules/WEAPONS_Blessings_Perks.lua:934	localization_table	no	yes	yes	yes	KEEP		ED3-WEAPONS-RECHECK-004	match	resolved
Main_Modules/WEAPONS_Blessings_Perks.lua	54	localization_table	loc_trait_bespoke_chained_weakspot_hits_increases_power_desc	7E4C4587A193EC209DD68A85AC6F61FC08A2E4580B237AB3FB52A389EDFB0F2C	9CAC5CC91199B7C1FB19F5CEB609F1BCE08BCCA73D67844868B3A57D3CFF82B9	Main_Modules/WEAPONS_Blessings_Perks.lua:950	Main_Modules/WEAPONS_Blessings_Perks.lua:957	localization_table	no	yes	yes	yes	KEEP		ED3-WEAPONS-RECHECK-004	match	resolved
Main_Modules/WEAPONS_Blessings_Perks.lua	55	localization_table	loc_trait_bespoke_dodge_grants_crit_chance_desc	8A5E81D069A76E234726AA26AA892546163BC5756863B42E8E8C0186C4787E9D	72EAC70037227A6A4F2899EE5CCFF4D2DFBEAF42B8FFB4C2265CA91759C83D65	Main_Modules/WEAPONS_Blessings_Perks.lua:973	Main_Modules/WEAPONS_Blessings_Perks.lua:978	localization_table	no	yes	yes	yes	KEEP		ED3-WEAPONS-RECHECK-004	match	resolved
Main_Modules/WEAPONS_Blessings_Perks.lua	56	localization_table	loc_trait_bespoke_dodge_grants_finesse_bonus_desc	5206BE2C90B36076DE5A4CEA2F2EC6F41EBC8285387355EBAF152E93E424FA05	4D0C9100106FD50A2D8F010EA307D4DC5260CD0E5A424E2698F1106C591E59A8	Main_Modules/WEAPONS_Blessings_Perks.lua:994	Main_Modules/WEAPONS_Blessings_Perks.lua:999	localization_table	no	yes	yes	yes	KEEP		ED3-WEAPONS-RECHECK-004	match	resolved
Main_Modules/WEAPONS_Blessings_Perks.lua	57	localization_table	loc_trait_bespoke_heavy_chained_hits_increases_killing_blow_chance_desc	DDF6EA51F150C74C998CAED0EC5045BB258DC2E068A85B4C98782602B92F7733	2F54D3F6DFD1AE61D31BBE05816CF420E545645FA6DAE5A14E1E5354A5162BAF	Main_Modules/WEAPONS_Blessings_Perks.lua:1013	Main_Modules/WEAPONS_Blessings_Perks.lua:1017	localization_table	no	yes	yes	yes	KEEP		ED3-WEAPONS-RECHECK-004	match	resolved
Main_Modules/WEAPONS_Blessings_Perks.lua	58	localization_table	loc_trait_bespoke_increased_crit_chance_after_punching_staggered_enemy_desc	93F385B8FE3F9B862FBD3D781242ED77BC663A0A790F7A35F20F55AD0666D0E7	E4904BFCCD52310B651814A62D4BE0C115B6B955BDE9C2831F795A1F51ACA387	Main_Modules/WEAPONS_Blessings_Perks.lua:1032	Main_Modules/WEAPONS_Blessings_Perks.lua:1037	localization_table	no	yes	yes	yes	KEEP		ED3-WEAPONS-RECHECK-004	match	resolved
Main_Modules/WEAPONS_Blessings_Perks.lua	59	localization_table	loc_trait_bespoke_increased_weakspot_damage_on_bleeding_desc	539DF927C46A080894F9C9D5956784FE26EB5B827B45DB57304965585794115C	E9D347F5FF33922676743F71019341B5DE48FCEDF940FE381172C702EFAB5C01	Main_Modules/WEAPONS_Blessings_Perks.lua:1052	Main_Modules/WEAPONS_Blessings_Perks.lua:1055	localization_table	no	yes	yes	yes	KEEP		ED3-WEAPONS-RECHECK-004	match	resolved
Main_Modules/WEAPONS_Blessings_Perks.lua	60	localization_table	loc_trait_bespoke_rending_on_backstabs_desc	3E5334C0182D8898BAAD5A4A787ACF23049956DE50C26A58E33AADC1D6F2DC4D	3360474BC08D46692D4A1AE4CF1C51CEB1AB826E864CB913700686E5F028DF18	Main_Modules/WEAPONS_Blessings_Perks.lua:1069	Main_Modules/WEAPONS_Blessings_Perks.lua:1075	localization_table	no	yes	yes	yes	KEEP		ED3-WEAPONS-RECHECK-004	match	resolved
Main_Modules/WEAPONS_Blessings_Perks.lua	61	localization_table	loc_trait_bespoke_stacking_rending_debuff_on_weakspot_desc	0223D1ABF1A86926993619C7084A20E32BF4D12B056D4C27B922810B012D655E	D8CDB99904B4B3B349B57A67340EEC47CD461D4EB60673F50AB73CFDAA0B1316	Main_Modules/WEAPONS_Blessings_Perks.lua:1091	Main_Modules/WEAPONS_Blessings_Perks.lua:1100	localization_table	no	yes	yes	yes	KEEP		ED3-WEAPONS-RECHECK-005	match	resolved
Main_Modules/WEAPONS_Blessings_Perks.lua	62	localization_table	loc_trait_bespoke_consecutive_hits_increases_stagger_desc	817B3A03964F233BA96657B3423198376F7D9EE096ADBBFCD8904A8AB13CCA77	9B3E257B4F24B32CB7A9A9502F1B2CBF10216EA11B557A269F5D4E83A8336ED1	Main_Modules/WEAPONS_Blessings_Perks.lua:1133	Main_Modules/WEAPONS_Blessings_Perks.lua:1138	localization_table	no	yes	yes	yes	KEEP		ED3-WEAPONS-RECHECK-005	match	resolved
Main_Modules/WEAPONS_Blessings_Perks.lua	63	localization_table	loc_trait_bespoke_increase_stagger_per_hit_in_sweep_desc	D4047E0099D401302E1AB8A41679E4F993E7F6CD3EC65AFD90B4EAF290828F70	AAF8BFAB086F961502EA9A41795A7628C3A8020E4B744B816B7B13C85A6A6B4C	Main_Modules/WEAPONS_Blessings_Perks.lua:1153	Main_Modules/WEAPONS_Blessings_Perks.lua:1159	localization_table	no	yes	yes	yes	KEEP		ED3-WEAPONS-RECHECK-005	match	resolved
Main_Modules/WEAPONS_Blessings_Perks.lua	64	localization_table	loc_trait_bespoke_stacking_increase_impact_on_hit_desc	58EC687F569EB5DE6FAAF71860B3F9AB79B46E85A722CA80442ADA744A222ACC	9461EF3631FF2115CF748A02B465D8B9CF754E926EAE8AD016AB7574A0576A24	Main_Modules/WEAPONS_Blessings_Perks.lua:1174	Main_Modules/WEAPONS_Blessings_Perks.lua:1179	localization_table	yes	yes	yes	yes	KEEP		ED3-WEAPONS-RECHECK-005	match	resolved
Main_Modules/WEAPONS_Blessings_Perks.lua	65	localization_table	loc_trait_bespoke_staggered_targets_receive_increased_damage_debuff_desc	0E218933763790C61B1A7B03D20400FC55BDBB8E2BF351B313D5EB1EA178C129	D0D2B32490825A6DAE12D2DFA1445798FDF67D3D0F377AAE40CC07E45C98932D	Main_Modules/WEAPONS_Blessings_Perks.lua:1194	Main_Modules/WEAPONS_Blessings_Perks.lua:1199	localization_table	no	yes	yes	yes	KEEP		ED3-WEAPONS-RECHECK-005	match	resolved
Main_Modules/WEAPONS_Blessings_Perks.lua	66	localization_table	loc_trait_bespoke_staggered_targets_receive_increased_stagger_debuff_desc	5774CCD23628FDF10D26B40580E61B420A65480503BB156F4D407C2BC3B2AB02	2DF6FF30DD4BB99B391B0E7B9539DE378B17491C1AC004857998F3FCF0EC28F4	Main_Modules/WEAPONS_Blessings_Perks.lua:1214	Main_Modules/WEAPONS_Blessings_Perks.lua:1219	localization_table	no	yes	yes	yes	KEEP		ED3-WEAPONS-RECHECK-005	match	resolved
Main_Modules/WEAPONS_Blessings_Perks.lua	67	localization_table	loc_trait_bespoke_increased_crit_chance_on_weakspot_kill_desc	D275B7F76EBD01E4CAEFE509B78C3074B3EA48776639A16DAD72C25FD1493FFA	CC583BDA6C0BDAE5DC446B5525EF48DDD5B81348B854CA6A99A308C544D19991	Main_Modules/WEAPONS_Blessings_Perks.lua:1234	Main_Modules/WEAPONS_Blessings_Perks.lua:1239	localization_table	no	yes	yes	yes	KEEP		ED3-WEAPONS-RECHECK-005	match	resolved
Main_Modules/WEAPONS_Blessings_Perks.lua	68	localization_table	loc_trait_bespoke_pass_past_armor_on_crit_new_desc	D4A8DA2BCECB2A46BB8BDC91D2ECCB456C4C3ED58EF6D6FD02F655FCA93D4D53	B944073CD74559C5F4839E7EC48A5DD980B4B98A8D9AD9E6956E42BA512BE1A0	Main_Modules/WEAPONS_Blessings_Perks.lua:1254	Main_Modules/WEAPONS_Blessings_Perks.lua:1258	localization_table	yes	yes	yes	yes	KEEP		ED3-WEAPONS-RECHECK-005	match	resolved
Main_Modules/WEAPONS_Blessings_Perks.lua	69	localization_table	loc_trait_bespoke_stacking_melee_rending_on_cleave_desc	32FA4AC0EC26AC7B9AA85C1E668EE25624CDD49DD599974CB7C87242A01B77AA	5E0BEBBB46EC39438B5548C3E359F1CC3D173AEBB41E6EDF50FFEE9820FC8B35	Main_Modules/WEAPONS_Blessings_Perks.lua:1273	Main_Modules/WEAPONS_Blessings_Perks.lua:1279	localization_table	no	yes	yes	yes	KEEP		ED3-WEAPONS-RECHECK-005	match	resolved
Main_Modules/WEAPONS_Blessings_Perks.lua	70	localization_table	loc_trait_bespoke_can_block_ranged_desc	57D0E5BDE4FF2EA44B04BE8AAF81203BEDED206CF0BFCE9E823DCBE647D4F46C	FAE22E6BD5659FA68A426890BDEF49869EF0C811FC83EF0D3DAA09E3BD0BD3A9	Main_Modules/WEAPONS_Blessings_Perks.lua:1294	Main_Modules/WEAPONS_Blessings_Perks.lua:1297	localization_table	no	yes	yes	yes	KEEP		ED3-WEAPONS-RECHECK-005	match	resolved
Main_Modules/WEAPONS_Blessings_Perks.lua	71	localization_table	loc_trait_bespoke_toughness_recovery_on_multiple_hits_desc	1F09C18357C46B3583ACF27F3906080D7E16C033D9CFB08B4497B4AA555C5756	0909F28DDEAD117880B02FCCCD251BFC7045F1DC8F67357D859CD1E14FDABD4C	Main_Modules/WEAPONS_Blessings_Perks.lua:1312	Main_Modules/WEAPONS_Blessings_Perks.lua:1317	localization_table	no	yes	yes	yes	KEEP		ED3-WEAPONS-RECHECK-005	match	resolved
Main_Modules/WEAPONS_Blessings_Perks.lua	72	localization_table	loc_trait_bespoke_vent_warp_charge_on_multiple_hits_desc	63129023A9E3804A6A077133EBB647E354EEEF0C44E4C20A2B76B3F3A4DC2205	0DFF68174BF95EA6E6CDC70E5B7982D298EC21B5B107E3E881CF0C2BF62223FA	Main_Modules/WEAPONS_Blessings_Perks.lua:1332	Main_Modules/WEAPONS_Blessings_Perks.lua:1338	localization_table	no	yes	yes	yes	KEEP		ED3-WEAPONS-RECHECK-005	match	resolved
Main_Modules/WEAPONS_Blessings_Perks.lua	73	localization_table	loc_trait_bespoke_warp_burninating_on_crit_desc	7F2B1720A9622269DF9A8B527483EFC1E88713B7E0E166D5BBD0783860C4AF24	AC98A57B67B33002DC1D74B5C460A291AF3F9EE72B7FB8924C859859622CCD51	Main_Modules/WEAPONS_Blessings_Perks.lua:1355	Main_Modules/WEAPONS_Blessings_Perks.lua:1361	localization_table	no	yes	yes	yes	KEEP		ED3-WEAPONS-RECHECK-005	match	resolved
Main_Modules/WEAPONS_Blessings_Perks.lua	74	localization_table	loc_trait_bespoke_warp_charge_power_bonus_desc	00092FBAFEC455CCA30D447DF38ADB5A6DCC6C41B699BC3D2B7FEAB3CEF0C2F9	C83CBEFBD04910A32ABE9A59F2A8B217603CB24059C54A75A303EF53A3E8B5C4	Main_Modules/WEAPONS_Blessings_Perks.lua:1376	Main_Modules/WEAPONS_Blessings_Perks.lua:1381	localization_table	no	yes	yes	yes	KEEP		ED3-WEAPONS-RECHECK-005	match	resolved
Main_Modules/WEAPONS_Blessings_Perks.lua	75	localization_table	loc_trait_bespoke_wind_slash_crits_desc	16D2FEF25ED6EC334862653FA5630BEE935CD8FA3629E35AEBF1C90DF955D08E	AE6B0D0F681212BDE7A12D90D8C10D89EB9B9510F2386155D1DF3E0440E43D1C	Main_Modules/WEAPONS_Blessings_Perks.lua:1396	Main_Modules/WEAPONS_Blessings_Perks.lua:1399	localization_table	no	yes	yes	yes	KEEP		ED3-WEAPONS-RECHECK-005	match	resolved
Main_Modules/WEAPONS_Blessings_Perks.lua	76	localization_table	loc_trait_bespoke_chained_weakspot_hits_vents_warpcharge_desc	F8BE01E5908A2DC0553B82BB20F7713510051A360559B5BAB68A03B3C13EF234	F1C797B99CA452C41BFDEE64A03640574E118403442166BF6A42A53126020AFA	Main_Modules/WEAPONS_Blessings_Perks.lua:1413	Main_Modules/WEAPONS_Blessings_Perks.lua:1418	localization_table	yes	yes	yes	yes	KEEP		ED3-WEAPONS-RECHECK-006	match	resolved
Main_Modules/WEAPONS_Blessings_Perks.lua	77	localization_table	loc_trait_bespoke_elite_kills_grants_stackable_power_desc	E15680BA3772D9B867DA9D2F2016367C03C084B17F969DC68CB0233E5DD18F6D	C8E2F6E12E73058F988342A7C4AC52E7911DA17C3CBEDCF7F91F4AC42F8416B9	Main_Modules/WEAPONS_Blessings_Perks.lua:1433	Main_Modules/WEAPONS_Blessings_Perks.lua:1438	localization_table	no	yes	yes	yes	KEEP		ED3-WEAPONS-RECHECK-006	match	resolved
Main_Modules/WEAPONS_Blessings_Perks.lua	78	localization_table	loc_trait_bespoke_block_has_chance_to_stun_with_cd_desc	F622AA42BACC7764F389262BF3D6DB4865EED894F5E1C5F2F6D62BA638F14071	86339F00AA04AA46334279F473562C70405D825F9F343B513B7624C007F72442	Main_Modules/WEAPONS_Blessings_Perks.lua:1453	Main_Modules/WEAPONS_Blessings_Perks.lua:1457	localization_table	no	yes	yes	yes	KEEP		ED3-WEAPONS-RECHECK-006	match	resolved
Main_Modules/WEAPONS_Blessings_Perks.lua	79	localization_table	loc_trait_bespoke_damage_bonus_vs_electrocuded_desc	9C560F164F7505DB43FA4CA272B73E58C1922FE7759F9EE6719CE089B5C21729	4F0E750F800066A1B1F99F04DE887ACA30F040EB716FE4A7AEE1931C332A5A1F	Main_Modules/WEAPONS_Blessings_Perks.lua:1471	Main_Modules/WEAPONS_Blessings_Perks.lua:1474	localization_table	no	yes	yes	yes	KEEP		ED3-WEAPONS-RECHECK-006	match	resolved
Main_Modules/WEAPONS_Blessings_Perks.lua	80	localization_table	loc_trait_bespoke_negate_stagger_reduction_on_weakspot_desc	540AF5C2B13095E502EDE6C557610A599796EBC967F7113D7C554E219F2B6312	B3E23721CF77BF67B205B5CA53FF6168E9A0A1FBC1592E20EA8A3D678597AA58	Main_Modules/WEAPONS_Blessings_Perks.lua:1488	Main_Modules/WEAPONS_Blessings_Perks.lua:1493	localization_table	no	yes	yes	yes	KEEP		ED3-WEAPONS-RECHECK-006	match	resolved
Main_Modules/WEAPONS_Blessings_Perks.lua	81	localization_table	loc_trait_bespoke_staggering_hits_has_chance_to_stun_desc	4D34AD693C2F59E2857AF8A81703ECA52A9F853E1195B82239724279102544EA	38BE5085DAE8EE4442A4278CF6F062CFF1CCE11D64524292AD9634ED9D8A5EBC	Main_Modules/WEAPONS_Blessings_Perks.lua:1507	Main_Modules/WEAPONS_Blessings_Perks.lua:1512	localization_table	no	yes	yes	yes	KEEP		ED3-WEAPONS-RECHECK-006	match	resolved
Main_Modules/WEAPONS_Blessings_Perks.lua	82	localization_table	loc_attack_speed_on_perfect_block_desc	A47CBF3E099BE3D17784D46EC1AA66A8BA0B85BEC473FE69AE47A4DE74005AC7	106FA96C2F20744C543A9D16DEB43AAF0B0463A7E9202174A7A9EED9D3F1B2A2	Main_Modules/WEAPONS_Blessings_Perks.lua:1527	Main_Modules/WEAPONS_Blessings_Perks.lua:1532	localization_table	no	yes	yes	yes	KEEP		ED3-WEAPONS-RECHECK-006	match	resolved
Main_Modules/WEAPONS_Blessings_Perks.lua	83	localization_table	loc_chained_weakspot_hits_increase_finesse_and_reduce_overheat_desc	0DAF07F35D17B2C1EDE98F38BB61F46137BDD629904F46306F7C146A8ED6AF24	96B71CA89A77FC3DDA5FFDEFA4B2F73D3753634E23018218F098644231DA8EBA	Main_Modules/WEAPONS_Blessings_Perks.lua:1547	Main_Modules/WEAPONS_Blessings_Perks.lua:1552	localization_table	no	yes	yes	yes	CHANGE	ACCURACY;GRAMMAR	ED3-WEAPONS-RECHECK-006	match	resolved
Main_Modules/WEAPONS_Blessings_Perks.lua	84	localization_table	loc_explosion_on_overheat_lockout_desc	58F19D3922EB0F01B6A45BE3AC1746EAF5EE5B3E1B7BF13364FC97BFDE0020BA	4ADEEBD2474F3CA37A715EA0C3937D666592C2675CC2009DDED4643A8686D2DB	Main_Modules/WEAPONS_Blessings_Perks.lua:1568	Main_Modules/WEAPONS_Blessings_Perks.lua:1571	localization_table	no	yes	yes	yes	KEEP		ED3-WEAPONS-RECHECK-006	match	resolved
Main_Modules/WEAPONS_Blessings_Perks.lua	85	localization_table	loc_power_bonus_scaled_on_heat_desc	1DC1B6E23F43AE6A549D13122028C1EFB10DBA639845EA36E587C2E33C7CD726	E78B27925D28BF975B78FB01F22DC7FC03A56C6FD31A1A85A90389AEBF467BD0	Main_Modules/WEAPONS_Blessings_Perks.lua:1585	Main_Modules/WEAPONS_Blessings_Perks.lua:1590	localization_table	no	yes	yes	yes	KEEP		ED3-WEAPONS-RECHECK-006	match	resolved
Main_Modules/WEAPONS_Blessings_Perks.lua	86	localization_table	loc_reduce_fixed_overheat_amount_desc	F1648589DC6E9ED841281B446EBD49BEDE7B11D0D555AB86C095605488BD957E	0A2D0BCF85F71B198E43E7A13656FCD4C6EE2E7430CDFBD49798D788D420D305	Main_Modules/WEAPONS_Blessings_Perks.lua:1604	Main_Modules/WEAPONS_Blessings_Perks.lua:1609	localization_table	no	yes	yes	yes	CHANGE	ACCURACY;GRAMMAR	ED3-WEAPONS-RECHECK-006	match	resolved
Main_Modules/WEAPONS_Blessings_Perks.lua	87	localization_table	loc_trait_bespoke_regain_toughness_on_multiple_hits_by_weapon_special_desc	7973F552B9DD32D3EEA9C1CF54E62AB642492F6C57300DFFBB7AA371CD884959	C67E399D7933C57F97D71811A594945506CA7218BC2B0247614FB4DF837DF2DE	Main_Modules/WEAPONS_Blessings_Perks.lua:1624	Main_Modules/WEAPONS_Blessings_Perks.lua:1629	localization_table	no	yes	yes	yes	KEEP		ED3-WEAPONS-RECHECK-006	match	resolved
Main_Modules/WEAPONS_Blessings_Perks.lua	88	localization_table	loc_slower_heat_buildup_on_perfect_block_desc	BABA9275D6B9C8C0650ABC5D819E081AE1FE02733AD974A7E1C6C3360CC6E885	63D9AC05E2C9D377455E8B2A1CE09FA8DAC98312C57E4E03CAF4AB5FD2630440	Main_Modules/WEAPONS_Blessings_Perks.lua:1644	Main_Modules/WEAPONS_Blessings_Perks.lua:1647	localization_table	no	yes	yes	yes	KEEP		ED3-WEAPONS-RECHECK-006	match	resolved
Main_Modules/WEAPONS_Blessings_Perks.lua	89	localization_table	loc_trait_bespoke_hit_mass_consumption_reduction_on_kill_desc	C331E14B3EAEC7D8DCB958314BD1AF967C65822C10DA83F19DC10F0626DE99C3	C5DC9656362AD688FDE8E67ED5B18D51B7C4A72F91B55C030F71601D9AD97911	Main_Modules/WEAPONS_Blessings_Perks.lua:1661	Main_Modules/WEAPONS_Blessings_Perks.lua:1666	localization_table	no	yes	yes	yes	CHANGE	ACCURACY;GRAMMAR	ED3-WEAPONS-RECHECK-006	match	resolved
Main_Modules/WEAPONS_Blessings_Perks.lua	90	localization_table	loc_trait_bespoke_weakspot_damage_bonus_on_pushed_enemies_desc	0B13C1FF256FC1A67E94070337F2300B01D6EA05DA2C446DD1BF528543AEC951	7BD5DC4F7045A1BB5266964BFBDE3E3DE926B7D2F89D9F7AEA3C416C0598C1A0	Main_Modules/WEAPONS_Blessings_Perks.lua:1681	Main_Modules/WEAPONS_Blessings_Perks.lua:1687	localization_table	no	yes	yes	yes	KEEP		ED3-WEAPONS-RECHECK-006	match	resolved
Main_Modules/WEAPONS_Blessings_Perks.lua	91	localization_table	loc_trait_bespoke_armor_rend_on_activated_attacks_desc	4836A55168D686197BEFC8195C2227BE78A887E55F349DD43606CDEBEC041E60	DD6C028088E47E509E7791154A09A592C17314093BE1A0D558F5396C16E863CE	Main_Modules/WEAPONS_Blessings_Perks.lua:1703	Main_Modules/WEAPONS_Blessings_Perks.lua:1709	localization_table	no	yes	yes	yes	KEEP		ED3-WEAPONS-RECHECK-007	match	resolved
Main_Modules/WEAPONS_Blessings_Perks.lua	92	localization_table	loc_trait_bespoke_extended_activation_duration_and_stagger_on_chained_attacks_desc	DD5C98A2950F951D094956B8F7B23D1F47F5C7B3EAD66312AA36876DE4EA01A5	404B39BEE56903CF5EBDA07A6729CA38F7029769E3C3BFCE705B911F476A67B6	Main_Modules/WEAPONS_Blessings_Perks.lua:1724	Main_Modules/WEAPONS_Blessings_Perks.lua:1730	localization_table	no	yes	yes	yes	KEEP		ED3-WEAPONS-RECHECK-007	match	resolved
Main_Modules/WEAPONS_Blessings_Perks.lua	93	localization_table	loc_trait_bespoke_infinite_armor_cleave_on_activated_attacks_and_heavy_damage_desc	7DED8539A474914D593329FF622DD424CEACB01B7B8A8DB8251563C33CE1E1F0	ECC9B51D17A624A451BC1CDC590FC9B3D44F3B926A8F7D79C006369989FD8C16	Main_Modules/WEAPONS_Blessings_Perks.lua:1745	Main_Modules/WEAPONS_Blessings_Perks.lua:1752	localization_table	no	yes	yes	yes	KEEP		ED3-WEAPONS-RECHECK-007	match	resolved
Main_Modules/WEAPONS_Blessings_Perks.lua	94	localization_table	loc_trait_bespoke_increased_crit_chance_after_punch_desc	4CD7139157C4144982682FDE489911674CF8B5E5FC78C21615CCFCA4E772FD17	F871F49ECFE5B384F0A51FA9AA75E5AC85B43E1DC25B89A053F02A91680733F7	Main_Modules/WEAPONS_Blessings_Perks.lua:1768	Main_Modules/WEAPONS_Blessings_Perks.lua:1774	localization_table	no	yes	yes	yes	KEEP		ED3-WEAPONS-RECHECK-007	match	resolved
Main_Modules/WEAPONS_Blessings_Perks.lua	95	localization_table	loc_trait_bespoke_toughness_recovery_on_chained_attacks_desc	E215FD0EEDE57A7FE7BB11867B9E24642EC0F66C3EA60D5C363244C2ED42AA63	B39A5B6E329BFDF23F040D74D4F0907115ADB045BB8463C87D6B7F5C7FAA296E	Main_Modules/WEAPONS_Blessings_Perks.lua:1789	Main_Modules/WEAPONS_Blessings_Perks.lua:1794	localization_table	no	yes	yes	yes	KEEP		ED3-WEAPONS-RECHECK-007	match	resolved
Main_Modules/WEAPONS_Blessings_Perks.lua	96	localization_table	loc_trait_bespoke_toughness_regen_on_punching_elites_desc	7D840856FCAA9CEDA84635983056989DFD221D762A08627DD6445659BAC7738F	01AFA7F97CCD79CE939614D40B06A41393F31E72689BD216385C4BA165A47845	Main_Modules/WEAPONS_Blessings_Perks.lua:1809	Main_Modules/WEAPONS_Blessings_Perks.lua:1813	localization_table	no	yes	yes	yes	KEEP		ED3-WEAPONS-RECHECK-007	match	resolved
Main_Modules/WEAPONS_Blessings_Perks.lua	97	localization_table	loc_trait_bespoke_crit_chance_on_push_desc	0678862F3B56F2005D5D330E2DF848711343F51A1FFF6ECF7DF7D2CEA2B0BE4B	00A6C904F3E478C52481A1A55E8B58DECF8D8E71601FE0D0C1C741A9AEB5B9DC	Main_Modules/WEAPONS_Blessings_Perks.lua:1829	Main_Modules/WEAPONS_Blessings_Perks.lua:1834	localization_table	no	yes	yes	yes	KEEP		ED3-WEAPONS-RECHECK-007	match	resolved
Main_Modules/WEAPONS_Blessings_Perks.lua	98	localization_table	loc_trait_bespoke_increased_power_on_weapon_special_follow_up_hits_desc	8AF2732153B579FDA19B9DD2415C29700DE24B605D4F527C2AAA4FB71BDDF798	2DF552E41EE30F1A071FF92E111021666171E1CF01DF23EF6FDE56AD11F6706B	Main_Modules/WEAPONS_Blessings_Perks.lua:1849	Main_Modules/WEAPONS_Blessings_Perks.lua:1854	localization_table	no	yes	yes	yes	KEEP		ED3-WEAPONS-RECHECK-007	match	resolved
Main_Modules/WEAPONS_Blessings_Perks.lua	99	localization_table	loc_trait_bespoke_pass_past_armor_and_damage_on_heavy_attack_desc	24E7769D091422CAE55A93FBB104EF46A4CB21F22466C9DA6C5D17056C64E403	5E04BDE4A2DB8D6E7A4745ABCF8683768847E1EE97BC600375674DAF13E0C065	Main_Modules/WEAPONS_Blessings_Perks.lua:1868	Main_Modules/WEAPONS_Blessings_Perks.lua:1871	localization_table	no	yes	yes	yes	KEEP		ED3-WEAPONS-RECHECK-007	match	resolved
Main_Modules/WEAPONS_Blessings_Perks.lua	100	localization_table	loc_trait_bespoke_increase_power_on_weapon_special_hit_desc	8823CF485914F1FC970D766DC6E3F097108106C33D4CCF5597FDAF90A29FBDD8	FBE464707EF48D11DD80574D874CB49DA30ABAB12D1A89801AD09DBA3CC46795	Main_Modules/WEAPONS_Blessings_Perks.lua:1885	Main_Modules/WEAPONS_Blessings_Perks.lua:1890	localization_table	no	yes	yes	yes	KEEP		ED3-WEAPONS-RECHECK-007	match	resolved
Main_Modules/WEAPONS_Blessings_Perks.lua	101	localization_table	loc_trait_bespoke_toughness_on_hit_based_on_charge_time_desc	A5805821336220BF3C6021C67C523064C5FD6EFDC7C01BA6959D53A47D0A1CB4	F76D487FF282BCF4B940E4DD0D8571BD3517831AD49516DFE7F8ED0279AD188A	Main_Modules/WEAPONS_Blessings_Perks.lua:1905	Main_Modules/WEAPONS_Blessings_Perks.lua:1909	localization_table	no	yes	yes	yes	KEEP		ED3-WEAPONS-RECHECK-007	match	resolved
Main_Modules/WEAPONS_Blessings_Perks.lua	102	localization_table	loc_trait_bespoke_explosion_on_activated_attacks_on_armor_new_desc	68FFC11699955EF1745DE06699C6E915F15766C68CE2F5E1F993D8E9D07A191F	7CE3E460D98B8B0A1F508CD20E73241ED269F22DB33855AEDA9591B26A48ADD6	Main_Modules/WEAPONS_Blessings_Perks.lua:1924	Main_Modules/WEAPONS_Blessings_Perks.lua:1927	localization_table	no	yes	yes	yes	KEEP		ED3-WEAPONS-RECHECK-007	match	resolved
Main_Modules/WEAPONS_Blessings_Perks.lua	103	localization_table	loc_trait_block_break_pushes_new_desc	83147FE2839A8091417242270049F0E58096F198C3614A903CA588978CEB8C00	C3804B4C0D09AE438E4CC7BD347C14509D8073C8A338F2B0B2E289561A440D13	Main_Modules/WEAPONS_Blessings_Perks.lua:1941	Main_Modules/WEAPONS_Blessings_Perks.lua:1944	localization_table	no	yes	yes	yes	KEEP		ED3-WEAPONS-RECHECK-007	match	resolved
Main_Modules/WEAPONS_Blessings_Perks.lua	104	localization_table	loc_trait_damage_bonus_on_block_desc	C75A08FF60820409170F087209510E9BDBBC98CB820EA55127FD515200CA1128	D00BC0030501B5929C472A67A00ADF107CE028996120CC70F505A3F6864EE101	Main_Modules/WEAPONS_Blessings_Perks.lua:1958	Main_Modules/WEAPONS_Blessings_Perks.lua:1961	localization_table	no	yes	yes	yes	CHANGE	TERMINOLOGY;CONSISTENCY	ED3-WEAPONS-RECHECK-007	match	resolved
Main_Modules/WEAPONS_Blessings_Perks.lua	105	localization_table	loc_trait_bespoke_armor_rending_bayonette_crowbar_desc	B682B15A1DF7D7EC4D50D5CD738206890A25CC28976A9B7A2D1A647AA9F547BB	864D9A1803E295ECC0D0EBA2A902B798D2218FE3176371C5FCED143832C2AAFC	Main_Modules/WEAPONS_Blessings_Perks.lua:1975	Main_Modules/WEAPONS_Blessings_Perks.lua:1980	localization_table	no	yes	yes	yes	KEEP		ED3-WEAPONS-RECHECK-007	match	resolved
Main_Modules/WEAPONS_Blessings_Perks.lua	106	localization_table	loc_trait_bespoke_increased_weakspot_damage_against_toxin_status_desc	87E8871EFE673F743358C61F60FD12F83CC8FA5E9E48D002C8A25CFA23E75B6F	46F7648D0B49A0FB52090334CCE54483920C94CA339B51A80A36EF67F42F987E	Main_Modules/WEAPONS_Blessings_Perks.lua:1995	Main_Modules/WEAPONS_Blessings_Perks.lua:1998	localization_table	no	yes	yes	yes	KEEP		ED3-WEAPONS-RECHECK-008	match	resolved
Main_Modules/WEAPONS_Blessings_Perks.lua	107	localization_table	loc_trait_bespoke_allow_flanking_and_increased_damage_when_flanking_desc	6018D8C6279029267C8A94C3D3FEC41B88DC996BC7F11E8B03622780C0AE237E	CAB9E7D34E149294B7A1CF7FCFBAECBC0BF1AC9F3A16C49522B0073584707C73	Main_Modules/WEAPONS_Blessings_Perks.lua:2015	Main_Modules/WEAPONS_Blessings_Perks.lua:2018	localization_table	no	yes	yes	yes	KEEP		ED3-WEAPONS-RECHECK-008	match	resolved
Main_Modules/WEAPONS_Blessings_Perks.lua	108	localization_table	loc_trait_bespoke_consecutive_hits_increases_close_damage_desc	EABC98C72E71DD069B9766052CEB6966B1A1A0483606FA5E210851298EA3F070	518EA611188FA16A4FAAD0CA3C5858573451C6BE25CCA26A87315614ED58C17F	Main_Modules/WEAPONS_Blessings_Perks.lua:2032	Main_Modules/WEAPONS_Blessings_Perks.lua:2037	localization_table	no	yes	yes	yes	CHANGE	TERMINOLOGY;CONSISTENCY	ED3-WEAPONS-RECHECK-008	match	resolved
Main_Modules/WEAPONS_Blessings_Perks.lua	109	localization_table	loc_trait_bespoke_count_as_dodge_vs_ranged_on_close_kill_desc	154F8C05511B2C74C13DD10E5F657772347EB4658989303F32591C6DA096E672	7894EC0B385B111109B3FB0A9985FB0603C41D06F287625D1680E11B7F3A94C1	Main_Modules/WEAPONS_Blessings_Perks.lua:2052	Main_Modules/WEAPONS_Blessings_Perks.lua:2057	localization_table	no	yes	yes	yes	KEEP		ED3-WEAPONS-RECHECK-008	match	resolved
Main_Modules/WEAPONS_Blessings_Perks.lua	110	localization_table	loc_trait_bespoke_followup_shots_ranged_damage_desc	BCBEAF8517BAFF059104D7436EEC1DEDD1289EA6A651C663078BA12B6D0841B6	6D50C83CEA076B3F9283DACBBFB1E178BF24BD9C17D36CF80D03415E30748515	Main_Modules/WEAPONS_Blessings_Perks.lua:2072	Main_Modules/WEAPONS_Blessings_Perks.lua:2075	localization_table	no	yes	yes	yes	KEEP		ED3-WEAPONS-RECHECK-008	match	resolved
Main_Modules/WEAPONS_Blessings_Perks.lua	111	localization_table	loc_trait_bespoke_followup_shots_ranged_weakspot_damage_desc	E5BE566E7A9506A5C4561DB6D2B6C0D09F75D42B2D6498EC0288F06930F4EF43	C7E613E8A0B0D07211B03A521A299148AE85D134E56D6A9671F37342CDACFDE0	Main_Modules/WEAPONS_Blessings_Perks.lua:2089	Main_Modules/WEAPONS_Blessings_Perks.lua:2092	localization_table	no	yes	yes	yes	KEEP		ED3-WEAPONS-RECHECK-008	match	resolved
Main_Modules/WEAPONS_Blessings_Perks.lua	112	localization_table	loc_trait_bespoke_increase_close_damage_on_close_kill_desc	9AF9FF1084444969635FD2DA2203BE09FB25E2D22F22CB42ACCB54B31AA39AF0	6DD37268ED480AB0914567BE1640BB272A6884B7E14DA8C5B7673BA12C101F5C	Main_Modules/WEAPONS_Blessings_Perks.lua:2106	Main_Modules/WEAPONS_Blessings_Perks.lua:2111	localization_table	no	yes	yes	yes	CHANGE	TERMINOLOGY;CONSISTENCY	ED3-WEAPONS-RECHECK-008	match	resolved
Main_Modules/WEAPONS_Blessings_Perks.lua	113	localization_table	loc_trait_bespoke_increase_power_on_close_kill_desc	D811C155BC9B91F11FF7658700F19294BE38D472423030D7F4F89BFF1B0F14DD	E7FD8F2979810AEF7FD1EA9C5B61551F157EFC48A780FCF605B02C8325790080	Main_Modules/WEAPONS_Blessings_Perks.lua:2127	Main_Modules/WEAPONS_Blessings_Perks.lua:2132	localization_table	no	yes	yes	yes	KEEP		ED3-WEAPONS-RECHECK-008	match	resolved
Main_Modules/WEAPONS_Blessings_Perks.lua	114	localization_table	loc_trait_bespoke_increased_sprint_speed_desc	8E7461C45C83410A3303E5466DFB859389932FC523760FE74F612BA838BC4D9A	69DD516B1A2A89322C29FE6CC4BFDBFA4D4C40B368C55486CD7E58FED9BC77F6	Main_Modules/WEAPONS_Blessings_Perks.lua:2147	Main_Modules/WEAPONS_Blessings_Perks.lua:2150	localization_table	no	yes	yes	yes	KEEP		ED3-WEAPONS-RECHECK-008	match	resolved
Main_Modules/WEAPONS_Blessings_Perks.lua	115	localization_table	loc_trait_bespoke_reload_speed_on_slide_desc	BABD57B04EF654D3F2D1BBC6F78068CFF3840DB3377B3DE77BD65A01E84EDEDD	D97F0FB334C69B9CDA063EC25221F3815467B10C29A3492B6488532D257A8920	Main_Modules/WEAPONS_Blessings_Perks.lua:2167	Main_Modules/WEAPONS_Blessings_Perks.lua:2172	localization_table	no	yes	yes	yes	CHANGE	TERMINOLOGY;CONSISTENCY	ED3-WEAPONS-RECHECK-008	match	resolved
Main_Modules/WEAPONS_Blessings_Perks.lua	116	localization_table	loc_trait_bespoke_suppression_on_close_kill_desc	6D40F60ED5B19214BE359D4142938CC6D2E53937B19EAB9B5E1DC876C6142F83	78D33B2A723ED77024FD0AA4A563F965604A5CE313E919686CF8F33CBEDBB575	Main_Modules/WEAPONS_Blessings_Perks.lua:2187	Main_Modules/WEAPONS_Blessings_Perks.lua:2190	localization_table	no	yes	yes	yes	KEEP		ED3-WEAPONS-RECHECK-008	match	resolved
Main_Modules/WEAPONS_Blessings_Perks.lua	117	localization_table	loc_trait_bespoke_movement_speed_on_continuous_fire_desc	7260AFE1395581A3EB37C662CE7A7429C8F9496A347B6083C83770EC1CA7163C	C842A74B2DEE12964C2096BE16FFA2BC0084A81E08D13073F68B069F542119EF	Main_Modules/WEAPONS_Blessings_Perks.lua:2205	Main_Modules/WEAPONS_Blessings_Perks.lua:2208	localization_table	no	yes	yes	yes	CHANGE	TERMINOLOGY;CONSISTENCY	ED3-WEAPONS-RECHECK-008	match	resolved
Main_Modules/WEAPONS_Blessings_Perks.lua	118	localization_table	loc_trait_bespoke_suppression_on_continuous_fire_desc	0497AEA20674A8C5E41D92B719310C85640D3EAB84F78D92BCF16D9A823B7DAB	0B0137E68BF696C40601EA56A6E096E00F2210ABE8CAF9AB70ADDD38749C536F	Main_Modules/WEAPONS_Blessings_Perks.lua:2222	Main_Modules/WEAPONS_Blessings_Perks.lua:2225	localization_table	no	yes	yes	yes	CHANGE	TERMINOLOGY;CONSISTENCY	ED3-WEAPONS-RECHECK-008	match	resolved
Main_Modules/WEAPONS_Blessings_Perks.lua	119	localization_table	loc_trait_bespoke_toughness_on_continuous_fire_desc	006E26C3A267D25A3A55CAFDA8B9BC4265E163265E2FCB3268897339E2C93A04	8DCA5BCF6AD10DA0B10F80C216A748EA7ECEEEE5BC743749117A45A693623675	Main_Modules/WEAPONS_Blessings_Perks.lua:2239	Main_Modules/WEAPONS_Blessings_Perks.lua:2242	localization_table	no	yes	yes	yes	CHANGE	TERMINOLOGY;CONSISTENCY	ED3-WEAPONS-RECHECK-008	match	resolved
Main_Modules/WEAPONS_Blessings_Perks.lua	120	localization_table	loc_trait_bespoke_count_as_dodge_vs_ranged_on_weakspot_desc	EC9230A54919A2D35E3587A96245214284BD47C457A34D35F4CDCDE972226A7C	6667C2CE4D646BA981F7C80CF4C998CCA751EE2A0C1632F321DDCAEA069F7035	Main_Modules/WEAPONS_Blessings_Perks.lua:2256	Main_Modules/WEAPONS_Blessings_Perks.lua:2261	localization_table	no	yes	yes	yes	KEEP		ED3-WEAPONS-RECHECK-008	match	resolved
Main_Modules/WEAPONS_Blessings_Perks.lua	121	localization_table	loc_trait_bespoke_crit_chance_based_on_aim_time_desc	4C937BCDCFB4AF400C29143E2190679B4F965AF79A877487D7B101231E8CBA0A	2EDEEEE672EFF976F66DBAE9B7647835C72E8C319B9EF8E0A653FF9609CC3939	Main_Modules/WEAPONS_Blessings_Perks.lua:2277	Main_Modules/WEAPONS_Blessings_Perks.lua:2281	localization_table	no	yes	yes	yes	CHANGE	TERMINOLOGY;CONSISTENCY	ED3-WEAPONS-RECHECK-009	match	resolved
Main_Modules/WEAPONS_Blessings_Perks.lua	122	localization_table	loc_trait_bespoke_crit_chance_based_on_ammo_left_desc	7804F4A293BFA3A68779F892F58FEDBA50E26C6B26450A6E32897C0D2578FA26	041E0EE0B07037E4AEBD34EDE4B177C9010B7597C383737F328C067367B758D3	Main_Modules/WEAPONS_Blessings_Perks.lua:2298	Main_Modules/WEAPONS_Blessings_Perks.lua:2301	localization_table	no	yes	yes	yes	KEEP		ED3-WEAPONS-RECHECK-009	match	resolved
Main_Modules/WEAPONS_Blessings_Perks.lua	123	localization_table	loc_trait_bespoke_crit_weakspot_finesse_desc	D1E313680FECAEF4369EF3C912F2109BF3902CA01BF3589CE186B7C98FC94606	9986D77EBE876A7A78513C43C91CC427EDB0197A6E8B23FA8EA4F33EE9F21BDE	Main_Modules/WEAPONS_Blessings_Perks.lua:2315	Main_Modules/WEAPONS_Blessings_Perks.lua:2318	localization_table	no	yes	yes	yes	KEEP		ED3-WEAPONS-RECHECK-009	match	resolved
Main_Modules/WEAPONS_Blessings_Perks.lua	124	localization_table	loc_trait_bespoke_stagger_count_bonus_damage_desc	C157810FAA07B4B0601583764680116A9197E6642B28D539E42590A92CAF278A	837C299A2FAB7C22ACF50399EEEFDEA9ED56338EC1761839D793554AE8A036E9	Main_Modules/WEAPONS_Blessings_Perks.lua:2332	Main_Modules/WEAPONS_Blessings_Perks.lua:2335	localization_table	no	yes	yes	yes	CHANGE	TERMINOLOGY;CONSISTENCY	ED3-WEAPONS-RECHECK-009	match	resolved
Main_Modules/WEAPONS_Blessings_Perks.lua	125	localization_table	loc_trait_bespoke_power_bonus_on_first_shot_desc	426BCA8164F4B43813CC1CC5620986E488B4E3C72942DC88BAACA7D03B735B08	80EEBDEAD256ED28627772B2C51685571F2D14C289E9E848F10509B288FD9C05	Main_Modules/WEAPONS_Blessings_Perks.lua:2349	Main_Modules/WEAPONS_Blessings_Perks.lua:2354	localization_table	no	yes	yes	yes	KEEP		ED3-WEAPONS-RECHECK-009	match	resolved
Main_Modules/WEAPONS_Blessings_Perks.lua	126	localization_table	loc_trait_bespoke_weakspot_stacking_crit_chance_desc	AAFCEB1C8098ED11530A7DC36A8D9AFF94EAC98B161104B793DC51E407BF8E9C	63D6EDC85EF7E09DE1D3F31934B2A1C01D1A471DB6389D350A51B80BE9BC2D30	Main_Modules/WEAPONS_Blessings_Perks.lua:2369	Main_Modules/WEAPONS_Blessings_Perks.lua:2372	localization_table	no	yes	yes	yes	CHANGE	TERMINOLOGY;CONSISTENCY	ED3-WEAPONS-RECHECK-009	match	resolved
Main_Modules/WEAPONS_Blessings_Perks.lua	127	localization_table	loc_trait_bespoke_suppression_negation_on_weakspot_desc	E21BCA98CEBCFB97EB9D34BFB57B61EFBAA200B018D877BB0EE0E8BD768D26F8	A33D6CCE16D6DEF7EB73800EE60A914C78FA766181787922D9D1DAABD05A1A7C	Main_Modules/WEAPONS_Blessings_Perks.lua:2386	Main_Modules/WEAPONS_Blessings_Perks.lua:2391	localization_table	no	yes	yes	yes	KEEP		ED3-WEAPONS-RECHECK-009	match	resolved
Main_Modules/WEAPONS_Blessings_Perks.lua	128	localization_table	loc_trait_bespoke_power_bonus_on_continuous_fire_desc	33CA1312BDF68905EA61246591093775FCEA4FA3EDDCDE7C34E5B678D4944F62	9C5565803243D479DC3029721CDA85C7A7BE5537408DDBFC42B8D5224F99808D	Main_Modules/WEAPONS_Blessings_Perks.lua:2406	Main_Modules/WEAPONS_Blessings_Perks.lua:2411	localization_table	no	yes	yes	yes	CHANGE	TERMINOLOGY;CONSISTENCY	ED3-WEAPONS-RECHECK-009	match	resolved
Main_Modules/WEAPONS_Blessings_Perks.lua	129	localization_table	loc_trait_bespoke_recoil_reduction_and_suppression_increase_on_close_kills_desc	3BCD764376CB13A274A3240120E2DEFC4C1520006B4350A304E5E7092EC97D89	2448FDD979DC9D30B02120F00F5654C3044218D27FD046FC2DED5DCB9BB0F90B	Main_Modules/WEAPONS_Blessings_Perks.lua:2425	Main_Modules/WEAPONS_Blessings_Perks.lua:2430	localization_table	no	yes	yes	yes	KEEP		ED3-WEAPONS-RECHECK-009	match	resolved
Main_Modules/WEAPONS_Blessings_Perks.lua	130	localization_table	loc_trait_bespoke_stacking_crit_bonus_on_continuous_fire_desc	833861DFE305A527B804784AB9B76A87BE47BCE691F2165E10993F5073B53C47	D23EF67D0D7FF6C8235AC3327C12FE17824AE2C03B4E9D724B76E515767EEAAF	Main_Modules/WEAPONS_Blessings_Perks.lua:2445	Main_Modules/WEAPONS_Blessings_Perks.lua:2448	localization_table	no	yes	yes	yes	CHANGE	TERMINOLOGY;CONSISTENCY	ED3-WEAPONS-RECHECK-009	match	resolved
Main_Modules/WEAPONS_Blessings_Perks.lua	131	localization_table	loc_trait_bespoke_stacking_power_bonus_on_staggering_enemies_desc	B90408DEC45245406EDFBD64F03A8A8D176CEB55A701688536B543C2FFB7D710	E7E71686985340764E1F880224ACC77793B06F34E4B8392B1B870A6188412366	Main_Modules/WEAPONS_Blessings_Perks.lua:2462	Main_Modules/WEAPONS_Blessings_Perks.lua:2469	localization_table	no	yes	yes	yes	CHANGE	TERMINOLOGY;CONSISTENCY	ED3-WEAPONS-RECHECK-009	match	resolved
Main_Modules/WEAPONS_Blessings_Perks.lua	132	localization_table	loc_trait_bespoke_allow_hipfire_while_sprinting_and_bonus_stats_desc	6D99BFFF94C7E58BAFB1B8A7427AC6779F0DEE75419C25E7214477066A25D7C9	EC850B49B034984486790369B4B6B10CE9DDB19F1CD47BFBC205D366C7021EFF	Main_Modules/WEAPONS_Blessings_Perks.lua:2486	Main_Modules/WEAPONS_Blessings_Perks.lua:2490	localization_table	no	yes	yes	yes	KEEP		ED3-WEAPONS-RECHECK-009	match	resolved
Main_Modules/WEAPONS_Blessings_Perks.lua	133	localization_table	loc_trait_bespoke_bleed_on_ranged_desc	C293683F16653467E4DB96E92C6B86460AB066D8CC4081DA87C0CEFF6F4C7F49	915AA010B1BE5A374D53CDC4CD6CC0B97C9D109D78B3CE350D55DF2BD798801A	Main_Modules/WEAPONS_Blessings_Perks.lua:2504	Main_Modules/WEAPONS_Blessings_Perks.lua:2510	localization_table	no	yes	yes	yes	KEEP		ED3-WEAPONS-RECHECK-009	match	resolved
Main_Modules/WEAPONS_Blessings_Perks.lua	134	localization_table	loc_trait_bespoke_close_explosion_desc	9FD6040695FE60FFD5F1E0622830B51ABABDC3F6B7040F4B87A24FB08AD5EEEA	93F7FF934BA425C23220BAC344F9F9A53FD4A0EF08DD63D4AC5A6A64C00AA81E	Main_Modules/WEAPONS_Blessings_Perks.lua:2525	Main_Modules/WEAPONS_Blessings_Perks.lua:2530	localization_table	no	yes	yes	yes	CHANGE	TERMINOLOGY;ACCURACY	ED3-WEAPONS-RECHECK-009	match	resolved
Main_Modules/WEAPONS_Blessings_Perks.lua	135	localization_table	loc_trait_bespoke_crit_chance_bonus_on_melee_kills_desc	05C9D828DBD891EAC73F867BB0AF7E5784A90628C39D376345471D5CE64B5F87	C350A4BC2F7391B4B95988350C05EE63CE554946ED0100E08882DD75BA70CA0E	Main_Modules/WEAPONS_Blessings_Perks.lua:2546	Main_Modules/WEAPONS_Blessings_Perks.lua:2551	localization_table	no	yes	yes	yes	KEEP		ED3-WEAPONS-RECHECK-009	match	resolved
Main_Modules/WEAPONS_Blessings_Perks.lua	136	localization_table	loc_trait_bespoke_damage_vs_stagger_desc	90F84224F9996C017F8E77F540B8644144986D76A3F658B3260056F5AE0B5B78	AD50388A87022573527E1AFBBCA2EF150B658AC62561D6EB328D5A4ED46DDB2B	Main_Modules/WEAPONS_Blessings_Perks.lua:2566	Main_Modules/WEAPONS_Blessings_Perks.lua:2569	localization_table	no	yes	yes	yes	KEEP		ED3-WEAPONS-RECHECK-010	match	resolved
Main_Modules/WEAPONS_Blessings_Perks.lua	137	localization_table	loc_trait_bespoke_toughness_on_elite_kills_desc	08CBB5305AEAB575F98EE7B9F1AA1D045956B845E2F39E78454C5ACFC509F755	9D57A14FF2F418E9785EFA842B9A979195D2A4C7423FE118CC4A81D6A3784385	Main_Modules/WEAPONS_Blessings_Perks.lua:2586	Main_Modules/WEAPONS_Blessings_Perks.lua:2591	localization_table	no	yes	yes	yes	KEEP		ED3-WEAPONS-RECHECK-010	match	resolved
Main_Modules/WEAPONS_Blessings_Perks.lua	138	localization_table	loc_trait_bespoke_double_shot_on_primary_crit_and_crit_chance_desc	E638686CA199DA6D5575155DF9FB0C7DF908D9B4B8E247EFFB4D372EB956F7FD	19F9A29F070DE5D56A0CA9EC1A15D26EDB6B0F359D811863BA6A6495FCD84A43	Main_Modules/WEAPONS_Blessings_Perks.lua:2606	Main_Modules/WEAPONS_Blessings_Perks.lua:2613	localization_table	no	yes	yes	yes	CHANGE	TERMINOLOGY;CONSISTENCY	ED3-WEAPONS-RECHECK-010	match	resolved
Main_Modules/WEAPONS_Blessings_Perks.lua	139	localization_table	loc_trait_bespoke_double_shot_on_crit_and_crit_chance_desc	E638686CA199DA6D5575155DF9FB0C7DF908D9B4B8E247EFFB4D372EB956F7FD	19F9A29F070DE5D56A0CA9EC1A15D26EDB6B0F359D811863BA6A6495FCD84A43	Main_Modules/WEAPONS_Blessings_Perks.lua:2629	Main_Modules/WEAPONS_Blessings_Perks.lua:2636	localization_table	no	yes	yes	yes	CHANGE	TERMINOLOGY;CONSISTENCY	ED3-WEAPONS-RECHECK-010	match	resolved
Main_Modules/WEAPONS_Blessings_Perks.lua	140	localization_table	loc_trait_bespoke_faster_charge_on_chained_secondary_attacks_desc	25C9CBB3B036CFCFE36DDD9DFF1DB545B4E2D94CBAD66FEA90A65A95C2393100	281E537BEAD34F11F0CDD008078098C281ABABD59B9B654F457426F0FCD3B4AB	Main_Modules/WEAPONS_Blessings_Perks.lua:2652	Main_Modules/WEAPONS_Blessings_Perks.lua:2657	localization_table	no	yes	yes	yes	CHANGE	TERMINOLOGY;CONSISTENCY	ED3-WEAPONS-RECHECK-010	match	resolved
Main_Modules/WEAPONS_Blessings_Perks.lua	141	localization_table	loc_trait_bespoke_increased_crit_chance_scaled_on_peril_desc	807F1C4FC16B7A006D3EAF28A41DE8A85F84BA1690898755FF05ED7BAF7E11FF	0F936B25D5AEF35C372AA892E7E83C475479B7DC1378C2573D341CA43D775562	Main_Modules/WEAPONS_Blessings_Perks.lua:2672	Main_Modules/WEAPONS_Blessings_Perks.lua:2677	localization_table	no	yes	yes	yes	CHANGE	TERMINOLOGY;CONSISTENCY	ED3-WEAPONS-RECHECK-010	match	resolved
Main_Modules/WEAPONS_Blessings_Perks.lua	142	localization_table	loc_trait_bespoke_peril_vent_on_weakspot_hit_desc	508030BAB544065EF5DD1B990802744BC420FC36931FCDCA26BAD84F5549FB2D	093B727D5BE73A49CAAFADD065E43B9F2800F5E62170A0A6F9A792043CF7E59D	Main_Modules/WEAPONS_Blessings_Perks.lua:2693	Main_Modules/WEAPONS_Blessings_Perks.lua:2698	localization_table	no	yes	yes	yes	KEEP		ED3-WEAPONS-RECHECK-010	match	resolved
Main_Modules/WEAPONS_Blessings_Perks.lua	143	localization_table	loc_trait_bespoke_rend_armor_on_aoe_charge_desc	C737F98FB9EF86AD8E6AFCBD24713F2664940706618A290F0B71687A3CBDB655	77948F3C079FC7CF76D50A648081B0F3EA78D47B2DC8B62CF99B75C38EDD6F30	Main_Modules/WEAPONS_Blessings_Perks.lua:2713	Main_Modules/WEAPONS_Blessings_Perks.lua:2717	localization_table	no	yes	yes	yes	KEEP		ED3-WEAPONS-RECHECK-010	match	resolved
Main_Modules/WEAPONS_Blessings_Perks.lua	144	localization_table	loc_trait_bespoke_uninterruptable_while_charging_and_movement_desc	8B8FEF29C849B350751432A6DFDBB6BEA67BE03886453C03B5E0A3622677B6D2	B48B31CDBC8A14E37D8C8C09EA386A98EAE5B8FB167C3FF3A908D9318E797550	Main_Modules/WEAPONS_Blessings_Perks.lua:2732	Main_Modules/WEAPONS_Blessings_Perks.lua:2737	localization_table	no	yes	yes	yes	KEEP		ED3-WEAPONS-RECHECK-010	match	resolved
Main_Modules/WEAPONS_Blessings_Perks.lua	145	localization_table	loc_trait_bespoke_warpfire_burn_on_crit_desc	DC9D440615B36DBC0318D8D5045DBD48AE0740CFD1F9751FCBD5C1AD2C2E0F52	30B12AC3777CB1AB48DC5380EB3ABBDA4CB3E2BD971D25CBD35B7430D4096AAC	Main_Modules/WEAPONS_Blessings_Perks.lua:2753	Main_Modules/WEAPONS_Blessings_Perks.lua:2758	localization_table	no	yes	yes	yes	KEEP		ED3-WEAPONS-RECHECK-010	match	resolved
Main_Modules/WEAPONS_Blessings_Perks.lua	146	localization_table	loc_trait_bespoke_armor_rending_from_dot_burning_desc	25C9FC6947A4490F48CF8D89B2E611043090FB4E09EE7794A89FEC8DC8C7634C	143960B63E13F7EEB1C9ECA086DC85105144179BB74C3F2CE1B02D680CB12DF8	Main_Modules/WEAPONS_Blessings_Perks.lua:2773	Main_Modules/WEAPONS_Blessings_Perks.lua:2779	localization_table	no	yes	yes	yes	KEEP		ED3-WEAPONS-RECHECK-010	match	resolved
Main_Modules/WEAPONS_Blessings_Perks.lua	147	localization_table	loc_trait_bespoke_chance_to_explode_elites_on_kill_desc	3A5F6492D05340C40752D4E3AD14BED0A877DFD5EE94590B17E6DB2E932A7975	7E210E7704BD650F940708D0557FA18C71A7B6BD07D07ED22C865B17BED44692	Main_Modules/WEAPONS_Blessings_Perks.lua:2795	Main_Modules/WEAPONS_Blessings_Perks.lua:2798	localization_table	no	yes	yes	yes	KEEP		ED3-WEAPONS-RECHECK-010	match	resolved
Main_Modules/WEAPONS_Blessings_Perks.lua	148	localization_table	loc_trait_bespoke_burninating_on_crit_desc	D0A727B49D3640BF688E93E0C8C79798012E83E6FC8F9A04C1AFA479B80B11D0	A738156DDF76CC77BD3A676F12E7EF13B6CE3AE260A792D4524FDD11250E8E2C	Main_Modules/WEAPONS_Blessings_Perks.lua:2812	Main_Modules/WEAPONS_Blessings_Perks.lua:2817	localization_table	no	yes	yes	yes	KEEP		ED3-WEAPONS-RECHECK-010	match	resolved
Main_Modules/WEAPONS_Blessings_Perks.lua	149	localization_table	loc_trait_bespoke_first_shot_ammo_cost_reduction_desc	A64E47AB04ABAB9A33B4B82A2E59ECE8B4FC5503B68F7651DA25F09A272BE15E	2005575DF815B1F6A0E95AA2AC08CD25CE2A2C430079630DA777A57E5B75E52C	Main_Modules/WEAPONS_Blessings_Perks.lua:2832	Main_Modules/WEAPONS_Blessings_Perks.lua:2837	localization_table	no	yes	yes	yes	KEEP		ED3-WEAPONS-RECHECK-010	match	resolved
Main_Modules/WEAPONS_Blessings_Perks.lua	150	localization_table	loc_trait_bespoke_crit_chance_on_chained_weakspot_hits_desc	487230BCEBECAF7C72451B0022CBCEA253E64869191FD0C22E63FCEA3061141C	2ADA21272F77B0128DBD2082CAEDD05FCA2593D9B3381BA6112AFB44D0DA3999	Main_Modules/WEAPONS_Blessings_Perks.lua:2852	Main_Modules/WEAPONS_Blessings_Perks.lua:2857	localization_table	no	yes	yes	yes	KEEP		ED3-WEAPONS-RECHECK-010	match	resolved
Main_Modules/WEAPONS_Blessings_Perks.lua	151	localization_table	loc_trait_bespoke_crit_chance_on_successful_dodge_desc	6D7B76CBCF530BBE90274281354D41057E877578C6121E155A997E8DE173F446	448ADF7C33216C8E05313152AB812DDB16AAB4181DBED59C249C8657A6FC8921	Main_Modules/WEAPONS_Blessings_Perks.lua:2872	Main_Modules/WEAPONS_Blessings_Perks.lua:2878	localization_table	no	yes	yes	yes	KEEP		ED3-WEAPONS-RECHECK-011	match	resolved
Main_Modules/WEAPONS_Blessings_Perks.lua	152	localization_table	loc_trait_bespoke_toughness_on_crit_kills_desc	2E2AECBAADEAE4C77809A64ED8F4F529ECED247043EC538E60E3F5633C75B5AC	BD1B45BF466DC0ECC51837A862035003766F4C9D25E857E50FC9150DDA6D0C11	Main_Modules/WEAPONS_Blessings_Perks.lua:2893	Main_Modules/WEAPONS_Blessings_Perks.lua:2898	localization_table	no	yes	yes	yes	KEEP		ED3-WEAPONS-RECHECK-011	match	resolved
Main_Modules/WEAPONS_Blessings_Perks.lua	153	localization_table	loc_trait_bespoke_bleed_on_crit_ranged_desc	19DEC80949ABFA5EDAA4B11ACC25F604CECE14F2C245AE8C0A5E4B7D0AB62063	3B083202BB132D0766608170E6FCDB2C2D7878452DCCF87B98F52D941D165A78	Main_Modules/WEAPONS_Blessings_Perks.lua:2913	Main_Modules/WEAPONS_Blessings_Perks.lua:2918	localization_table	no	yes	yes	yes	KEEP		ED3-WEAPONS-RECHECK-011	match	resolved
Main_Modules/WEAPONS_Blessings_Perks.lua	154	localization_table	loc_trait_bespoke_cleave_on_crit_and_stagger_desc	BC6B00DA313E84CB4C03E7E4E468754CEECA5FC84C7E676D4139D226F7956AB3	052DF5214000F7323130FB3806831B88E0DB63B0EC23F1FC51195B43031A6C1D	Main_Modules/WEAPONS_Blessings_Perks.lua:2933	Main_Modules/WEAPONS_Blessings_Perks.lua:2938	localization_table	no	yes	yes	yes	KEEP		ED3-WEAPONS-RECHECK-011	match	resolved
Main_Modules/WEAPONS_Blessings_Perks.lua	155	localization_table	loc_trait_bespoke_crit_chance_on_hitting_multiple_with_one_shot_desc	085F81C0DA792AC8C2DCB870806F2B97BC34B83371F4434DE29CF4C1B2923497	D54DC0AC3C7EBCB65E9CD21F1E1D574E8E43B7D747391A52648F42C2F237A239	Main_Modules/WEAPONS_Blessings_Perks.lua:2954	Main_Modules/WEAPONS_Blessings_Perks.lua:2959	localization_table	no	yes	yes	yes	CHANGE	TERMINOLOGY;CONSISTENCY	ED3-WEAPONS-RECHECK-011	match	resolved
Main_Modules/WEAPONS_Blessings_Perks.lua	156	localization_table	loc_trait_bespoke_power_bonus_on_hitting_single_enemy_with_all_desc	5ED41FDA0C38518E0E19A35E8EC1E912E90732464D142DCB8A7E3E59369501CB	DE190D78E97753F35422861F89A5D587E44D73200925E316DC36E26755CAE396	Main_Modules/WEAPONS_Blessings_Perks.lua:2975	Main_Modules/WEAPONS_Blessings_Perks.lua:2979	localization_table	no	yes	yes	yes	KEEP		ED3-WEAPONS-RECHECK-011	match	resolved
Main_Modules/WEAPONS_Blessings_Perks.lua	157	localization_table	loc_trait_bespoke_reload_speed_on_ranged_weapon_special_kill_desc	BC7965691F79026A6AD57B483B4F80AC6E3AE20221F1AE9293B9EBC52A84982F	C86DB401E962B5E34C0D82061B5A2569E7B05EC7D2837E49C2AEC997650D78C3	Main_Modules/WEAPONS_Blessings_Perks.lua:2993	Main_Modules/WEAPONS_Blessings_Perks.lua:2996	localization_table	no	yes	yes	yes	KEEP		ED3-WEAPONS-RECHECK-011	match	resolved
Main_Modules/WEAPONS_Blessings_Perks.lua	158	localization_table	loc_trait_bespoke_power_bonus_on_chained_weakspot_hits_desc	59EECF055035FBF1C824F42DF104A6AF52C0606C419EEF9A5304A4A86A8EDB75	6CAD86E6B68CE77D087556C5483D8F91B60438CAA9B45D3F3C5065A1935CB4C4	Main_Modules/WEAPONS_Blessings_Perks.lua:3010	Main_Modules/WEAPONS_Blessings_Perks.lua:3016	localization_table	no	yes	yes	yes	CHANGE	TERMINOLOGY;CONSISTENCY	ED3-WEAPONS-RECHECK-011	match	resolved
Main_Modules/WEAPONS_Blessings_Perks.lua	159	localization_table	loc_trait_bespoke_rending_on_crit_desc	C1E1FB3D4A079AFAA0D5DF478B9D6C51F68EFB826FEE0ECF684EC68E8BC06B2A	81651922D1C400374FF685032A41787A1E0ED9E7E7B39D20819F0B808C528AF2	Main_Modules/WEAPONS_Blessings_Perks.lua:3032	Main_Modules/WEAPONS_Blessings_Perks.lua:3037	localization_table	no	yes	yes	yes	KEEP		ED3-WEAPONS-RECHECK-011	match	resolved
Main_Modules/WEAPONS_Blessings_Perks.lua	160	localization_table	loc_trait_bespoke_armor_rend_on_projectile_hit_desc	3D3F7B4EE53900CF411AA92552623A5ECFDA8BA1CA7E78A660068671BAB86B12	E94E3A6935EB1C4B170EF5D67E3D0F31058DC7977AE031E5335A66CA63690C6A	Main_Modules/WEAPONS_Blessings_Perks.lua:3051	Main_Modules/WEAPONS_Blessings_Perks.lua:3056	localization_table	no	yes	yes	yes	KEEP		ED3-WEAPONS-RECHECK-011	match	resolved
Main_Modules/WEAPONS_Blessings_Perks.lua	161	localization_table	loc_trait_bespoke_ammo_spent_from_reserve_on_crit_desc	090FDC1696A096860F8F3C635FB488B1D89824D20150910CC3913F2668281356	B9F336CFFD4C41075E073E2C1EAA91DA0056E40C185A1361E1D780A46DA89764	Main_Modules/WEAPONS_Blessings_Perks.lua:3072	Main_Modules/WEAPONS_Blessings_Perks.lua:3075	localization_table	yes	yes	yes	yes	KEEP		ED3-WEAPONS-RECHECK-011	match	resolved
Main_Modules/WEAPONS_Blessings_Perks.lua	162	localization_table	loc_trait_bespoke_faster_reload_on_empty_clip_desc	5DB6F1797EE249AE39B8D897A01D81CD526351F92BD9479C21B853BC158AF082	CECCD406B77A4BF8FCD7C7F8ACECD91298085A265FED1040D2567E7BD9D0F518	Main_Modules/WEAPONS_Blessings_Perks.lua:3089	Main_Modules/WEAPONS_Blessings_Perks.lua:3092	localization_table	no	yes	yes	yes	KEEP		ED3-WEAPONS-RECHECK-011	match	resolved
Main_Modules/WEAPONS_Blessings_Perks.lua	163	localization_table	loc_trait_bespoke_ignore_stagger_reduction_with_primary_on_burning_desc	F9B0AAE810C1866D1F882D57E74BA3376B82FE191A8C1D7CC60A90AE6F7D45BF	F623B47683EFA506102B8BC8FC2912FAD93A4563721078981B2B5C3E1B869036	Main_Modules/WEAPONS_Blessings_Perks.lua:3106	Main_Modules/WEAPONS_Blessings_Perks.lua:3111	localization_table	no	yes	yes	yes	KEEP		ED3-WEAPONS-RECHECK-011	match	resolved
Main_Modules/WEAPONS_Blessings_Perks.lua	164	localization_table	loc_trait_bespoke_power_scales_with_clip_percentage_desc	5FAFFE2D9CB96260431BBDC8065684D7BE3B8CA566954061DCE5A610BC7534E7	1789BA886E33D0FACC126896608E1FABDB8189C49610C8FE6D39EFD04AC516C4	Main_Modules/WEAPONS_Blessings_Perks.lua:3125	Main_Modules/WEAPONS_Blessings_Perks.lua:3131	localization_table	no	yes	yes	yes	CHANGE	TERMINOLOGY;CONSISTENCY	ED3-WEAPONS-RECHECK-011	match	resolved
Main_Modules/WEAPONS_Blessings_Perks.lua	165	localization_table	loc_trait_bespoke_cleave_on_weakspot_hits_desc	36CB5E584DFA8C5AD730F64518E9F2E59C0EF08A2027EB2580EF3B47D36BABBC	8772810A1908B466432220FA10423A7F7D067561667FA5947B59FFB1C91A709B	Main_Modules/WEAPONS_Blessings_Perks.lua:3147	Main_Modules/WEAPONS_Blessings_Perks.lua:3150	localization_table	no	yes	yes	yes	KEEP		ED3-WEAPONS-RECHECK-011	match	resolved
Main_Modules/WEAPONS_Blessings_Perks.lua	166	localization_table	loc_trait_bespoke_faster_charge_on_chained_attacks_desc	1C77B1BB213CC471018919DBA7BEA1AB651DEFCF2346F387434A4343FF6461F7	146F925263079749F407D9C9385C8DEAC7A00EF559DB0218A6291C472B12D967	Main_Modules/WEAPONS_Blessings_Perks.lua:3164	Main_Modules/WEAPONS_Blessings_Perks.lua:3169	localization_table	no	yes	yes	yes	CHANGE	TERMINOLOGY;CONSISTENCY	ED3-WEAPONS-RECHECK-012	match	resolved
Main_Modules/WEAPONS_Blessings_Perks.lua	167	localization_table	loc_trait_bespoke_rend_armor_on_charged_shots_desc	0ABD48C03386B2E76DFEC0DB771D2CDE14DB4DAA4DC2F7C447E7AAD5E550DAD1	8813CF696045BCBA020E34B95D34D8D52430CC932338E9C0A2826681F5C4B5DF	Main_Modules/WEAPONS_Blessings_Perks.lua:3184	Main_Modules/WEAPONS_Blessings_Perks.lua:3190	localization_table	no	yes	yes	yes	KEEP		ED3-WEAPONS-RECHECK-012	match	resolved
Main_Modules/WEAPONS_Blessings_Perks.lua	168	localization_table	loc_trait_bespoke_increased_crit_chance_bonus_based_on_charge_time_desc	0033E1D4D98E68F49EE1A6B771BD8839074CE7446F950E952D6DA4E535559A1C	F9FEADEB5C3833E20FA295BDBC0407C5C4724931CC0E29DCC28AF5C023749973	Main_Modules/WEAPONS_Blessings_Perks.lua:3207	Main_Modules/WEAPONS_Blessings_Perks.lua:3212	localization_table	no	yes	yes	yes	CHANGE	TERMINOLOGY;CONSISTENCY	ED3-WEAPONS-RECHECK-012	match	resolved
Main_Modules/WEAPONS_Blessings_Perks.lua	169	localization_table	loc_trait_bespoke_crit_chance_scaled_on_heat_desc	FACBC97B2F153FF12B0B7238E24082730C4D24189522AB9B4326B6C811EBAC53	6A60416CA570D2FE3CDEF664ADB08EF1024F00BC70BA3D16D9AA815A21806BC6	Main_Modules/WEAPONS_Blessings_Perks.lua:3228	Main_Modules/WEAPONS_Blessings_Perks.lua:3239	localization_table	no	yes	yes	yes	CHANGE	TERMINOLOGY;CONSISTENCY	ED3-WEAPONS-RECHECK-012	match	resolved
Main_Modules/WEAPONS_Blessings_Perks.lua	170	localization_table	loc_trait_bespoke_lower_overheat_gives_faster_charge_desc	4986E6CEE1F363A7B81F2B6B34515DF4F413FEB7D175EFB271910B5073D63887	81356A95C559ED9FBE58553F6A5F219E1E9731AB591D6FB9314339DE2AA6DFFC	Main_Modules/WEAPONS_Blessings_Perks.lua:3257	Main_Modules/WEAPONS_Blessings_Perks.lua:3260	localization_table	no	yes	yes	yes	CHANGE	TERMINOLOGY;CONSISTENCY	ED3-WEAPONS-RECHECK-012	match	resolved
Main_Modules/WEAPONS_Blessings_Perks.lua	171	localization_table	loc_trait_bespoke_power_bonus_on_continuous_fire_alternative_desc	60FAFC9B0F97C042EF6B91EAF2008CE1D9CEAA7D604A8E7773FF83ADC6A5E230	5D6A2936B652EA677C7130CD5E2A3A8F87E6AB4859D53754C97BE531035C3B21	Main_Modules/WEAPONS_Blessings_Perks.lua:3275	Main_Modules/WEAPONS_Blessings_Perks.lua:3280	localization_table	no	yes	yes	yes	KEEP		ED3-WEAPONS-RECHECK-012	match	resolved
Main_Modules/WEAPONS_Blessings_Perks.lua	172	localization_table	loc_trait_bespoke_power_bonus_scaled_on_heat_desc	4A0EC28DF27ADBF1F3CBC8C302E1F0F742575F16E89EC60A8755E1808E905FB5	9A409EE22FA2D9340B9B0FD0D3BCC6BE795F2FF05A8B49442243F981234069C4	Main_Modules/WEAPONS_Blessings_Perks.lua:3294	Main_Modules/WEAPONS_Blessings_Perks.lua:3299	localization_table	no	yes	yes	yes	KEEP		ED3-WEAPONS-RECHECK-012	match	resolved
Main_Modules/WEAPONS_Blessings_Perks.lua	173	localization_table	loc_trait_bespoke_reduced_heat_on_continuous_desc	70318FC95C348C362A8C2149D9027F4A531FC771880773C3BEEF970E7CE03D82	2BA979FE00EEC5D61A35EF2F5D3F7C3E6341DA0EBB2F7964CE41696C45BA1949	Main_Modules/WEAPONS_Blessings_Perks.lua:3313	Main_Modules/WEAPONS_Blessings_Perks.lua:3318	localization_table	no	yes	yes	yes	CHANGE	TERMINOLOGY;CONSISTENCY;GRAMMAR	ED3-WEAPONS-RECHECK-012	match	resolved
Main_Modules/WEAPONS_Blessings_Perks.lua	174	localization_table	loc_trait_bespoke_reduced_overheat_on_crits_desc	EB23E43899ABE0C027C93F713BA32927C2999366DCD3708D8AB0BD79174675EE	DB14DB82E6EA1E4BB1210787F293F3B014D1AC7729E5E749F034C5B000F0D5AC	Main_Modules/WEAPONS_Blessings_Perks.lua:3334	Main_Modules/WEAPONS_Blessings_Perks.lua:3337	localization_table	no	yes	yes	yes	KEEP		ED3-WEAPONS-RECHECK-012	match	resolved
Main_Modules/WEAPONS_Blessings_Perks.lua	175	localization_table	loc_trait_bespoke_power_bonus_on_chained_melee_desc	D3C41875B743C6579AC6F6DB0563DC0E7F3AFA91234A573DD76124A36E50DB05	362E799C2BF5B9DD8B4DD37324782AF3BB368B4EC3B015AFF534EECCBE19A444	Main_Modules/WEAPONS_Blessings_Perks.lua:3351	Main_Modules/WEAPONS_Blessings_Perks.lua:3358	localization_table	no	yes	yes	yes	CHANGE	TERMINOLOGY;CONSISTENCY	ED3-WEAPONS-RECHECK-012	match	resolved
Main_Modules/WEAPONS_Blessings_Perks.lua	176	localization_table	loc_trait_bespoke_crit_chance_on_melee_kill_desc	DF0E8C9DD8C0701F73425A22997D291DF154C14A30299C167B845F4820467EC4	65BFE80D75EBCF00202D653B5D8127F4EC6536E1A647CF60CAC53E5B5A31EE7E	Main_Modules/WEAPONS_Blessings_Perks.lua:3374	Main_Modules/WEAPONS_Blessings_Perks.lua:3377	localization_table	no	yes	yes	yes	KEEP		ED3-WEAPONS-RECHECK-012	match	resolved
Main_Modules/WEAPONS_Blessings_Perks.lua	177	localization_table	loc_trait_bespoke_melee_power_bonus_after_explosion_desc	F4AA1A22EA2A2CDFDCCAA27B4239136820A446FE2FE1A4D37C9DA607B69642F4	EA639F81F1AF7103F73C549D1DF75BF57503196D7D9AEAB0D80EC8473773AB00	Main_Modules/WEAPONS_Blessings_Perks.lua:3391	Main_Modules/WEAPONS_Blessings_Perks.lua:3396	localization_table	no	yes	yes	yes	KEEP		ED3-WEAPONS-RECHECK-012	match	resolved
Main_Modules/WEAPONS_Blessings_Perks.lua	178	localization_table	loc_trait_bespoke_power_bonus_after_weapon_special_multiple_desc	9CD374CD3DED60CBB85422DAE09B5B2FA68EA7D627A0B9A7012A64EF8285FA2D	BF118FE18FAF7BCC61F6BCBD0615572E81CA6C961E7DD782817A2C207D3E5D23	Main_Modules/WEAPONS_Blessings_Perks.lua:3411	Main_Modules/WEAPONS_Blessings_Perks.lua:3416	localization_table	no	yes	yes	yes	KEEP		ED3-WEAPONS-RECHECK-012	match	resolved
Main_Modules/WEAPONS_Blessings_Perks.lua	179	localization_table	loc_trait_bespoke_power_bonus_based_on_charge_time_ranged_desc	364A731FB772A5E097BEDC07343007144AA96CCFF4C0F87E9B5A10EA12225445	FC9998078FA58BF286920E1F89061A5441B0F986180B26644FAC8A547A7E4CBF	Main_Modules/WEAPONS_Blessings_Perks.lua:3431	Main_Modules/WEAPONS_Blessings_Perks.lua:3435	localization_table	no	yes	yes	yes	CHANGE	TERMINOLOGY;CONSISTENCY	ED3-WEAPONS-RECHECK-012	match	resolved
Main_Modules/WEAPONS_Blessings_Perks.lua	180	localization_table	loc_trait_bespoke_ammo_refill_from_reserve_on_crit_desc	EE2442F6C695F22230621046C4B42E396BF881542BDE99BE51882C7B4312C1FF	CE10EE6DC4ADC110510C3D65309DEA716D3D7CF976439E36E6C7C4D217E7F499	Main_Modules/WEAPONS_Blessings_Perks.lua:3450	Main_Modules/WEAPONS_Blessings_Perks.lua:3455	localization_table	no	yes	yes	yes	KEEP		ED3-WEAPONS-RECHECK-012	match	resolved
Main_Modules/WEAPONS_Blessings_Perks.lua	181	localization_table	loc_trait_bespoke_power_bonus_on_chained_hits_on_single_target_desc	197FE20BB58451E68E985103B8DDEB71F7CB3DDE83BAAD4385E6C2A25C999B2A	6E112ACB9E2B3B67F567BD36EA965E91522945F190A439414EFAE86CE429935D	Main_Modules/WEAPONS_Blessings_Perks.lua:3470	Main_Modules/WEAPONS_Blessings_Perks.lua:3475	localization_table	no	yes	yes	yes	CHANGE	TERMINOLOGY;CONSISTENCY	ED3-WEAPONS-RECHECK-013	match	resolved
Main_Modules/WEAPONS_Blessings_Perks.lua	182	localization_table	loc_trait_bespoke_armor_rending_bayonette_desc	D423F3A3AC18ECC259D513AE333188A7F9EF444FAE05FD4ABAA0EA63536B6024	96CD99AA2595137DE7A228F4EC375826FE01DCBEBC5BDA0998B4685CA1223519	Main_Modules/WEAPONS_Blessings_Perks.lua:3490	Main_Modules/WEAPONS_Blessings_Perks.lua:3495	localization_table	no	yes	yes	yes	KEEP		ED3-WEAPONS-RECHECK-013	match	resolved
Main_Modules/WEAPONS_Blessings_Perks.lua	183	localization_table	loc_trait_bespoke_toughness_on_close_range_kills_desc	7B73208F1F0FC3350AFAFBB444D90D437B8AEB30A954C241B99D9D6A2CE857FB	1A4CAD5B4A197C51F89DDCC91CFC6F313B8B0ADDAE65992431A133E5E36C9A2F	Main_Modules/WEAPONS_Blessings_Perks.lua:3510	Main_Modules/WEAPONS_Blessings_Perks.lua:3515	localization_table	no	yes	yes	yes	KEEP		ED3-WEAPONS-RECHECK-013	match	resolved
Main_Modules/WEAPONS_Blessings_Perks.lua	184	localization_table	loc_trait_bespoke_pass_trough_armor_on_weapon_special_and_stagger_desc	E87A008A02D47EEEBFEFBFA999B776A12ED5068EF82A889E5802DA67B9E2E6D5	6C59F315703A31A32380615EF792E72B71721A83B1409C2387851C7F39820866	Main_Modules/WEAPONS_Blessings_Perks.lua:3530	Main_Modules/WEAPONS_Blessings_Perks.lua:3535	localization_table	no	yes	yes	yes	KEEP		ED3-WEAPONS-RECHECK-013	match	resolved
Main_Modules/WEAPONS_Blessings_Perks.lua	185	localization_table	loc_trait_bespoke_shot_power_bonus_after_weapon_special_cleave_desc	51C7737579896AE22B015FE166E58661BC993506695937144316676719204B63	EEE3B3AA74764B913ECC96ECDD1B91FD21D449671964F919DD8DFF27C54ED141	Main_Modules/WEAPONS_Blessings_Perks.lua:3550	Main_Modules/WEAPONS_Blessings_Perks.lua:3555	localization_table	no	yes	yes	yes	KEEP		ED3-WEAPONS-RECHECK-013	match	resolved
Main_Modules/WEAPONS_Blessings_Perks.lua	186	localization_table	loc_trait_bespoke_toughness_on_continuous_fire_alternative_desc	F4C53D19E7D1F7CD5A24B6C8489F1F176F87E311FA72B7407B460091DEB30055	EAFDEF5D410B705AE6B72F5E71F0E1F9E25A3A86A836E806FFB336F991926A2E	Main_Modules/WEAPONS_Blessings_Perks.lua:3570	Main_Modules/WEAPONS_Blessings_Perks.lua:3573	localization_table	no	yes	yes	yes	CHANGE	TERMINOLOGY;CONSISTENCY	ED3-WEAPONS-RECHECK-013	match	resolved
Main_Modules/WEAPONS_Blessings_Perks.lua	187	localization_table	loc_trait_bespoke_weapon_special_power_bonus_after_one_shots_desc	B189B68C0E42DE9AF97A6B321794E1DFFB49A1C860DE9B731C1C2154A96B0BD0	4882A644DC0885092F7588BEC6B8159BBCB0822226C45AE56767045B97C0C3C2	Main_Modules/WEAPONS_Blessings_Perks.lua:3587	Main_Modules/WEAPONS_Blessings_Perks.lua:3592	localization_table	no	yes	yes	yes	KEEP		ED3-WEAPONS-RECHECK-013	match	resolved
Main_Modules/WEAPONS_Blessings_Perks.lua	188	localization_table	loc_trait_bespoke_close_explosion_applies_bleed_desc	83C96719256455E1E11A0D4CD0C00460302E68FFF295923CE9BBE97B659DC1E3	FD65CDF59345665C48607FD2F23F4030D09B900BD4C148BB4104D9A704735C91	Main_Modules/WEAPONS_Blessings_Perks.lua:3607	Main_Modules/WEAPONS_Blessings_Perks.lua:3612	localization_table	no	yes	yes	yes	KEEP		ED3-WEAPONS-RECHECK-013	match	resolved
Main_Modules/WEAPONS_Blessings_Perks.lua	189	localization_table	loc_trait_bespoke_explosion_radius_bonus_on_continuous_fire_desc	44C11A050E4A5F900AFF1B912B2FD3BB3491B51B0D1370E733CE4343C0BAB1B6	4B3B1C31D717C48EC95B8D7447BF41D345E072FE3D32667308227D49546F2F56	Main_Modules/WEAPONS_Blessings_Perks.lua:3627	Main_Modules/WEAPONS_Blessings_Perks.lua:3630	localization_table	no	yes	yes	yes	CHANGE	TERMINOLOGY;CONSISTENCY	ED3-WEAPONS-RECHECK-013	match	resolved
Main_Modules/WEAPONS_Blessings_Perks.lua	190	localization_table	loc_trait_bespoke_grenades_stick_to_monsters_and_damage_desc	3420C1EE03C1BDDB5B22D950D923B8ACCF87FA35DF07D493B25BF3781FC89B1B	03FCB954CF60EAC565E69224C65E803410837B423FA8A2F14B7044C71D050838	Main_Modules/WEAPONS_Blessings_Perks.lua:3644	Main_Modules/WEAPONS_Blessings_Perks.lua:3647	localization_table	no	yes	yes	yes	KEEP		ED3-WEAPONS-RECHECK-013	match	resolved
Main_Modules/WEAPONS_Blessings_Perks.lua	191	localization_table	loc_trait_bespoke_weakspot_projectile_hit_increases_reload_speed_desc	3AC576ED4AF214EEB67C2DC34EBE658A80A04E76B30EF12849AA384182ECB7FE	C350928881416E2CD58BB4C37807351754A978E2288ECCDA6A284CA16CDF3C57	Main_Modules/WEAPONS_Blessings_Perks.lua:3661	Main_Modules/WEAPONS_Blessings_Perks.lua:3666	localization_table	no	yes	yes	yes	KEEP		ED3-WEAPONS-RECHECK-013	match	resolved
Main_Modules/WEAPONS_Blessings_Perks.lua	192	localization_table	loc_trait_bespoke_arc_has_killing_blow_chance_desc	C585FEDABA188E580AF837E80172B8E9E81C93334494D4E7D720B0349256C292	5FDE83F41E17752DF88EB38D6917A1510C8CCE71951ABB8C2A1E6A91A37811F0	Main_Modules/WEAPONS_Blessings_Perks.lua:3681	Main_Modules/WEAPONS_Blessings_Perks.lua:3684	localization_table	no	yes	yes	yes	CHANGE	TERMINOLOGY;CONSISTENCY	ED3-WEAPONS-RECHECK-013	match	resolved
Main_Modules/WEAPONS_Blessings_Perks.lua	193	localization_table	loc_trait_bespoke_enhanced_arc_jumps_angle_desc	6E717DA58C678E2B77A775B6AB15BB680125909D5E2264CA492CB6F7949948C1	65B817D4C935E997C5E6D3655C3313AA9E060EDBFD51B1F1A9C062A874A20729	Main_Modules/WEAPONS_Blessings_Perks.lua:3698	Main_Modules/WEAPONS_Blessings_Perks.lua:3701	localization_table	no	yes	yes	yes	KEEP		ED3-WEAPONS-RECHECK-013	match	resolved
Main_Modules/WEAPONS_Blessings_Perks.lua	194	localization_table	loc_trait_bespoke_staggering_hits_has_chance_to_stun_elites_specials_desc	1AE5CDA6E691A1AF7470D119D64536DDE3B881F841A40675E52DCBC1366BC1DA	7AE4F09805C025F2508445126740F1F13DEF7538D3DC67B70119C2B6E0E8509F	Main_Modules/WEAPONS_Blessings_Perks.lua:3715	Main_Modules/WEAPONS_Blessings_Perks.lua:3718	localization_table	no	yes	yes	yes	KEEP		ED3-WEAPONS-RECHECK-013	match	resolved
Main_Modules/WEAPONS_Blessings_Perks.lua	195	localization_table	loc_trait_bespoke_elite_kills_grants_stackable_melee_power_desc	70270D37FF97866B1D020E7151F5A3BE648B3EB5B52D1E9267607C61263913BC	2D80CE28C1E9DE1D2EAF27A10C7B49DFC9E1D262A619838065F8033E85FA0ED4	Main_Modules/WEAPONS_Blessings_Perks.lua:3732	Main_Modules/WEAPONS_Blessings_Perks.lua:3735	localization_table	no	yes	yes	yes	KEEP		ED3-WEAPONS-RECHECK-013	match	resolved
Main_Modules/WEAPONS_Blessings_Perks.lua	196	localization_table	loc_trait_bespoke_refund_charge_on_weapon_special_weakspot_kill_desc	A16E5EBB3F2A60E458BCE9D0CAF13EB238D302F1211556E51009772435FCBA02	44134CDDEF3F24F9D32C10764A48125903AD57FDA425CC2FAAD3B28BFE2F2A5B	Main_Modules/WEAPONS_Blessings_Perks.lua:3749	Main_Modules/WEAPONS_Blessings_Perks.lua:3752	localization_table	no	yes	yes	yes	KEEP		ED3-WEAPONS-RECHECK-014	match	resolved
Main_Modules/WEAPONS_Blessings_Perks.lua	197	localization_table	loc_trait_bespoke_increased_melee_power_on_weapon_special_follow_up_hits_desc	958E8D57AA2C9DBF60CB86957699F5A04DD9B0052E8CE662A3ABDD39E8E72C63	9B9CE8558D9E21CF63DC721A41F5276253307587855130C57DE50DA52A63EA9D	Main_Modules/WEAPONS_Blessings_Perks.lua:3766	Main_Modules/WEAPONS_Blessings_Perks.lua:3769	localization_table	no	yes	yes	yes	KEEP		ED3-WEAPONS-RECHECK-014	match	resolved
Main_Modules/PENANCES.lua	1	localization_table	loc_item_type_gear_lowerbody	1B34FCBC35256FB060511E004E5E0B506F5F2EEFE854724CEB65DE7F5842B8F2	937A209309AB4A36C4B519F54DCACB8232309E89B3C14543BA346BE7DD9852E4	Main_Modules/PENANCES.lua:39 (official localization fallback table)	Main_Modules/PENANCES.lua:41	localization_table	no	no	no	yes	KEEP		ED3-PENANCES-RECHECK-001	source_missing	none
Main_Modules/PENANCES.lua	2	localization_table	loc_private_tag_name	4FE5B1AD0A867C485D8962F857046B75ABCA22BA9E0B8D5566C76CF07D7C8237	A91A3E1CFBA12277DF65FFECCF46809CA5A1199B1E98F1D33951155CF0A1599E	Main_Modules/PENANCES.lua:45 (official localization fallback table)	Main_Modules/PENANCES.lua:46	localization_table	no	no	no	yes	KEEP		ED3-PENANCES-RECHECK-001	source_missing	none
Main_Modules/PENANCES.lua	3	localization_table	loc_private_tag_description	0FA3EA45C1E8E3B95AA7359B50B353CDB65F7A0235C62D2454B164DF616A1B2E	F6496F4BB0AC97240F79EB0F63EA3DE669BC4100D550245B467302C7AA458B70	Main_Modules/PENANCES.lua:49 (official localization fallback table)	Main_Modules/PENANCES.lua:51	localization_table	no	yes	no	yes	BLOCKED	SOURCE_MISSING	ED3-PENANCES-RECHECK-001	source_missing	none
Main_Modules/PENANCES.lua	4	localization_table	loc_mission_type_01_name	F49F84A263458B58090EE8F5A9309B8F1C68C2C10AB773F953BCA7557331D7CA	D683EE8988F629E85FD05416F954DF033D954C43523CF2B2E917A9AAC58C5AB7	Main_Modules/PENANCES.lua:57 (official localization fallback table)	Main_Modules/PENANCES.lua:60	localization_table	no	no	no	yes	KEEP		ED3-PENANCES-RECHECK-001	source_missing	none
Main_Modules/PENANCES.lua	5	localization_table	loc_mission_type_02_name	C881B56305AD7F162C7DEE8CB0A6F7CE75A0E05FE463E1439D61697D36DB981B	03FFF632035160AEC75DD9025FB8B5DF3BE30AE9E299CAFBED254F7AF7CF3EA0	Main_Modules/PENANCES.lua:62 (official localization fallback table)	Main_Modules/PENANCES.lua:64	localization_table	no	no	no	yes	KEEP		ED3-PENANCES-RECHECK-001	source_missing	none
Main_Modules/PENANCES.lua	6	localization_table	loc_mission_type_04_name	431E1D2486277CE875F25807135DD2A8F6479A83185244EE188801F96A2D09C7	923BF66D6D21878757AD253D3B9893D36703E7403EBCEAF5641A5B530AABE811	Main_Modules/PENANCES.lua:69 (official localization fallback table)	Main_Modules/PENANCES.lua:71	localization_table	no	no	no	yes	KEEP		ED3-PENANCES-RECHECK-001	source_missing	none
Main_Modules/PENANCES.lua	7	localization_table	loc_mission_type_06_name	32BCE95229AD04010A72D08F238B6FBBC314B98C3A24FD860E3DB330CBB5F9A9	D6D3FEEA12A74C7B9B484CF5137DA141C0E2133D6F26A6CFE2D991579DEB5E7B	Main_Modules/PENANCES.lua:76 (official localization fallback table)	Main_Modules/PENANCES.lua:78	localization_table	no	no	no	yes	KEEP		ED3-PENANCES-RECHECK-001	source_missing	none
Main_Modules/PENANCES.lua	8	localization_table	loc_mission_type_07_name	D586EEE93BB1AD740964D90914065E4AD2F44120580777BB23393711250FD624	14EB4768482EB24DF59B316332C6E0D5D235E9532B3F1D160DFF164B8C49AB96	Main_Modules/PENANCES.lua:80 (official localization fallback table)	Main_Modules/PENANCES.lua:83	localization_table	no	no	no	yes	KEEP		ED3-PENANCES-RECHECK-001	source_missing	none
Main_Modules/PENANCES.lua	9	localization_table	loc_achievement_category_account_label	FCCB3F27FB75912E32C348AEF647670F7C218CD40D0AC5B50D9C3B3DFC3BA053	4B43C6678FE3F24C6C0058BFB0185F9609418F8EE2F6FCE90812F91E972C8414	Main_Modules/PENANCES.lua:89 (official localization fallback table)	Main_Modules/PENANCES.lua:91	localization_table	no	no	no	yes	KEEP		ED3-PENANCES-RECHECK-001	source_missing	none
Main_Modules/PENANCES.lua	10	localization_table	loc_achievement_multi_class_1_name	F1B43092153FC931B42E96DF3380CA05DDC37523357D8A249EAB0F69A34454CD	BC69496338F6AA1FFA46296F752622E9B1E800950D7A0A83F9BF55D7CADAB5F2	Main_Modules/PENANCES.lua:94 (official localization fallback table)	Main_Modules/PENANCES.lua:96	localization_table	no	no	no	yes	KEEP		ED3-PENANCES-RECHECK-001	source_missing	none
Main_Modules/PENANCES.lua	11	localization_table	loc_achievement_multi_class_2_name	E7805BF14E3C1273DA83636D3F6112E2950B273B6A7574E5EEFA945053830B3A	B34211EAA441923CA967D599FB50E6B4FF1870DA3245CCC70DB766D695D7ABF7	Main_Modules/PENANCES.lua:99 (official localization fallback table)	Main_Modules/PENANCES.lua:101	localization_table	no	no	no	yes	CHANGE	UNNATURAL	ED3-PENANCES-RECHECK-001	source_missing	none
Main_Modules/PENANCES.lua	12	localization_table	loc_achievement_multi_class_x_description	90BEDED9DF6FD25BCD976B8E8AD091728925C2B9C8AF73D7928CD4D417F95B85	2EA02DC780D35BBD6DB367C0B891A6C7BDFF703DC0B15ED7D2FE9C7645BD42BB	Main_Modules/PENANCES.lua:105	Main_Modules/PENANCES.lua:107	localization_table	no	no	yes	yes	CHANGE	GRAMMAR	ED3-PENANCES-RECHECK-001	match	resolved
Main_Modules/PENANCES.lua	13	localization_table	loc_achievement_prologue_name	A4B0CA411598FE93B5A611E79207BDE8B72113136EFFA48C3EEF18ECE4F631BA	AE6D022059258AA2D1C1303F40F524A956EFBED12EC470BFEBC30AAAD86637E4	Main_Modules/PENANCES.lua:110 (official localization fallback table)	Main_Modules/PENANCES.lua:112	localization_table	no	no	no	yes	KEEP		ED3-PENANCES-RECHECK-001	source_missing	none
Main_Modules/PENANCES.lua	14	localization_table	loc_achievement_prologue_description	CB839E591FD02B3FF065994D0E48C2FF9544B172CD2470812478BF5466C771DE	E1D4B28BD875F33540D1579FA29A9EB0CA35C78C0821B4335E195C0165C569E7	Main_Modules/PENANCES.lua:116	Main_Modules/PENANCES.lua:118	localization_table	no	no	yes	yes	KEEP		ED3-PENANCES-RECHECK-001	match	resolved
Main_Modules/PENANCES.lua	15	localization_table	loc_achievement_basic_training_name	F4876F533050512C89867349CC892F469AF6957977B0BF251F288A11D50859BD	5C5A92EE630BD32257D6D0E1D8DA404F5DBA3BA4D31D21E30B9FA43FB46B01F3	Main_Modules/PENANCES.lua:121 (official localization fallback table)	Main_Modules/PENANCES.lua:123	localization_table	no	no	no	yes	KEEP		ED3-PENANCES-RECHECK-001	source_missing	none
Main_Modules/PENANCES.lua	16	localization_table	loc_achievement_basic_training_description	E91C0D45E78B337145B88D98EECE286CE6F3DEF8F5E0279EB46716E0B8A4EB6C	E66AFC7E13EB6754A9E2F31AE0BE4A9D76A11A1610D88F95B4BDE7DA1BAEAD81	Main_Modules/PENANCES.lua:127	Main_Modules/PENANCES.lua:129	localization_table	no	no	yes	yes	KEEP		ED3-PENANCES-RECHECK-002	match	resolved
Main_Modules/PENANCES.lua	17	localization_table	loc_achievement_unlock_gadgets_name	30883A6930BAB9247AD22100B4AD2AB127DDBE5B1EC3403684DB0E970ECF1DCB	582EBA9030EE51DD64C11FA67625F47764A8C8BB5A5D4A9003CDF0DC9D8B10CC	Main_Modules/PENANCES.lua:132 (official localization fallback table)	Main_Modules/PENANCES.lua:134	localization_table	no	no	no	yes	CHANGE	MISSING_INFO;UNNATURAL	ED3-PENANCES-RECHECK-002	source_missing	none
Main_Modules/PENANCES.lua	18	localization_table	loc_achievement_unlock_gadgets_description	3122A7F20396552208BC98739403F0628BE61773CF26F0F81898F61A9F781A27	2CB8E52B445880FF2674E4B7E250DCB21A0F8C26B7C0CF2C0DE6565B70A2DF72	Main_Modules/PENANCES.lua:138	Main_Modules/PENANCES.lua:140	localization_table	no	yes	yes	yes	KEEP		ED3-PENANCES-RECHECK-002	match	resolved
Main_Modules/PENANCES.lua	19	localization_table	loc_achievement_unlock_contracts_name	7B52E754EFD4CC3AFC41903E83B2EE1B2251C73743ACEB5A6996BB13D6FE7035	A14F1A290DFA6674D742F2052D7D43EFD24BCF04072727AC18EE6251050760C3	Main_Modules/PENANCES.lua:143 (official localization fallback table)	Main_Modules/PENANCES.lua:145	localization_table	no	no	no	yes	KEEP		ED3-PENANCES-RECHECK-002	source_missing	none
Main_Modules/PENANCES.lua	20	localization_table	loc_achievement_unlock_contracts_description	8240F586523ED42A471D50DC5BA406AAFDB62AF3260ECFFF041A545B1FDDEB37	B96EC10D1AACA7A81FE7546F16770C5B041DB5B4AB35DD0F34F07665CA0BBA23	Main_Modules/PENANCES.lua:149	Main_Modules/PENANCES.lua:151	localization_table	no	no	yes	yes	KEEP		ED3-PENANCES-RECHECK-002	match	resolved
Main_Modules/PENANCES.lua	21	localization_table	loc_achievement_unlock_crafting_name	981E9EB501F22158870424351E1E83A9763551FD1BB60DE7E08F789616A4F1B6	7F72041565C8046481FAD03243AD3F37A09BB2E696B6078EFBEE6596DCD0B9C6	Main_Modules/PENANCES.lua:154 (official localization fallback table)	Main_Modules/PENANCES.lua:155	localization_table	no	yes	no	yes	KEEP		ED3-PENANCES-RECHECK-002	source_missing	none
Main_Modules/PENANCES.lua	22	localization_table	loc_achievement_unlock_crafting_description	AABEB1AB45D4C4F8105BF47B2949B6FC7BB84D9299B67CEF112A74DDBF3594A4	EAA5AABEF5D36BF49328260D3BF42E56CEAD79244B5DE1325D7842B96F188BBF	Main_Modules/PENANCES.lua:159	Main_Modules/PENANCES.lua:161	localization_table	no	yes	yes	yes	KEEP		ED3-PENANCES-RECHECK-002	match	resolved
Main_Modules/PENANCES.lua	23	localization_table	loc_achievement_path_of_trust_x_description	02A0E97B7233996B156324D3985FBDECAFBECA11C193F77D50465040269E8B70	0F45A5CEB70356449457057D0D68BD3AB6E517E02A875580055274333B8CDEC7	Main_Modules/PENANCES.lua:169	Main_Modules/PENANCES.lua:171	localization_table	no	no	yes	yes	KEEP		ED3-PENANCES-RECHECK-002	match	resolved
Main_Modules/PENANCES.lua	24	localization_table	loc_class_veteran_title	885E2F7AD7AA86F197250AC08DC3C456323DF45A8FD934AA85BE6C93F93B373B	3CC072A6039C62327390F4D44A4ADCF10E6FB4F5E0B2D75E714ED54941DA9063	Main_Modules/PENANCES.lua:178	Main_Modules/PENANCES.lua:180	localization_table	no	yes	yes	yes	KEEP		ED3-PENANCES-RECHECK-002	match	resolved
Main_Modules/PENANCES.lua	25	localization_table	loc_achievement_rank_veteran_2_x_description	A4FD7104155EC1BA623EF532207CD415775A93BD43D98BFCB2E2FF2E0E89A236	325DD8E84808CE5E115687E2E9D0A95E87D00080F93E210BA0952E19936E62EB	Main_Modules/PENANCES.lua:186	Main_Modules/PENANCES.lua:188	localization_table	no	yes	yes	yes	KEEP		ED3-PENANCES-RECHECK-002	match	resolved
Main_Modules/PENANCES.lua	26	localization_table	loc_achievement_missions_veteran_2_x_description	147A362A9117A70BC107992E7CC0E4F152CFE9A1F5DD2C3EBEAC3A7F308A2F58	CE8092D7697EEDFE54F15D2485A08FDB2941A8D664B8951E7088BF05B42E2159	Main_Modules/PENANCES.lua:193	Main_Modules/PENANCES.lua:195	localization_table	no	yes	yes	yes	CHANGE	UNNATURAL	ED3-PENANCES-RECHECK-002	match	resolved
Main_Modules/PENANCES.lua	27	localization_table	loc_achievement_missions_veteran_2_objective_1_name	E98937C7F09F22CF464907E2D18E37971DF67ADE16731467754A95FAF7783F77	BF79104186BB095C161C777272E342FC0C28565FBC9915B4B9B3AFB4AC6BBFE7	Main_Modules/PENANCES.lua:199	Main_Modules/PENANCES.lua:201	localization_table	no	no	no	yes	CHANGE	WRONG_MEANING	ED3-PENANCES-RECHECK-002	match	none
Main_Modules/PENANCES.lua	28	localization_table	loc_achievement_missions_veteran_2_objective_1_description	B762A8B669AD0517D7818AB30DB846C66066DBDE26B9532FA0BD0E5BB934223A	E98E8494C5E905E7CFB5FB4A003CECD1241D8A46DD897DAC907024EFDD1E2420	Main_Modules/PENANCES.lua:205	Main_Modules/PENANCES.lua:207	localization_table	no	yes	yes	yes	KEEP		ED3-PENANCES-RECHECK-002	match	resolved
Main_Modules/PENANCES.lua	29	localization_table	loc_achievement_missions_veteran_2_objective_2_name	061B13D993BF796872A986D6ED97DD3022A05FCAE5588EAFCC1AFD149CF06ADF	F6AF2A4DA772881F99D3BBCE4B8A7105661DD5E964273259BE3496EE01794960	Main_Modules/PENANCES.lua:210 (official localization fallback table)	Main_Modules/PENANCES.lua:212	localization_table	no	no	no	yes	CHANGE	WRONG_MEANING	ED3-PENANCES-RECHECK-002	source_missing	none
Main_Modules/PENANCES.lua	30	localization_table	loc_achievement_missions_veteran_2_objective_2_description	0DD4128998220B6C433563FB619B03C5EF00C5497CD3213F3B71333F5B5B6F0E	34C82C8F2AA694E4428F21E779753C89D6A8E17977EA045E6885382DEDF8EC0F	Main_Modules/PENANCES.lua:216	Main_Modules/PENANCES.lua:218	localization_table	no	yes	yes	yes	CHANGE	TERMINOLOGY;CONSISTENCY	ED3-PENANCES-RECHECK-002	match	resolved
Main_Modules/PENANCES.lua	31	localization_table	loc_achievement_missions_veteran_2_objective_3_name	36F539D7DBDB503D0CB083B376917D9F3C30F669AF60ABB16C07B8AB1EC11D42	A3DF15C727E30F4989D4D641C8060687EA2566D06508A8D6F213E8D692D5FEF4	Main_Modules/PENANCES.lua:223 (official localization fallback table)	Main_Modules/PENANCES.lua:225	localization_table	no	no	no	yes	CHANGE	WRONG_MEANING	ED3-PENANCES-RECHECK-003	source_missing	none
Main_Modules/PENANCES.lua	32	localization_table	loc_achievement_missions_veteran_2_objective_3_description	F4A32BBCE0EC501193543D912585F6B7543034F79F3A9DE932F5550582106DA9	F639DC558066308016620F6E78D323F336A311BDA86444512FCE2F3B78E644B6	Main_Modules/PENANCES.lua:229	Main_Modules/PENANCES.lua:231	localization_table	no	yes	yes	yes	CHANGE	TERMINOLOGY;CONSISTENCY	ED3-PENANCES-RECHECK-003	match	resolved
Main_Modules/PENANCES.lua	33	localization_table	loc_achievement_complete_missions_difficulty_1_description	7DE1C7937CE873AE4BC97891AB09033094A9F1190FB04020877C21B27F25EEAD	2314282F1FCF664B98E64172802C510237257842772B8C5E2B37C4DDC24C0BF3	Main_Modules/PENANCES.lua:239	Main_Modules/PENANCES.lua:241	localization_table	no	no	yes	yes	KEEP		ED3-PENANCES-RECHECK-003	match	resolved
Main_Modules/PENANCES.lua	34	localization_table	loc_achievement_complete_missions_difficulty_2_description	C3C8B97EC0AD3DDA64FC2D54EC541C832F7FC097146BA94CD1DB6C631D6A7C9A	E6C78B984C8E05732F82EAD0BF4866CE996321AED729A785218D1E6C8EF6207C	Main_Modules/PENANCES.lua:246	Main_Modules/PENANCES.lua:248	localization_table	no	yes	yes	yes	KEEP		ED3-PENANCES-RECHECK-003	match	resolved
Main_Modules/PENANCES.lua	35	localization_table	loc_achievement_complete_missions_difficulty_3_description	E1818D6A8680B3BC5198FD5DD1DC53DD8DB5832E6AE2BF8061E214C6694C2EB0	5746B8B81FA6FDEB567DB8C85B4317D2203B56553E61E025940F03BEB06DF795	Main_Modules/PENANCES.lua:254	Main_Modules/PENANCES.lua:256	localization_table	no	yes	yes	yes	KEEP		ED3-PENANCES-RECHECK-003	match	resolved
Main_Modules/PENANCES.lua	36	localization_table	loc_achievement_complete_missions_difficulty_4_description	30F6C8247BA0BD72CFD07F0192063E37ED180107B74759AD20A40A2EB0D25361	A6AF7A811A6C9835B163F9DCCE65B0BCCAC62982E34EF6F775C5FFE0D7BFBC4C	Main_Modules/PENANCES.lua:262	Main_Modules/PENANCES.lua:264	localization_table	no	yes	yes	yes	KEEP		ED3-PENANCES-RECHECK-003	match	resolved
Main_Modules/PENANCES.lua	37	localization_table	loc_achievement_complete_missions_difficulty_5_description	8F6421AFB1F82845F028957A6FD24B3B5A03059A97862945C4C12373C12772DA	05F072F0FC45F01AF4A19C653C028AC5B1BD3B00993408FC6D3B1BC951B6A13F	Main_Modules/PENANCES.lua:270	Main_Modules/PENANCES.lua:272	localization_table	no	yes	yes	yes	KEEP		ED3-PENANCES-RECHECK-003	match	resolved
Main_Modules/PENANCES.lua	38	localization_table	loc_achievement_group_rank_4_difficulty_3_name	F7F063C3063CAF6B91132EEC22E9AFFDF482BBECA3D7EF484BA8A680E7312F73	A6D5C3CB2EE24B2A961E5130A05C1D93F6144EDB84FEE8D6D4D1310AEEA5DB45	Main_Modules/PENANCES.lua:278 (official localization fallback table)	Main_Modules/PENANCES.lua:280	localization_table	no	no	no	yes	CHANGE	WRONG_MEANING	ED3-PENANCES-RECHECK-003	source_missing	none
Main_Modules/PENANCES.lua	39	localization_table	loc_achievement_group_rank_5_difficulty_4_name	181103ED55E2F7E87E5FB942BF6316F6FD6D143B9BBB63339147122D49A8E185	EBC29F12609B079DA22E9AE2196D1EBD75C72A2A24E6D6A777C2419B87576291	Main_Modules/PENANCES.lua:283 (official localization fallback table)	Main_Modules/PENANCES.lua:285	localization_table	no	no	no	yes	CHANGE	WRONG_MEANING	ED3-PENANCES-RECHECK-003	source_missing	none
Main_Modules/PENANCES.lua	40	localization_table	loc_achievement_group_veteran_2_description	B607AA3FC224480352DD8CD9199481E12F81D3787E3D247A77B7F5B41BA61C04	C63504BF799FC64B6665EADF5C3EE0E5BC141FC70CE43AB2B2274E42C970F918	Main_Modules/PENANCES.lua:290	Main_Modules/PENANCES.lua:292	localization_table	no	yes	yes	yes	KEEP		ED3-PENANCES-RECHECK-003	match	resolved
Main_Modules/PENANCES.lua	41	localization_table	loc_achievement_veteran_2_easy_1_name	187916F3EF10CFC81C2D807FAD2A9E08C2F143E11F71D0F2A4C49E428B590265	61703D602AE8E2427F1C20D7206E21132992B55B73A5CC7E72BE46B7330DA76A	Main_Modules/PENANCES.lua:295 (official localization fallback table)	Main_Modules/PENANCES.lua:297	localization_table	no	no	no	yes	KEEP		ED3-PENANCES-RECHECK-003	source_missing	none
Main_Modules/PENANCES.lua	42	localization_table	loc_achievement_veteran_2_easy_1_description	C40137270036A41838C6F148396034F9916EF93AA1C5D92759F45AC2B5EB7B2F	2BB9C495C246D053B762BECD108B1E5C45890D2AC4A2C2F428B4F6BD1BBA4F77	Main_Modules/PENANCES.lua:301	Main_Modules/PENANCES.lua:305	localization_table	no	yes	yes	yes	CHANGE	GRAMMAR;DISPLAY_CLARITY	ED3-PENANCES-RECHECK-003	match	resolved
Main_Modules/PENANCES.lua	43	localization_table	loc_achievement_veteran_2_medium_2_name	902776ACCB0684A4425877A90164ABE38878436C148DB58373F79E3093F72586	28D3C4E63DBD56AFF6D329E97DC4A896064B2720BAE8909503B25F131A76F2F0	Main_Modules/PENANCES.lua:309 (official localization fallback table)	Main_Modules/PENANCES.lua:311	localization_table	no	no	no	yes	KEEP		ED3-PENANCES-RECHECK-003	source_missing	none
Main_Modules/PENANCES.lua	44	localization_table	loc_achievement_veteran_2_medium_2_description	1735267B3D627EB4716EF47B4E29F2CCC58A4396E812D2542638F6ADE8973EED	F8A2DC6FF8A3C4AB3EF392F5CE2CEA672B20D49F2384A2294398ED07DA92D0A4	Main_Modules/PENANCES.lua:315	Main_Modules/PENANCES.lua:317	localization_table	no	yes	yes	yes	CHANGE	WRONG_MEANING;DISPLAY_CLARITY;TERMINOLOGY;CONSISTENCY	ED3-PENANCES-RECHECK-003	match	resolved
Main_Modules/PENANCES.lua	45	localization_table	loc_achievement_group_class_veteran_2_description	B607AA3FC224480352DD8CD9199481E12F81D3787E3D247A77B7F5B41BA61C04	C63504BF799FC64B6665EADF5C3EE0E5BC141FC70CE43AB2B2274E42C970F918	Main_Modules/PENANCES.lua:323	Main_Modules/PENANCES.lua:325	localization_table	no	yes	yes	yes	KEEP		ED3-PENANCES-RECHECK-003	match	resolved
Main_Modules/PENANCES.lua	46	localization_table	loc_achievement_veteran_2_kills_with_last_round_in_mag_name	65E5B4AC0004F274DD3814FE26343885E2C96B8BFF10096FFCEDCC668C9E77DD	801B89CE71BE3E156041C2F36E45764A26E6212A4DBF0D8C1B07CA0003F74D03	Main_Modules/PENANCES.lua:328 (official localization fallback table)	Main_Modules/PENANCES.lua:330	localization_table	no	no	no	yes	KEEP		ED3-PENANCES-RECHECK-004	source_missing	none
Main_Modules/PENANCES.lua	47	localization_table	loc_achievement_veteran_2_kills_with_last_round_in_mag_description	6F28CFEC148D92084D392BDD8AA9B1876B3664156FBB9234E8853DDB9E60B08E	F268280136F0C1C401CD41A0D2F2CC2FC15EB976A5CAD36B646BBC65DC74F1F7	Main_Modules/PENANCES.lua:334	Main_Modules/PENANCES.lua:336	localization_table	no	yes	yes	yes	CHANGE	TERMINOLOGY;CONSISTENCY	ED3-PENANCES-RECHECK-004	match	resolved
Main_Modules/PENANCES.lua	48	localization_table	loc_achievement_veteran_2_no_melee_damage_taken_name	1BC3660EE143A122B39035E6B28E4EFECBB0A6B0215EFF673EDEE0CF90874B36	0C344674DA24A5FDBD83985E877D61B9DBAEB016122B60BC5CE718E71A2167DD	Main_Modules/PENANCES.lua:340 (official localization fallback table)	Main_Modules/PENANCES.lua:342	localization_table	no	yes	no	yes	KEEP		ED3-PENANCES-RECHECK-004	source_missing	none
Main_Modules/PENANCES.lua	49	localization_table	loc_achievement_veteran_2_no_melee_damage_taken_description	44F960A044EBD9DDB8132B62BD6E06CA1C86A57E74D27DF0DA83CF5913AA5FC0	0B9F360AC8D7A11433DF798D195D4851A9ABD621AAC373219977F2AD75212F6A	Main_Modules/PENANCES.lua:346	Main_Modules/PENANCES.lua:348	localization_table	no	yes	yes	yes	KEEP		ED3-PENANCES-RECHECK-004	match	resolved
Main_Modules/PENANCES.lua	50	localization_table	loc_achievement_veteran_2_no_missed_shots_empty_ammo_name	985FC4BCFA0DFF006A36FF653C2305DB5E61D24098E49EC3BE2688A8F3F15869	7D8A8138FFC32AB4453CFF63275BE6A337A755DC530F35DFF77712D343A74FE3	Main_Modules/PENANCES.lua:354 (official localization fallback table)	Main_Modules/PENANCES.lua:355	localization_table	no	no	no	yes	KEEP		ED3-PENANCES-RECHECK-004	source_missing	none
Main_Modules/PENANCES.lua	51	localization_table	loc_achievement_veteran_2_no_missed_shots_empty_ammo_description	C2621D06ED8B76ABDF98E1353ED422887F79A7D85919E3ED826B53CF86E38E53	AA9FE93E560F3608DCB70EF29B85D725F81A787DB81AD9C2CA35E04A236C35BA	Main_Modules/PENANCES.lua:359	Main_Modules/PENANCES.lua:361	localization_table	no	yes	yes	yes	CHANGE	TERMINOLOGY;CONSISTENCY	ED3-PENANCES-RECHECK-004	match	resolved
Main_Modules/PENANCES.lua	52	localization_table	loc_achievement_class_meta_name	4AE257C014829B98B35A62308754AB029D63F830CFBEACC313BD14F068E9254C	50E5CF5F2B90114086331220751410C00492F01CA39BA3C5C24F6AC2A296EA3E	Main_Modules/PENANCES.lua:365 (official localization fallback table)	Main_Modules/PENANCES.lua:368	localization_table	no	no	no	yes	KEEP		ED3-PENANCES-RECHECK-004	source_missing	none
Main_Modules/PENANCES.lua	53	localization_table	loc_achievement_class_meta_description	4D6C6F204C7E6930C39EF1CC5416B9C890529450C850AE92B06AD9DFC1DE67D9	121E4DD3E30C391266F7964B48B64F96D2FC57270A01DF9EEEE3E631C867A53D	Main_Modules/PENANCES.lua:372	Main_Modules/PENANCES.lua:374	localization_table	no	yes	yes	yes	KEEP		ED3-PENANCES-RECHECK-004	match	resolved
Main_Modules/PENANCES.lua	54	localization_table	loc_achievement_veteran_2_easy_2_name	400DBC99E3C45272BC3D3BA8E0EC634C897B2F077CB3A575639016E9CFE3DED1	FADE69D769199A460DB0809A2FD148FB216E2DC19D0453D123222AE5EB5BB7A4	Main_Modules/PENANCES.lua:379 (official localization fallback table)	Main_Modules/PENANCES.lua:381	localization_table	no	no	no	yes	KEEP		ED3-PENANCES-RECHECK-004	source_missing	none
Main_Modules/PENANCES.lua	55	localization_table	loc_achievement_veteran_2_easy_2_fix_description	77C27A69EA3A0B796666AD7712144C399E8436A4DB1AAB95255354153980025F	B1D3E1E5D6151B9461F1FB3C9979D183D66D9CACC512FD033BC2D2A88B2A50F9	Main_Modules/PENANCES.lua:385	Main_Modules/PENANCES.lua:387	localization_table	no	yes	yes	yes	KEEP		ED3-PENANCES-RECHECK-004	match	resolved
Main_Modules/PENANCES.lua	56	localization_table	loc_achievement_veteran_infiltrate_supress_name	E9552969FE55F750EFC1A3BD76A683FF5B3EC46021B36EFB8013F98FD74B33A4	C60DE9649A75A97CA1480BC2694AA827E86F2B3CF5430C2D728A85C5E0BE5CED	Main_Modules/PENANCES.lua:392 (official localization fallback table)	Main_Modules/PENANCES.lua:393	localization_table	no	no	no	yes	KEEP		ED3-PENANCES-RECHECK-004	source_missing	none
Main_Modules/PENANCES.lua	57	localization_table	loc_achievement_veteran_infiltrate_supress_description	2811F23F5B1946DCD40279FD421EB961C8BA464842909961F12F74AA925B01F8	F5E38B16BB9714BDCE52B919BDBCC868E6EF267ECCD08EAD03957973CCAC9B2E	Main_Modules/PENANCES.lua:397	Main_Modules/PENANCES.lua:399	localization_table	no	yes	yes	yes	KEEP		ED3-PENANCES-RECHECK-004	match	resolved
Main_Modules/PENANCES.lua	58	localization_table	loc_achievement_veteran_voice_of_command_toughness_given_name	B5CCB6D0DCBCB4092B4D2975758AB717BD101A938BCDCD60C5884BC8BA55DF4B	940E22B61D3597CE7942EBE6163645AD8044880F70811ACE2021DB02820033DC	Main_Modules/PENANCES.lua:403 (official localization fallback table)	Main_Modules/PENANCES.lua:404	localization_table	no	no	no	yes	KEEP		ED3-PENANCES-RECHECK-004	source_missing	none
Main_Modules/PENANCES.lua	59	localization_table	loc_achievement_veteran_voice_of_command_toughness_given_description	FEF9B49518B8447A211BD2D1D92ED9118124262CA0FDEB7569DB02BF7113081E	D2817E3BF5FA2FF28C445FAA16973BB5B60764C0264FCF69D74AEAD3706B8F33	Main_Modules/PENANCES.lua:408	Main_Modules/PENANCES.lua:410	localization_table	no	yes	yes	yes	KEEP		ED3-PENANCES-RECHECK-004	match	resolved
Main_Modules/PENANCES.lua	60	localization_table	loc_achievement_veteran_enemies_killed_with_max_focus_fire_name	44C75F3E9E465A1D8FBE5F0F7B7D971846184304695C7CE6D3023C026D6B40B3	67DE4643F46F4A5B9F2818B241F177DD2E96232A2666CC910516FC1B2FDB14BF	Main_Modules/PENANCES.lua:414 (official localization fallback table)	Main_Modules/PENANCES.lua:416	localization_table	no	no	no	yes	KEEP		ED3-PENANCES-RECHECK-004	source_missing	none
Main_Modules/PENANCES.lua	61	localization_table	loc_achievement_veteran_enemies_killed_with_max_focus_fire_description	AD86509A80826D0838C16AC2935CFF04FB9145A10414BD037F8F23D200E332F4	60CDCA3F0A3DEDF9F9E4899D8BFB94DA30D1536052CC32134FA05BB94E7A3970	Main_Modules/PENANCES.lua:420	Main_Modules/PENANCES.lua:422	localization_table	no	yes	yes	yes	KEEP		ED3-PENANCES-RECHECK-005	match	resolved
Main_Modules/PENANCES.lua	62	localization_table	loc_achievement_veteran_krak_grenade_kills_name	AB611B4800BBB41B1D02CA63A5274956BA7494AB2C6B510A2ED9F3DB18AD954B	BC3A7CA648AD1FF8B8724015124A0DB9E0C2CA2667924A5364C5E092D1FF9F92	Main_Modules/PENANCES.lua:427 (official localization fallback table)	Main_Modules/PENANCES.lua:428	localization_table	no	yes	no	yes	CHANGE	TERMINOLOGY	ED3-PENANCES-RECHECK-005	source_missing	none
Main_Modules/PENANCES.lua	63	localization_table	loc_achievement_veteran_krak_grenade_kills_description	B13176CDFBEBE5F0DDF15A1A572727D75A1B0DD22EB6C5110884F610537225CE	D60F9EBAF51555CC9FCC3721B83EF18B2CFE632E6D61F40020B8AB4CCCED8ACE	Main_Modules/PENANCES.lua:432	Main_Modules/PENANCES.lua:434	localization_table	no	yes	yes	yes	KEEP		ED3-PENANCES-RECHECK-005	match	resolved
Main_Modules/PENANCES.lua	64	localization_table	loc_achievement_veteran_smoke_grenade_engulfed_name	116130563A0D6AEA36326C5BEC5DC39205F87FA960826C11C2294C210708CFED	1796C3E101335763992CFA322CA413D8646FE4ABB0665D7246137E5106F2AA13	Main_Modules/PENANCES.lua:438 (official localization fallback table)	Main_Modules/PENANCES.lua:440	localization_table	no	no	no	yes	KEEP		ED3-PENANCES-RECHECK-005	source_missing	none
Main_Modules/PENANCES.lua	65	localization_table	loc_achievement_veteran_smoke_grenade_engulfed_description	8EF44969D51712F2255FAD99141E88EA5D75A7C9DC41BD092DC3AE52D4B933D1	E6357C0A0189719F4B8CB48D5C44A9E0CF76621AAAB9DBB87885DF939950A9ED	Main_Modules/PENANCES.lua:444	Main_Modules/PENANCES.lua:446	localization_table	no	yes	yes	yes	KEEP		ED3-PENANCES-RECHECK-005	match	resolved
Main_Modules/PENANCES.lua	66	localization_table	loc_achievement_veteran_kills_with_improved_tag_name	89DA18F44E885563D074BFAC9AAFF9854A3AB3D710BB3E5AED0B97114F61ED17	18072B1D6244BEFAFD6BB19B899F48275010A8658F2427C57E6CBE6DF9A7D299	Main_Modules/PENANCES.lua:451 (official localization fallback table)	Main_Modules/PENANCES.lua:453	localization_table	no	no	no	yes	KEEP		ED3-PENANCES-RECHECK-005	source_missing	none
Main_Modules/PENANCES.lua	67	localization_table	loc_achievement_veteran_kills_with_improved_tag_description	3CE9B9B620C92017184BBCCF92A99F259F7404212C48498C20D7312AC6A1DD10	56BD46B234E6B6BE921D7CB92B9AFA2E22DAAADF50D2E82D2DBAACE5F57BC3B6	Main_Modules/PENANCES.lua:457	Main_Modules/PENANCES.lua:459	localization_table	no	yes	yes	yes	KEEP		ED3-PENANCES-RECHECK-005	match	resolved
Main_Modules/PENANCES.lua	68	localization_table	loc_achievement_veteran_weapon_switch_passive_keystone_kills_name	AA54035EFD91D2D5F8BFDFA1A04F350D587E8F770826BB1F7186E44837157B54	17F440045FF566DEF19984EA1B93D5F7156030D86F2EC552096EEABF2A2D7236	Main_Modules/PENANCES.lua:464 (official localization fallback table)	Main_Modules/PENANCES.lua:466	localization_table	no	no	no	yes	KEEP		ED3-PENANCES-RECHECK-005	source_missing	none
Main_Modules/PENANCES.lua	69	localization_table	loc_achievement_veteran_weapon_switch_passive_keystone_kills_description	16E4540B274259C178FA191B28CF097BFB135B54DA038909C1D3F1FD77AC7CD0	7139B3711811A16562D330F79AF10F69352EA2F89C5D488F2D7DED0BFD031202	Main_Modules/PENANCES.lua:470	Main_Modules/PENANCES.lua:474	localization_table	no	yes	yes	yes	CHANGE	GRAMMAR;DISPLAY_CLARITY	ED3-PENANCES-RECHECK-005	match	resolved
Main_Modules/PENANCES.lua	70	localization_table	loc_achievement_veteran_team_damage_amplified_name	7612EE248A1E9CBD859018A224F2BB50DBBBF65557A0FFEFC1085DA2F650619F	1F23C40DAE85D51584B5701127679CA5744A988819F2E3C2C69CFF36840E7B2E	Main_Modules/PENANCES.lua:480 (official localization fallback table)	Main_Modules/PENANCES.lua:482	localization_table	no	no	no	yes	KEEP		ED3-PENANCES-RECHECK-005	source_missing	none
Main_Modules/PENANCES.lua	71	localization_table	loc_achievement_veteran_team_damage_amplified_description	23BC6EA18B2209FB689C9BBF6646A503D96A834CA88A5A4D060AD6F6760F5DD7	645ABBB8826AD2623595A24AA369A8D2B1F88FFA710A77D92618F49598B81621	Main_Modules/PENANCES.lua:486	Main_Modules/PENANCES.lua:488	localization_table	no	yes	yes	yes	KEEP		ED3-PENANCES-RECHECK-005	match	resolved
Main_Modules/PENANCES.lua	72	localization_table	loc_achievement_veteran_team_movement_amplifed_name	1029033C666B7B7D6107EF767E8790FF1EC4D1063C2BB3E93FC4E8CDBAF08ED6	4572B433038EF89CEF8C70EFBFDA2EB195D0F01B3943AAF6347B9F6484E60C13	Main_Modules/PENANCES.lua:494 (official localization fallback table)	Main_Modules/PENANCES.lua:496	localization_table	no	no	no	yes	KEEP		ED3-PENANCES-RECHECK-005	source_missing	none
Main_Modules/PENANCES.lua	73	localization_table	loc_achievement_veteran_team_movement_amplifed_description	14B822A42A49D71E78A39DB4622473EE4C325CE0DC38D4E0E35D5D778DF9383A	F73D706EA6403C52D2D5ED200055573CE3AB587FE4B0CE1A21604B9EE0665FA5	Main_Modules/PENANCES.lua:500	Main_Modules/PENANCES.lua:502	localization_table	no	yes	yes	yes	KEEP		ED3-PENANCES-RECHECK-005	match	resolved
Main_Modules/PENANCES.lua	74	localization_table	loc_achievement_veteran_2_medium_1_name	332C47030AB7DCBEC9B6235EAEB8EFFB42E33E5B7826DABFBFBBC1733EC94B9F	E5CEFCA841B1A9C4C922B98B5CF7AF1C363C7D4C6DB04C334E76C33C6259DDBC	Main_Modules/PENANCES.lua:507 (official localization fallback table)	Main_Modules/PENANCES.lua:508	localization_table	no	no	no	yes	KEEP		ED3-PENANCES-RECHECK-005	source_missing	none
Main_Modules/PENANCES.lua	75	localization_table	loc_achievement_veteran_2_medium_1_description	35B0A8F03FE224E05784782A1547DDE589E8E396B2EDD1CAC68A9F1B183E0307	97E7F89C534B45A9578A0A79237902B1BCF7C0CFB2F12DC5ADC04D3EC6F5A524	Main_Modules/PENANCES.lua:512	Main_Modules/PENANCES.lua:514	localization_table	no	yes	yes	yes	KEEP		ED3-PENANCES-RECHECK-005	match	resolved
Main_Modules/PENANCES.lua	76	localization_table	loc_achievement_veteran_2_hard_1_name	FAE66734286FB82E2268674A801814D4E3C368EA0A5B31C0178E8E4B692B2D60	5A6BE87008D0614E98ED805EF6F415903D4F5C48701DC4AA6D4705B6765040FE	Main_Modules/PENANCES.lua:520 (official localization fallback table)	Main_Modules/PENANCES.lua:522	localization_table	no	no	no	yes	KEEP		ED3-PENANCES-RECHECK-006	source_missing	none
Main_Modules/PENANCES.lua	77	localization_table	loc_achievement_veteran_2_hard_1_fix_description	7A3E661C9E4C60F519D1C904C1B03C77C8204E703A0EB148DF1909A474715211	529080EFC00862A8488FD4487FDD50BC99F8DA736EBFC430AD73EAE1F5AE84B7	Main_Modules/PENANCES.lua:526	Main_Modules/PENANCES.lua:528	localization_table	no	yes	yes	yes	KEEP		ED3-PENANCES-RECHECK-006	match	resolved
Main_Modules/PENANCES.lua	78	localization_table	loc_achievement_veteran_2_hard_2_name	CA16B4C0F73B73FC3558CF24279E0F41CFC27C46B03B2037A1561AA51734B3B6	9DC1DEAAEF1FC92118053C8EE3ED0D32A2C9B29F4CB28A2BEB7169EDF1AD30BF	Main_Modules/PENANCES.lua:536 (official localization fallback table)	Main_Modules/PENANCES.lua:538	localization_table	no	no	no	yes	KEEP		ED3-PENANCES-RECHECK-006	source_missing	none
Main_Modules/PENANCES.lua	79	localization_table	loc_achievement_veteran_2_hard_2_fix_description	D41FF6F7CD71755A8081B9EF2D85B63AFA1838CD0057F91C099738A6702EFC57	D5AD23FA82CA7E1918A78B94D9C50435C28EF7050ACA00CB0B49DAA23652822D	Main_Modules/PENANCES.lua:542	Main_Modules/PENANCES.lua:544	localization_table	no	yes	yes	yes	KEEP		ED3-PENANCES-RECHECK-006	match	resolved
Main_Modules/PENANCES.lua	80	localization_table	loc_achievement_veteran_2_weakspot_hits_during_volley_fire_alternate_fire_name	FB399C5AEA9D10338A56E1AADD5CB7066F9104C03FFA01D302F14619462DFBD6	6FA50139DFA9C982B115359FF6589A36D669621EE881B554B410091AB415A769	Main_Modules/PENANCES.lua:552 (official localization fallback table)	Main_Modules/PENANCES.lua:554	localization_table	no	no	no	yes	KEEP		ED3-PENANCES-RECHECK-006	source_missing	none
Main_Modules/PENANCES.lua	81	localization_table	loc_achievement_veteran_2_weakspot_hits_during_volley_fire_alternate_fire_fix_description	AF1BB71F1DB628181F4438A45236B06AA308E4179C3F64D185C5574B16C47679	C15D1CCEF41EA057D672FA93E6543C0B037BCBFED2D00560A04103FC0A5CA4AB	Main_Modules/PENANCES.lua:558	Main_Modules/PENANCES.lua:562	localization_table	no	yes	yes	yes	KEEP		ED3-PENANCES-RECHECK-006	match	resolved
Main_Modules/PENANCES.lua	82	localization_table	loc_achievement_veteran_2_unbounced_grenade_kills_name	337B4B4CFA808D8119A9B586CDC15C0DD050F1C45949D3B83339E2A610EB1915	C41AC9A860CF601CE5F48CE8DC19CE70E712E2A7A474674ADF1AC2F13ECF5473	Main_Modules/PENANCES.lua:569 (official localization fallback table)	Main_Modules/PENANCES.lua:571	localization_table	no	no	no	yes	KEEP		ED3-PENANCES-RECHECK-006	source_missing	none
Main_Modules/PENANCES.lua	83	localization_table	loc_achievement_veteran_2_unbounced_grenade_kills_fix_description	D7BBC352373DA701C9538C90AFA777A05A29201C20E9CFA2B2DAC932E43AFADE	949934CAC6E74EBCE38B3260D963FF98BEBF496741F142926E8FDB8C6502B99C	Main_Modules/PENANCES.lua:575	Main_Modules/PENANCES.lua:577	localization_table	no	yes	yes	yes	KEEP		ED3-PENANCES-RECHECK-006	match	resolved
Main_Modules/PENANCES.lua	84	localization_table	loc_achievement_veteran_2_elite_weakspot_kills_during_volley_fire_alternate_fire_name	8643E607E70A21888E1CED3C34D0181E049D005903897904F984550701F8BF36	4B0F5A6C948B93F4489B4B6F94A01EB08FDA73A305215A50C3CB2106C5380453	Main_Modules/PENANCES.lua:583 (official localization fallback table)	Main_Modules/PENANCES.lua:584	localization_table	no	no	no	yes	KEEP		ED3-PENANCES-RECHECK-006	source_missing	none
Main_Modules/PENANCES.lua	85	localization_table	loc_achievement_veteran_2_elite_weakspot_kills_during_volley_fire_alternate_fire_fix_description	A7D0BDBFFB48A3954392E984A9BE1CBDAAC2A02BB940F07E1DCFD251B8531E79	20B667400F7DFD1F274C54607E1B924D68321A226C921F3BE11A1F86B110A337	Main_Modules/PENANCES.lua:588	Main_Modules/PENANCES.lua:592	localization_table	no	yes	yes	yes	KEEP		ED3-PENANCES-RECHECK-006	match	resolved
Main_Modules/PENANCES.lua	86	localization_table	loc_class_zealot_title	BA068576753DD8BECFF08738AEE75C0C62865C77A959A434A947404D9FC84B00	4F79D01FD67324968A488EDA10F92073CB8D635014A39D81788E59085A8E4078	Main_Modules/PENANCES.lua:605	Main_Modules/PENANCES.lua:607	localization_table	no	yes	yes	yes	KEEP		ED3-PENANCES-RECHECK-006	match	resolved
Main_Modules/PENANCES.lua	87	localization_table	loc_achievement_rank_zealot_2_x_description	D81A4337FA020A4CA4EE6AE660CD95A83EBB7CD1C185D0233CA8181D34E8CCD3	3C107B8929C3E3E47749A82215C34E4D6A1A9A1B3F7D4699B07661EB763E7A0E	Main_Modules/PENANCES.lua:613	Main_Modules/PENANCES.lua:615	localization_table	no	yes	yes	yes	KEEP		ED3-PENANCES-RECHECK-006	match	resolved
Main_Modules/PENANCES.lua	88	localization_table	loc_achievement_missions_zealot_2_x_description	4D23F2FD13230FD1D25C60F4E475945B4D5C882208CB971FEF0000B21AADD1C4	245B1AF09D2145BAE15A14B9AA10271A3B2D5B9EDF1FEAA548E4803522BFAD3B	Main_Modules/PENANCES.lua:620	Main_Modules/PENANCES.lua:622	localization_table	no	yes	yes	yes	KEEP		ED3-PENANCES-RECHECK-006	match	resolved
Main_Modules/PENANCES.lua	89	localization_table	loc_achievement_missions_zealot_2_objective_1_description	9E14FBE6CBDA877C0E396C388E88D025346DBADBBDCC70296BBCBF72EC3C17C8	69CE2BE5A0BDB6E7E20A6DF5712365C3827A40D2B0F5D1811ED4C432CF4903B5	Main_Modules/PENANCES.lua:627	Main_Modules/PENANCES.lua:629	localization_table	no	yes	yes	yes	KEEP		ED3-PENANCES-RECHECK-006	match	resolved
Main_Modules/PENANCES.lua	90	localization_table	loc_achievement_missions_zealot_2_objective_2_description	6F1819693C49E5DD171BB73BC12090BA85B1C7F86DD07DBF41B36464881F9FDD	F3BBCE73B833843DC8204804A5212802DDE61BF3D88EC252D2460BCE6C10600C	Main_Modules/PENANCES.lua:634	Main_Modules/PENANCES.lua:636	localization_table	no	yes	yes	yes	CHANGE	TERMINOLOGY;CONSISTENCY	ED3-PENANCES-RECHECK-006	match	resolved
Main_Modules/PENANCES.lua	91	localization_table	loc_achievement_missions_zealot_2_objective_3_description	1780046B6A1E2BDE3A2269EB3290FCBA976CE86C1FF599A77AC4250CD17A634A	E816BFA9E0D3BEF52AB7493611AF2DD7A0AAA36D6614998E580937EE3AA8584C	Main_Modules/PENANCES.lua:642	Main_Modules/PENANCES.lua:644	localization_table	no	yes	yes	yes	CHANGE	TERMINOLOGY;CONSISTENCY	ED3-PENANCES-RECHECK-007	match	resolved
Main_Modules/PENANCES.lua	92	localization_table	loc_achievement_group_zealot_2_description	B2D9F37699F514A6370F952A96B210E3F24D32CBB7620AC44B4B8739B203D29A	C69848A7706A772764D894D21D72177E8FDA792FB0FE640705D650EDF995E52E	Main_Modules/PENANCES.lua:655	Main_Modules/PENANCES.lua:657	localization_table	no	yes	yes	yes	KEEP		ED3-PENANCES-RECHECK-007	match	resolved
Main_Modules/PENANCES.lua	93	localization_table	loc_achievement_zealot_2_medium_1_name	3B2C2B18C86FD4766D7BDD41CA53D11BE4087E837A191918A19E25EF553011DC	21FC2B390B2CDE7DA59B88F968C93E180359C1012C7F64BA9D24D8DD1B6F74AB	Main_Modules/PENANCES.lua:660 (official localization fallback table)	Main_Modules/PENANCES.lua:662	localization_table	no	no	no	yes	KEEP		ED3-PENANCES-RECHECK-007	source_missing	none
Main_Modules/PENANCES.lua	94	localization_table	loc_achievement_zealot_2_medium_1_description	F35B79A702FC74C48EDE70D3D857308B61A3DE012A9EF0820687753F2CA648C0	17047B6B978F5636BD3C574F70D3A51D168C94FC72BA86947B696D3726FDFEBE	Main_Modules/PENANCES.lua:666	Main_Modules/PENANCES.lua:668	localization_table	yes	yes	yes	yes	KEEP		ED3-PENANCES-RECHECK-007	match	resolved
Main_Modules/PENANCES.lua	95	localization_table	loc_achievement_zealot_2_hard_1_name	C15E5B3111112684056CD3F0747EC69556F6F02CE05E43BAFE895ED5CCB00A77	D51C47E0A59A638DE0F46E5B4F38B93A779E03DA2A3DCA4B3F97CDE10D084DE3	Main_Modules/PENANCES.lua:675 (official localization fallback table)	Main_Modules/PENANCES.lua:677	localization_table	no	no	no	yes	KEEP		ED3-PENANCES-RECHECK-007	source_missing	none
Main_Modules/PENANCES.lua	96	localization_table	loc_achievement_zealot_2_hard_1_description	A17E9D7FA36B65D57CD0E7EF872845AB58168F8F95FAEA4AC91264194630F0AA	EEBA7A449DC1176A18D62ECD684CEBBAAD4743A5DE3BBF50D4419DD7EADA00E7	Main_Modules/PENANCES.lua:681	Main_Modules/PENANCES.lua:683	localization_table	no	yes	yes	yes	CHANGE	MISSING_INFO;GRAMMAR	ED3-PENANCES-RECHECK-007	match	resolved
Main_Modules/PENANCES.lua	97	localization_table	loc_achievement_group_class_zealot_2_description	B2D9F37699F514A6370F952A96B210E3F24D32CBB7620AC44B4B8739B203D29A	C69848A7706A772764D894D21D72177E8FDA792FB0FE640705D650EDF995E52E	Main_Modules/PENANCES.lua:692	Main_Modules/PENANCES.lua:694	localization_table	no	yes	yes	yes	KEEP		ED3-PENANCES-RECHECK-007	match	resolved
Main_Modules/PENANCES.lua	98	localization_table	loc_achievement_zealot_2_not_use_ranged_attacks_name	69134CD50B1AAD36206507C2F775184ECC977DE7A4AE925257228B6B6F956FA9	D084FFB1B79C98DBC1412DB13C08B2C6B648F0BF40646422FFFA53C75F88D596	Main_Modules/PENANCES.lua:697 (official localization fallback table)	Main_Modules/PENANCES.lua:699	localization_table	no	no	no	yes	KEEP		ED3-PENANCES-RECHECK-007	source_missing	none
Main_Modules/PENANCES.lua	99	localization_table	loc_achievement_zealot_2_not_use_ranged_attacks_description	EF427811549305AB31AFEE63CD414740F75F638E27F05026EBE56FBAC46192D3	98D9BA4681B37EE7E888157C3F5B460A1C9C924BA3724495979A3B2F1A4A5C2F	Main_Modules/PENANCES.lua:703	Main_Modules/PENANCES.lua:705	localization_table	no	yes	yes	yes	CHANGE	TERMINOLOGY;CONSISTENCY	ED3-PENANCES-RECHECK-007	match	resolved
Main_Modules/PENANCES.lua	100	localization_table	loc_achievement_zealot_2_health_on_last_segment_enough_during_mission_description	34F223CCDEAEDD1A58AF095C7A9F1900325C7803965EF5A8A7B06A35CDD682E0	59B4585BC1B76587AC44629B4C193D2A7CC393BD7EF1E7100DF526483772936E	Main_Modules/PENANCES.lua:711	Main_Modules/PENANCES.lua:713	localization_table	no	yes	yes	yes	CHANGE	WRONG_MEANING;TERMINOLOGY;DISPLAY_CLARITY	ED3-PENANCES-RECHECK-007	match	resolved
Main_Modules/PENANCES.lua	101	localization_table	loc_achievement_zealot_2_easy_1_name	2357F473648FAC56CD009153F8433601F1BD6F0093DA986108CDB0BD0A1760A8	980CDEC596756DC1EC75B7E8FFF7098C93A4F35EFDD25581B97FDE41D41C106C	Main_Modules/PENANCES.lua:720 (official localization fallback table)	Main_Modules/PENANCES.lua:722	localization_table	no	no	no	yes	KEEP		ED3-PENANCES-RECHECK-007	source_missing	none
Main_Modules/PENANCES.lua	102	localization_table	loc_achievement_zealot_2_easy_1_fix_description	4FA1602BB53B3CE2B51936422CFF36FFDD0110830B05542E0A4B114512F3A187	27A078F6B417FCA90ECACF01417D0A2911B2E0A4D7E9D94EADC16579B2F7CC92	Main_Modules/PENANCES.lua:726	Main_Modules/PENANCES.lua:728	localization_table	no	yes	yes	yes	KEEP		ED3-PENANCES-RECHECK-007	match	resolved
Main_Modules/PENANCES.lua	103	localization_table	loc_achievement_zealot_2_easy_2_name	4921853DC209199AEF0CA3E93372AF9A005C8082AD2B7BEB8028CE378B36C2DB	D48FB10A60F5AB4F7C309F7D2FB92A43102CB009703C8759A2E35D4DE0972093	Main_Modules/PENANCES.lua:733 (official localization fallback table)	Main_Modules/PENANCES.lua:734	localization_table	no	no	no	yes	KEEP		ED3-PENANCES-RECHECK-007	source_missing	none
Main_Modules/PENANCES.lua	104	localization_table	loc_achievement_zealot_2_easy_2_fix_description	936FCDA8E714130D5879AD5819B19A6FD1B4507113FE1EE5947587EA681704F9	8B981E4BE839959440D99F24C19535CE3740FD4ED66FE690232554321BEBF53F	Main_Modules/PENANCES.lua:738	Main_Modules/PENANCES.lua:740	localization_table	no	yes	yes	yes	KEEP		ED3-PENANCES-RECHECK-007	match	resolved
Main_Modules/PENANCES.lua	105	localization_table	loc_achievement_zealot_elite_or_special_kills_with_shroudfield_name	52C927E720C9B8A1810495015BA49248920201B28E7C3E5BE900B3416A78CBC4	495D60181F5377E54E316AFE53A785743B79A60A2A34CC0A965B349B0D08D43D	Main_Modules/PENANCES.lua:745 (official localization fallback table)	Main_Modules/PENANCES.lua:746	localization_table	no	no	no	yes	KEEP		ED3-PENANCES-RECHECK-007	source_missing	none
Main_Modules/PENANCES.lua	106	localization_table	loc_achievement_zealot_elite_or_special_kills_with_shroudfield_description	6FDB3AB29E52747623348F3F71E7441F8E52CC9339D824FBCEC225B59EF826A8	56927A40D1B7B36F6718218ECC72B0E35E5D29D821BF6388C5F5EF77265708D8	Main_Modules/PENANCES.lua:750	Main_Modules/PENANCES.lua:752	localization_table	no	yes	yes	yes	KEEP		ED3-PENANCES-RECHECK-008	match	resolved
Main_Modules/PENANCES.lua	107	localization_table	loc_achievement_zealot_team_toughness_restored_with_chorus_name	8AA3F2B884EBC66DABF4720C4B2DF1427A7ADBFB3521CA0DFC2598D8F1739547	96675161E8ACD8EB4AE2A75E263A424114AD2021FEFE585C4CE125CA4157BD1D	Main_Modules/PENANCES.lua:757 (official localization fallback table)	Main_Modules/PENANCES.lua:758	localization_table	no	no	no	yes	KEEP		ED3-PENANCES-RECHECK-008	source_missing	none
Main_Modules/PENANCES.lua	108	localization_table	loc_achievement_zealot_team_toughness_restored_with_chorus_description	DEB704D0059869C7A5A47E5E5E00E7302CCE768B19CE949BFE9DDC9B83898094	E234CC71BE333F92AC78A159A5A4C30944C9C8ADF6D55B5ECD826A1E6BD08652	Main_Modules/PENANCES.lua:762	Main_Modules/PENANCES.lua:764	localization_table	no	yes	yes	yes	KEEP		ED3-PENANCES-RECHECK-008	match	resolved
Main_Modules/PENANCES.lua	109	localization_table	loc_achievement_zealot_elite_or_special_kills_during_fanatic_rage_name	31F516C4AFD2B1D93CEC612ED9EB70852D2DE17E4F42E6EC535BD2FC132FE917	6E4FDAF194BC6E67257539F0F28EE53C52053A233A17E3E1E4CBFAB221BC4EAF	Main_Modules/PENANCES.lua:769 (official localization fallback table)	Main_Modules/PENANCES.lua:770	localization_table	no	no	no	yes	KEEP		ED3-PENANCES-RECHECK-008	source_missing	none
Main_Modules/PENANCES.lua	110	localization_table	loc_achievement_zealot_elite_or_special_kills_during_fanatic_rage_description	0C4713C362990548700C54FCD1D9E6DF6D5024154E713C45585E5C1FD955A2D7	46ED09BC60A7A0987F59719726C4F246FC77D96E6318DBCBD60CF935ECCD30F7	Main_Modules/PENANCES.lua:774	Main_Modules/PENANCES.lua:776	localization_table	no	yes	yes	yes	KEEP		ED3-PENANCES-RECHECK-008	match	resolved
Main_Modules/PENANCES.lua	111	localization_table	loc_achievement_zealot_kills_during_movement_keystone_activated_name	D611E853F86651D689060ED0D0C385975464E7CEBA8D32DD8E58B73CE1854DEA	6FA27C4593370654FD90E1994ECF917B901C4020A7AC934B8433BB12300C81C2	Main_Modules/PENANCES.lua:781 (official localization fallback table)	Main_Modules/PENANCES.lua:782	localization_table	no	no	no	yes	KEEP		ED3-PENANCES-RECHECK-008	source_missing	none
Main_Modules/PENANCES.lua	112	localization_table	loc_achievement_zealot_kills_during_movement_keystone_activated_description	847BC6A32A70913DED0C2948300DAA1D441CC3672802BA8B04E89FBAB02EEBE3	D31FCA7FBCBCA499866163E03AAC94A6C8DE0F96A7FB727F36FE36CEF2E250CE	Main_Modules/PENANCES.lua:786	Main_Modules/PENANCES.lua:788	localization_table	no	yes	yes	yes	KEEP		ED3-PENANCES-RECHECK-008	match	resolved
Main_Modules/PENANCES.lua	113	localization_table	loc_achievement_zealot_elite_or_special_kills_with_blade_of_faith_name	90CFC1D5669DC6F5D9BF56BCA1D5FA368DE25602B7695FE368461673DAC871CC	C463DE2E751B58FA85F813B76ED0E85394D7B29AB593D4CDB073E94E3F68159A	Main_Modules/PENANCES.lua:794 (official localization fallback table)	Main_Modules/PENANCES.lua:796	localization_table	no	no	no	yes	KEEP		ED3-PENANCES-RECHECK-008	source_missing	none
Main_Modules/PENANCES.lua	114	localization_table	loc_achievement_zealot_elite_or_special_kills_with_blade_of_faith_description	B3F108256A7729259273A1522B6D449B48409DEECBC2C89AB7D8476037829CB7	D7136BECFBB6C7937E74757A778A961776FC0CAB39AD2954AA97D529014034FC	Main_Modules/PENANCES.lua:800	Main_Modules/PENANCES.lua:802	localization_table	no	yes	yes	yes	KEEP		ED3-PENANCES-RECHECK-008	match	resolved
Main_Modules/PENANCES.lua	115	localization_table	loc_achievement_zealot_kills_with_fire_grenade_name	A2457ABF3BB30B4CC95F49A05AD26EF09976DAE056695D0E2553651A1B1C4ABA	24463D844142E19E43ADA60848C4C2639747EF00AC5C087197913CA8AF2E254D	Main_Modules/PENANCES.lua:806 (official localization fallback table)	Main_Modules/PENANCES.lua:807	localization_table	no	no	no	yes	KEEP		ED3-PENANCES-RECHECK-008	source_missing	none
Main_Modules/PENANCES.lua	116	localization_table	loc_achievement_zealot_kills_with_fire_grenade_description	FA384D95BA68CF79AD88998482A9E1BBBE0945F6BDC5301D83577FAA31976E2D	580C66CAF093F01FF211AF6C2A1C3A31C44AD53E99F969FC4651E3C0EEDEC766	Main_Modules/PENANCES.lua:811	Main_Modules/PENANCES.lua:813	localization_table	no	yes	yes	yes	KEEP		ED3-PENANCES-RECHECK-008	match	resolved
Main_Modules/PENANCES.lua	117	localization_table	loc_achievement_zealot_aura_backstab_kills_while_alone_name	FEED9ED45C85793E8014ADB3AFA10A23503DF0DA98D032E63D368B988A8484C8	482742D9B1C0E9662B9D60EE0BECD165ABD13924BB9EC60F4655E23BFA999F96	Main_Modules/PENANCES.lua:817 (official localization fallback table)	Main_Modules/PENANCES.lua:818	localization_table	no	no	no	yes	KEEP		ED3-PENANCES-RECHECK-008	source_missing	none
Main_Modules/PENANCES.lua	118	localization_table	loc_achievement_zealot_aura_stamina_kills_description	85B92E6BEBE93E943AE589A1B18D2A49D0DA0C43F59102419DEF22E3AAA3B4AB	4634552ACE39A20ED7523B9900626FE4A6A16288678FC931FED6C4E24961E44F	Main_Modules/PENANCES.lua:822	Main_Modules/PENANCES.lua:824	localization_table	no	yes	yes	yes	KEEP		ED3-PENANCES-RECHECK-008	match	resolved
Main_Modules/PENANCES.lua	119	localization_table	loc_achievement_zealot_aura_toughness_damage_reduced_name	DA190C28473BD1E0CC9689AAB31D199AABD17E1B414FB4D551EA3906ABD64DE3	11268A53F43723A8C7C9E361B836649604D937497E1CAF80B237198D9CB73270	Main_Modules/PENANCES.lua:830 (official localization fallback table)	Main_Modules/PENANCES.lua:831	localization_table	no	no	no	yes	KEEP		ED3-PENANCES-RECHECK-008	source_missing	none
Main_Modules/PENANCES.lua	120	localization_table	loc_achievement_zealot_aura_toughness_damage_reduced_description	94E9FEBE2853143DE63BC812759A306F355722A5FBE6DB6E106C73CDCE80A4B9	489A0B877ACCBAA59A7C13411A272D31F52AF29E58D46F580BB70642E9E5EF14	Main_Modules/PENANCES.lua:835	Main_Modules/PENANCES.lua:837	localization_table	no	yes	yes	yes	KEEP		ED3-PENANCES-RECHECK-008	match	resolved
Main_Modules/PENANCES.lua	121	localization_table	loc_achievement_zealot_aura_corruption_healed_name	8F6DC121FE16ABD84215D72E9DD0FF09F1B1F4FD47A46F8701A870C1D6FBA6E4	902D96447A9D7EC6FA34324408095FEC1B0F40D4D6C4654627028940D9DD8E06	Main_Modules/PENANCES.lua:842 (official localization fallback table)	Main_Modules/PENANCES.lua:844	localization_table	no	no	no	yes	KEEP		ED3-PENANCES-RECHECK-009	source_missing	none
Main_Modules/PENANCES.lua	122	localization_table	loc_achievement_zealot_aura_corruption_healed_description	3FB4FBCD3F79DE3DB58BB24FC12EAA3D5E40B17AD861C834B3E9D0B8B3C9BA66	2409930E80E48BDF65E84A66311AAB1CCBC141AEF4EBB375C96513B6404EEAB3	Main_Modules/PENANCES.lua:848	Main_Modules/PENANCES.lua:850	localization_table	no	yes	yes	yes	KEEP		ED3-PENANCES-RECHECK-009	match	resolved
Main_Modules/PENANCES.lua	123	localization_table	loc_achievement_zealot_2_medium_2_name	1701FD654F436355C81E1D7E3CAC2DDD433DC2889B5DBED9F7D14A5E89D69C99	B837440FAA5A67BF26CDCBDBFD8559AF8D46F584243FC4519B8377EC8E76BC46	Main_Modules/PENANCES.lua:855 (official localization fallback table)	Main_Modules/PENANCES.lua:856	localization_table	no	no	no	yes	KEEP		ED3-PENANCES-RECHECK-009	source_missing	none
Main_Modules/PENANCES.lua	124	localization_table	loc_achievement_zealot_2_medium_2_description	4D9B877A42D8193E185E8D640428E5DBA98BDD8E431BE0962BC2DDBD8687A51E	AAE186C5C62D6DD2897E394F2F7E54C8AE4D0CBE46AD794D2547D8105A6B471C	Main_Modules/PENANCES.lua:860	Main_Modules/PENANCES.lua:862	localization_table	no	yes	yes	yes	KEEP		ED3-PENANCES-RECHECK-009	match	resolved
Main_Modules/PENANCES.lua	125	localization_table	loc_achievement_zealot_2_hard_2_name	9FAB3E9CF5E30E50D196B010BD8683D57CF6D4B8A34B72D0418A7EBB3B328E9A	A781D52994D2B3CFFBE70EEB06849836D1497443AB20ED298A58843769E2CA6F	Main_Modules/PENANCES.lua:869 (official localization fallback table)	Main_Modules/PENANCES.lua:871	localization_table	no	no	no	yes	KEEP		ED3-PENANCES-RECHECK-009	source_missing	none
Main_Modules/PENANCES.lua	126	localization_table	loc_achievement_zealot_2_hard_2_fix_description	35F6554AEFB028BB11645CC0A6A632032E470AF9A2DC90F857BE88C8D847A9BF	161972E7A20F966756A2FC4FB2EA5AC5AD9821D21D1F7BF71AA7E8A369DB8632	Main_Modules/PENANCES.lua:875	Main_Modules/PENANCES.lua:877	localization_table	no	yes	yes	yes	KEEP		ED3-PENANCES-RECHECK-009	match	resolved
Main_Modules/PENANCES.lua	127	localization_table	loc_achievement_zealot_2_stagger_sniper_with_grenade_distance_name	03B1ABB13C16FEA3C0E5C7D8B9DE0454A6A2A46FC1213B09B891D0C5B5EDE0CC	4D414391BB6D31822560B18E83C087084873D2B3C8DD90FFDFC4C7E5FB96EF0A	Main_Modules/PENANCES.lua:885 (official localization fallback table)	Main_Modules/PENANCES.lua:886	localization_table	no	no	no	yes	KEEP		ED3-PENANCES-RECHECK-009	source_missing	none
Main_Modules/PENANCES.lua	128	localization_table	loc_achievement_zealot_2_stagger_sniper_with_grenade_distance_fix_description	3E8D82D62F4AA3207D6E671BAA4190E07DC1E4BCCB004066EF310C73AC8E18EA	5C0062DDB0A89F4695A43E525109DD38ADEB3D82026865F5EB5649B7BCA2D1AC	Main_Modules/PENANCES.lua:890	Main_Modules/PENANCES.lua:892	localization_table	no	yes	yes	yes	KEEP		ED3-PENANCES-RECHECK-009	match	resolved
Main_Modules/PENANCES.lua	129	localization_table	loc_achievement_zelot_2_kill_mutant_charger_with_melee_while_dashing_name	D4059F5572B5B8E50103461271D367873AC2FCDF49ED3245683C15B89EE01742	A0216321EA2CA8E0CDB5D4BF04C3279CE7F1FC73D36C946CD5E339C2E93AF769	Main_Modules/PENANCES.lua:898 (official localization fallback table)	Main_Modules/PENANCES.lua:900	localization_table	no	no	no	yes	KEEP		ED3-PENANCES-RECHECK-009	source_missing	none
Main_Modules/PENANCES.lua	130	localization_table	loc_achievement_zealot_2_kill_mutant_charger_with_melee_while_dashing_fix_description	534CE571AAE79B0761A6FFDA00C88E32AA1F341AAD80426D0175ED8599DC58E5	C6470C43B9B83836D5CF8D1767F2F8ECDE899D7316D06E65D5B376906D4FD840	Main_Modules/PENANCES.lua:904	Main_Modules/PENANCES.lua:906	localization_table	no	yes	yes	yes	KEEP		ED3-PENANCES-RECHECK-009	match	resolved
Main_Modules/PENANCES.lua	131	localization_table	loc_achievement_zealot_2_kills_of_shocked_enemies_last_15_name	31DB123E1B1867D31C6B8DFEFAD609F11EC75BF7B8A62C0BDEE2648F4B714F6D	1F4893FB5D595C3E555BF9180476B9BD97CF5BE55A03DCC0FEE1BBBCC68861D3	Main_Modules/PENANCES.lua:911 (official localization fallback table)	Main_Modules/PENANCES.lua:912	localization_table	no	no	no	yes	KEEP		ED3-PENANCES-RECHECK-009	source_missing	none
Main_Modules/PENANCES.lua	132	localization_table	loc_achievement_zealot_2_kills_of_shocked_enemies_last_15_fix_description	1AF12D7B74AF47E77EEBAD043DE66B95CCCEA2BDC64373A0866A9858A08F7A00	A8DCE83F0E0D75753A84EB218A7D3A43B7BE152CC57EF23A73DC753EA660AE01	Main_Modules/PENANCES.lua:916	Main_Modules/PENANCES.lua:918	localization_table	no	yes	yes	yes	KEEP		ED3-PENANCES-RECHECK-009	match	resolved
Main_Modules/PENANCES.lua	133	localization_table	loc_achievement_zealot_2_healed_up_after_resisting_death_name	0F67D0928B245A8657BF5CE95B2BF44E2FF2534F7772CEAE9A27686C46AF280B	BE052B0DCB45CD694A2D4E7F404D031A44304DE1E60E28BBEC9416C2BB8EF793	Main_Modules/PENANCES.lua:925 (official localization fallback table)	Main_Modules/PENANCES.lua:927	localization_table	no	no	no	yes	KEEP		ED3-PENANCES-RECHECK-009	source_missing	none
Main_Modules/PENANCES.lua	134	localization_table	loc_achievement_zealot_2_healed_up_after_resisting_death_description	B670BF285AE3FE78D6D8998EBFF5CBCADAF743885C836E758CF393D011B7AF53	F28BBBEB426E7B6CD5195285F60F590B285CA1C0CB027721B2CE5D0FDECA78C6	Main_Modules/PENANCES.lua:931	Main_Modules/PENANCES.lua:933	localization_table	no	yes	yes	yes	CHANGE	GRAMMAR;TERMINOLOGY;DISPLAY_CLARITY	ED3-PENANCES-RECHECK-009	match	resolved
Main_Modules/PENANCES.lua	135	localization_table	loc_class_psyker_title	8732231716E1F1F11D162685FD448112CAF54581E4796C9E8C3A62EB2058E2DB	4B990080850C64454B9D4E0809399E9F1CA5C097AF90F9807C6E3FE8EADB9A37	Main_Modules/PENANCES.lua:942	Main_Modules/PENANCES.lua:944	localization_table	no	yes	yes	yes	KEEP		ED3-PENANCES-RECHECK-009	match	resolved
Main_Modules/PENANCES.lua	136	localization_table	loc_achievement_rank_psyker_2_x_description	711B44EE3E5FACF273A41FD241204A0BB8B7F6F108F4DA2152F552F890765B46	1CD2DEEF0A5B3CEB83A89C6676D381B426977A32E5FF53CCAF015CD1845B446D	Main_Modules/PENANCES.lua:950	Main_Modules/PENANCES.lua:952	localization_table	no	yes	yes	yes	KEEP		ED3-PENANCES-RECHECK-010	match	resolved
Main_Modules/PENANCES.lua	137	localization_table	loc_achievement_missions_psyker_2_x_description	51A7534B9CFB44A1932F3AB2266C3C759AF11177FD06799F2D25D318D85D6CD8	50A11B1A94A9C956AE124B2B4ADF2C78845BBD9376B281AED1CFF7299428D360	Main_Modules/PENANCES.lua:957	Main_Modules/PENANCES.lua:959	localization_table	no	yes	yes	yes	KEEP		ED3-PENANCES-RECHECK-010	match	resolved
Main_Modules/PENANCES.lua	138	localization_table	loc_achievement_missions_psyker_2_objective_1_description	E63A05C5FE69CFE23154FF58D50D38056D139C1C3FFAEE836860BD9809EEA3C5	DE789C275AF77ABFFF3601B58C167F62803D496DA082DFCF71D5249867A94575	Main_Modules/PENANCES.lua:964	Main_Modules/PENANCES.lua:966	localization_table	no	yes	yes	yes	KEEP		ED3-PENANCES-RECHECK-010	match	resolved
Main_Modules/PENANCES.lua	139	localization_table	loc_achievement_missions_psyker_2_objective_2_description	423FBD9D9616EB44C3C3ADBAA4E1CC7C75CC37E1E66A00F3178AF49928B5CFDC	F575F307FA65209895446985F16861B77EC31FD9C81BC793364523F51A59337F	Main_Modules/PENANCES.lua:970	Main_Modules/PENANCES.lua:972	localization_table	no	yes	yes	yes	CHANGE	TERMINOLOGY;CONSISTENCY	ED3-PENANCES-RECHECK-010	match	resolved
Main_Modules/PENANCES.lua	140	localization_table	loc_achievement_missions_psyker_2_objective_3_description	714B9C4D583EB90D44C75AEA2770C3DE7CB65152FB0FE8689664FA6B9B5DB349	014906A9EC70B350F2396781C03825C325B82D69ACD809AB17CBFAAFCE3CEEAA	Main_Modules/PENANCES.lua:978	Main_Modules/PENANCES.lua:980	localization_table	no	yes	yes	yes	CHANGE	TERMINOLOGY;CONSISTENCY	ED3-PENANCES-RECHECK-010	match	resolved
Main_Modules/PENANCES.lua	141	localization_table	loc_achievement_group_psyker_2_description	7DEBD363F454FC5D33AF36119B4004AE000A2373B0CFCF2AC58C7C69AA8D60E9	27A69A0F3F99BD9B5F5A7FBF4927096130F5B7E14EAB46768EC6A3A1B85C7B23	Main_Modules/PENANCES.lua:991	Main_Modules/PENANCES.lua:993	localization_table	no	yes	yes	yes	KEEP		ED3-PENANCES-RECHECK-010	match	resolved
Main_Modules/PENANCES.lua	142	localization_table	loc_achievement_psyker_2_medium_2_name	A8424F4B7B09244DD531943D72C98ABB16EBDF41A439A28EFA2989FCA9A568E5	C196380D88303ED73BCDC0001436EDC3403AC7C5FA83379420259834E408BF81	Main_Modules/PENANCES.lua:996 (official localization fallback table)	Main_Modules/PENANCES.lua:998	localization_table	no	no	no	yes	KEEP		ED3-PENANCES-RECHECK-010	source_missing	none
Main_Modules/PENANCES.lua	143	localization_table	loc_achievement_psyker_2_medium_2_description	E8E809925CB0A473C0A0ED673A15281CE8473F159F39B93ABF2E8857B74381FB	C784644B60019D251C266B0D8978AFE6A0DC30AE5161C28740357A8D8FA7883D	Main_Modules/PENANCES.lua:1002	Main_Modules/PENANCES.lua:1004	localization_table	no	yes	yes	yes	KEEP		ED3-PENANCES-RECHECK-010	match	resolved
Main_Modules/PENANCES.lua	144	localization_table	loc_achievement_psyker_2_hard_2_name	FE795CC27DB387E4175BA8641F05F7BC26564FE6C5F08939C23F3E62FFD3D289	0B7A569E32E6FC7A85A61CE4693A9021688D562A539FD5A088F9AC50A8A00A05	Main_Modules/PENANCES.lua:1008 (official localization fallback table)	Main_Modules/PENANCES.lua:1010	localization_table	no	no	no	yes	KEEP		ED3-PENANCES-RECHECK-010	source_missing	none
Main_Modules/PENANCES.lua	145	localization_table	loc_achievement_psyker_2_hard_2_description	979238EA4BCFC80782FFF11E2FF6C5CE8725EC4B522F1BAF7E76802B06501838	40B338C5074DEC494A44BB8A3AD18F7778A3416840C3D39FF2F7E5DB5A001B7C	Main_Modules/PENANCES.lua:1014	Main_Modules/PENANCES.lua:1016	localization_table	no	yes	yes	yes	KEEP		ED3-PENANCES-RECHECK-010	match	resolved
Main_Modules/PENANCES.lua	146	localization_table	loc_achievement_group_class_psyker_2_description	7DEBD363F454FC5D33AF36119B4004AE000A2373B0CFCF2AC58C7C69AA8D60E9	27A69A0F3F99BD9B5F5A7FBF4927096130F5B7E14EAB46768EC6A3A1B85C7B23	Main_Modules/PENANCES.lua:1022	Main_Modules/PENANCES.lua:1024	localization_table	no	yes	yes	yes	KEEP		ED3-PENANCES-RECHECK-010	match	resolved
Main_Modules/PENANCES.lua	147	localization_table	loc_achievement_psyker_2_edge_kills_last_2_sec_name	06E7823090E555DE44868AE4169B53DC6D762746EAD0789F34154EB9DE36F81D	29CB8840EE467D5FA6EB88BF1E24E7C442E7264614C435E310EEE57628F33AF2	Main_Modules/PENANCES.lua:1027 (official localization fallback table)	Main_Modules/PENANCES.lua:1029	localization_table	no	no	no	yes	KEEP		ED3-PENANCES-RECHECK-010	source_missing	none
Main_Modules/PENANCES.lua	148	localization_table	loc_achievement_psyker_2_edge_kills_last_2_sec_description	C6F64F824C6BA2D20D8203684C7681DE2D9DF8946B4AF4D3C4ADEACD1574A9DB	2656CA6E07DE9A54FD2CC4D50CC3874F5BB98B164C0BB6F71BEEDB6BCE338828	Main_Modules/PENANCES.lua:1033	Main_Modules/PENANCES.lua:1035	localization_table	no	no	yes	yes	CHANGE	GRAMMAR;DISPLAY_CLARITY	ED3-PENANCES-RECHECK-010	match	resolved
Main_Modules/PENANCES.lua	149	localization_table	loc_achievement_psyker_2_easy_1_fix_description	65D47444DA3122E3C1D6AB3C19F989FA584E68B53712999B684D7BCEFDB78A0C	963D6E8A436B35025365AD9E8546BD68BD739E435712090053AE24E0DF5312F1	Main_Modules/PENANCES.lua:1043	Main_Modules/PENANCES.lua:1045	localization_table	no	yes	yes	yes	KEEP		ED3-PENANCES-RECHECK-010	match	resolved
Main_Modules/PENANCES.lua	150	localization_table	loc_achievement_psyker_2_easy_2_name	A35B015FD7D5069BCEB5A17FFA4C7DF06AF395D8210E01E6765235BC5BFA7D63	EE2543A99D02203E01AF27E57D80514892EB62A7B2796BE3C05BFD1D09DA1752	Main_Modules/PENANCES.lua:1050 (official localization fallback table)	Main_Modules/PENANCES.lua:1052	localization_table	no	no	no	yes	CHANGE	GRAMMAR;UNNATURAL	ED3-PENANCES-RECHECK-010	source_missing	none
Main_Modules/PENANCES.lua	151	localization_table	loc_achievement_psyker_2_easy_2_tweaked_description	29E3C124324C5108E960C2C6E72832F76C8B2F67A0859099E48CE7BD96E895AB	B6B180A02E16404F8DED96683D9AEEB6E3336E7C24AB0B9EC3C423055A115A1A	Main_Modules/PENANCES.lua:1056	Main_Modules/PENANCES.lua:1058	localization_table	no	yes	yes	yes	KEEP		ED3-PENANCES-RECHECK-011	match	resolved
Main_Modules/PENANCES.lua	152	localization_table	loc_achievement_psyker_2_medium_1_name	389F1D0DD511BD996B559B85EE58C9C9994B31B1C8333D4EEBB2F41949F5C7FC	3D67798CEA4D84A2A8CB23717D07F2A45A4406D5A3D158DC977ED30077934330	Main_Modules/PENANCES.lua:1064 (official localization fallback table)	Main_Modules/PENANCES.lua:1066	localization_table	no	no	no	yes	KEEP		ED3-PENANCES-RECHECK-011	source_missing	none
Main_Modules/PENANCES.lua	153	localization_table	loc_achievement_psyker_2_medium_1_fix_description	983D8E7E5E73F2F6547D852992C67AB5D058B6DB4B43E14479FEA881244815E6	640D88898558CD2CAFB07A6926FA243D6F13B72F87706F18684019042EA4CBA3	Main_Modules/PENANCES.lua:1070	Main_Modules/PENANCES.lua:1072	localization_table	no	yes	yes	yes	KEEP		ED3-PENANCES-RECHECK-011	match	resolved
Main_Modules/PENANCES.lua	154	localization_table	loc_achievement_psyker_2_hard_1_name	01B726EC5676188848094F47C3441369E42238CAEDD975C020651EEE02403582	00EFDA7F0744C5EB5EBE64FFF9FF1855A8E6CBF0C515E5EEA2CB02AC35C998B4	Main_Modules/PENANCES.lua:1080 (official localization fallback table)	Main_Modules/PENANCES.lua:1082	localization_table	no	no	no	yes	KEEP		ED3-PENANCES-RECHECK-011	source_missing	none
Main_Modules/PENANCES.lua	155	localization_table	loc_achievement_psyker_2_hard_1_fix_description	11BF31E60FB46E7B258D390D15D8BBF6871C67F6E3BBB5A84677E1DE3F3C1EEF	F32C707C5186E6A2395B9D53D00DDF14269BCBE5397142CD458F3B7DCF627F51	Main_Modules/PENANCES.lua:1086	Main_Modules/PENANCES.lua:1088	localization_table	no	yes	yes	yes	KEEP		ED3-PENANCES-RECHECK-011	match	resolved
Main_Modules/PENANCES.lua	156	localization_table	loc_achievement_psyker_elite_or_special_kills_with_assail_name	F29E67879570C2BBFB6B1B32DF4405328D89FC8BFD12B58813850BAA4B14CA68	29B6B1D5ADC34FD60BF76D2E67C1B26A66D26FB04642173F56A422282EB06B88	Main_Modules/PENANCES.lua:1097 (official localization fallback table)	Main_Modules/PENANCES.lua:1099	localization_table	no	no	no	yes	KEEP		ED3-PENANCES-RECHECK-011	source_missing	none
Main_Modules/PENANCES.lua	157	localization_table	loc_achievement_psyker_elite_or_special_kills_with_assail_description	5E01EFF5C3B865F93DE84E728A723CA6DB4B50AC299BB20E202FF11FD969E9D8	D441B09252E9677203D43816155C5F9E43663B33A4C5ADFD8BC12A9CDEBF4166	Main_Modules/PENANCES.lua:1103	Main_Modules/PENANCES.lua:1105	localization_table	no	yes	yes	yes	KEEP		ED3-PENANCES-RECHECK-011	match	resolved
Main_Modules/PENANCES.lua	158	localization_table	loc_achievement_psyker_kills_during_overcharge_stance_description	AFD6A07344EE226D0BBE015588D4018AE265192807FF9AB7EF9934C80A2FF60D	EF12B85A0E74E3C2DC87CBCCF83757C97C8DAAA91C8D3F1EC5024417A4CF630F	Main_Modules/PENANCES.lua:1110	Main_Modules/PENANCES.lua:1112	localization_table	no	yes	yes	yes	KEEP		ED3-PENANCES-RECHECK-011	match	resolved
Main_Modules/PENANCES.lua	159	localization_table	loc_achievement_psyker_kills_with_empowered_abilites_description	F21B702D9E74987C439098329E3239153EBB3B0F56883AB308BECE9C4F4440DA	A0C4936779D44ADE82E13BBFEA0086D90E5BD5B1506610F38B0B47F3CDBFAB90	Main_Modules/PENANCES.lua:1118	Main_Modules/PENANCES.lua:1120	localization_table	no	yes	yes	yes	KEEP		ED3-PENANCES-RECHECK-011	match	resolved
Main_Modules/PENANCES.lua	160	localization_table	loc_achievement_psyker_time_at_max_unnatural_description	F48BC598A2E003869D0AAB0543882565455FC3CDE7F6E466095A2F455541C521	7845749E109882633F3113E62D9CE5CA2A3CF8215B20D0C8658BD3DDA0ADDE58	Main_Modules/PENANCES.lua:1127	Main_Modules/PENANCES.lua:1129	localization_table	no	yes	yes	yes	KEEP		ED3-PENANCES-RECHECK-011	match	resolved
Main_Modules/PENANCES.lua	161	localization_table	loc_achievement_psyker_damage_blocked_with_shield_name	EB20F3F128A90CACBD5CF17EBAE5C05B697BCEEFD9233AB001685BA1FE937E6B	8935F8E4E0CA497B49B93FA8A6ECB6948799A46C4A4E3445BFD1C941C9004DF1	Main_Modules/PENANCES.lua:1135 (official localization fallback table)	Main_Modules/PENANCES.lua:1137	localization_table	no	no	no	yes	KEEP		ED3-PENANCES-RECHECK-011	source_missing	none
Main_Modules/PENANCES.lua	162	localization_table	loc_achievement_psyker_damage_blocked_with_shield_description	A08F01BF4A8E61CA3F1A7A63783E28726C8D8DFDD9CD1AB08F55D398B1467939	266DD5BB6000755B5982E59B9DF5F8062A46856A00DDA18BCC69DE618182F3D3	Main_Modules/PENANCES.lua:1141	Main_Modules/PENANCES.lua:1143	localization_table	no	yes	yes	yes	KEEP		ED3-PENANCES-RECHECK-011	match	resolved
Main_Modules/PENANCES.lua	163	localization_table	loc_achievement_psyker_team_elite_aura_kills_description	1A71C8AC75A7F21560DB1D694D505695F0FB8D67C591DDF2A638AD16920F5B47	46AC8684C46CF3147B351B8CFE453E0D3EC3FFF438E1CC65AA0E2903E9E46B5C	Main_Modules/PENANCES.lua:1149	Main_Modules/PENANCES.lua:1151	localization_table	no	yes	yes	yes	KEEP		ED3-PENANCES-RECHECK-011	match	resolved
Main_Modules/PENANCES.lua	164	localization_table	loc_achievement_psyker_team_cooldown_reduced_name	153BA988DC2846875EA08767FD37BBB981DE13282AA8F0158236361FFF356734	4A9B023F4652A62E922BD2D4F0D25BD5EB18DF62D93E513A539295CF0246F0E9	Main_Modules/PENANCES.lua:1157 (official localization fallback table)	Main_Modules/PENANCES.lua:1159	localization_table	no	no	no	yes	KEEP		ED3-PENANCES-RECHECK-011	source_missing	none
Main_Modules/PENANCES.lua	165	localization_table	loc_achievement_psyker_team_cooldown_reduced_description	188C54211525A10E48516660047C72989B461D34EC9EE76018B71AF412BE230E	DFB98C2CD6207664FBD5918852BF5DBDD93B20FC41B637D6FF5797D137E3707E	Main_Modules/PENANCES.lua:1163	Main_Modules/PENANCES.lua:1165	localization_table	no	yes	yes	yes	KEEP		ED3-PENANCES-RECHECK-011	match	resolved
Main_Modules/PENANCES.lua	166	localization_table	loc_achievement_psyker_team_critical_hits_description	FB4C8B49F96AFAB39B70442ADA49A0D23A02F441011F25740C9E4154718AE1C6	1BD10DCA968B04524E38C64D641E3F0B434C4E6BB7A07D16EFDDD073EC96143F	Main_Modules/PENANCES.lua:1172	Main_Modules/PENANCES.lua:1174	localization_table	no	yes	yes	yes	KEEP		ED3-PENANCES-RECHECK-012	match	resolved
Main_Modules/PENANCES.lua	167	localization_table	loc_achievement_psyker_threshold_kills_reached_with_grenade_chain_description	750D1CD112EBF8A8FC3694422A791D57D82649107CEF4F53F8C2674DE2A02BE3	D1AB0B05E42AA48A643B17597E6259BF8C4A2DDE62F4C6B8BE9C713334E15C3A	Main_Modules/PENANCES.lua:1182	Main_Modules/PENANCES.lua:1184	localization_table	no	yes	yes	yes	KEEP		ED3-PENANCES-RECHECK-012	match	resolved
Main_Modules/PENANCES.lua	168	localization_table	loc_achievement_psyker_2_smite_hound_mid_leap_fix_description	716CA362481E1D3FA7C81F7FFEB42018C4E36F759D79B848A34DA8C0B24AF0B1	083631D3B1FA64ACBD9BCD7F9AFB3FF575B8CB58F2DB0793879410AF9D8B6799	Main_Modules/PENANCES.lua:1192	Main_Modules/PENANCES.lua:1194	localization_table	no	yes	yes	yes	KEEP		ED3-PENANCES-RECHECK-012	match	resolved
Main_Modules/PENANCES.lua	169	localization_table	loc_achievement_psyker_2_stay_at_max_souls_for_duration_description	8D68378DBF04AD20C500D6A8263DF7819B450314BE1C5FA37E7220D252FDB29F	9E00AC99DC1953947B8101F8696034D8C299715F8A021BF9044849469D7EEBB5	Main_Modules/PENANCES.lua:1201	Main_Modules/PENANCES.lua:1203	localization_table	no	yes	yes	yes	KEEP		ED3-PENANCES-RECHECK-012	match	resolved
Main_Modules/PENANCES.lua	170	localization_table	loc_achievement_psyker_2_perils_of_the_warp_elite_kills_name	76CEB3B25AC82CB4C6F469577341173EA12D583E77579E0C1F88A69221538CA7	41A1F21189EB53CA96088C7E254D4D9B4ED291CFB939886A508126FC291A6078	Main_Modules/PENANCES.lua:1207 (official localization fallback table)	Main_Modules/PENANCES.lua:1209	localization_table	no	no	no	yes	KEEP		ED3-PENANCES-RECHECK-012	source_missing	none
Main_Modules/PENANCES.lua	171	localization_table	loc_achievement_psyker_2_perils_of_the_warp_elite_kills_description	7167DD5A703E279444EDF9BB89D3FE8D5604D3CDF74153B19C12B258317D2E56	EF243ECC5D0D5CFFE3D7F04BB378802C1C8809A8B8732FB8C14DFDEC68F39CD8	Main_Modules/PENANCES.lua:1213	Main_Modules/PENANCES.lua:1215	localization_table	no	yes	yes	yes	KEEP		ED3-PENANCES-RECHECK-012	match	resolved
Main_Modules/PENANCES.lua	172	localization_table	loc_achievement_psyker_2_elite_or_special_kills_with_smite_last_10_sec_description_rework	2AA67E0835EA74220FAA15383B4AD60928B23793DBF1164EE97C0AD429ADF324	BF0C6EC748A167C33B597B112F294EC78AF8B84D5F455F13B5BE5E8A6B878799	Main_Modules/PENANCES.lua:1223	Main_Modules/PENANCES.lua:1225	localization_table	no	yes	yes	yes	KEEP		ED3-PENANCES-RECHECK-012	match	resolved
Main_Modules/PENANCES.lua	173	localization_table	loc_achievement_psyker_2_kill_boss_solo_with_smite_fix_description	04C96EE8ABDB1C6851E4E4663BBF133CDA1B1EC22489E5C1ED0D0B90A0FB450D	2EF423247D821DED7CE01468784D69E80FBFB3FE53ED65BCE03BAA0B794BBA8A	Main_Modules/PENANCES.lua:1234	Main_Modules/PENANCES.lua:1236	localization_table	no	yes	yes	yes	CHANGE	GRAMMAR;TERMINOLOGY;DISPLAY_CLARITY	ED3-PENANCES-RECHECK-012	match	resolved
Main_Modules/PENANCES.lua	174	localization_table	loc_class_ogryn_title	F86F189A547FA3A7E19C863DD09E355E5CB7C24775CF1C6BB8DC5FE1A0980D9A	8E3B774351813836559A5274FB4B4001AD6C201DF85439381445AF0A33F2D58D	Main_Modules/PENANCES.lua:1247	Main_Modules/PENANCES.lua:1249	localization_table	no	yes	yes	yes	KEEP		ED3-PENANCES-RECHECK-012	match	resolved
Main_Modules/PENANCES.lua	175	localization_table	loc_achievement_rank_ogryn_2_x_name	B79DB4BD4CD093DCB26FDBFFC7B18D0FEC1D0608E5DB849552DCF5478641E4EC	F0B5F681FD4B3AD26AC85F43B792AA5F10E2C8653F9200E848E61F23C53484B6	Main_Modules/PENANCES.lua:1253 (official localization fallback table)	Main_Modules/PENANCES.lua:1255	localization_table	no	no	no	yes	KEEP		ED3-PENANCES-RECHECK-012	source_missing	none
Main_Modules/PENANCES.lua	176	localization_table	loc_achievement_rank_ogryn_2_x_description	B9844EAD525D270B903B7C6445C888A8E44B4ACC4425698040C65902366B2B7F	AAA088C07CE4A3C8B480081644C9AE7897D8A1032596913CEDFF67E520713CE1	Main_Modules/PENANCES.lua:1259	Main_Modules/PENANCES.lua:1261	localization_table	no	yes	yes	yes	KEEP		ED3-PENANCES-RECHECK-012	match	resolved
Main_Modules/PENANCES.lua	177	localization_table	loc_achievement_missions_ogryn_2_x_name	CCC5117376BEE973D69B63A92AE8EA2FAB1FBCB33506E423E5F36B055688ABD8	005F0A4A087DBA7D8CF19157DFE68F5100429AD34CC647E26719F57663A06621	Main_Modules/PENANCES.lua:1264 (official localization fallback table)	Main_Modules/PENANCES.lua:1266	localization_table	no	no	no	yes	KEEP		ED3-PENANCES-RECHECK-012	source_missing	none
Main_Modules/PENANCES.lua	178	localization_table	loc_achievement_missions_ogryn_2_x_description	C642F21EE08E70F87540D3ADB02F20C2CE557408856226DBC685801CF41D5BFE	0F3B83F7DEE1DE62BCB4F0A6238D2CEAEEB49C1DD5D2644510B864186FBC60CB	Main_Modules/PENANCES.lua:1270	Main_Modules/PENANCES.lua:1272	localization_table	no	yes	yes	yes	KEEP		ED3-PENANCES-RECHECK-012	match	resolved
Main_Modules/PENANCES.lua	179	localization_table	loc_achievement_missions_ogryn_2_objective_1_name	2F9CEA516D4E18D7DD745A60E1568E64035A12523720810A1F39E6FE69E02F78	1C76375D4F950B6B2F0647127CB88E24F2FB7918681B95931EAB23B0CC03E040	Main_Modules/PENANCES.lua:1276	Main_Modules/PENANCES.lua:1278	localization_table	no	no	no	yes	KEEP		ED3-PENANCES-RECHECK-012	match	none
Main_Modules/PENANCES.lua	180	localization_table	loc_achievement_missions_ogryn_2_objective_1_description	AD59ED3008B0992053700E06BB5CCCE8966B856CB02649D96C285F34DCC7FECF	68810DC72B8C03F1A59B3045EC0CC188F5FDAF2727B37FBA0B5B6AC135C2A196	Main_Modules/PENANCES.lua:1282	Main_Modules/PENANCES.lua:1284	localization_table	no	yes	yes	yes	KEEP		ED3-PENANCES-RECHECK-012	match	resolved
Main_Modules/PENANCES.lua	181	localization_table	loc_achievement_missions_ogryn_2_objective_2_name	9E84D3C1A92AE76AEFAAFC78E9D89E1A8E8AAAC8289342ACFC5007786F6C349E	577BDBF8BF3CDAA118364051EC26D86554D8AC52FDD5F720E56C658427E96A03	Main_Modules/PENANCES.lua:1289 (official localization fallback table)	Main_Modules/PENANCES.lua:1291	localization_table	no	no	no	yes	KEEP		ED3-PENANCES-RECHECK-013	source_missing	none
Main_Modules/PENANCES.lua	182	localization_table	loc_achievement_missions_ogryn_2_objective_2_description	6A64D4B765F06EF76FA0AFAF66B90F103CAC862228608E9168E4D144C3A4F6F0	A39C5211949B682D7B99130F36260C1B0A3535A7689049384324AA479CE2DF09	Main_Modules/PENANCES.lua:1295	Main_Modules/PENANCES.lua:1297	localization_table	no	yes	yes	yes	KEEP		ED3-PENANCES-RECHECK-013	match	resolved
Main_Modules/PENANCES.lua	183	localization_table	loc_achievement_missions_ogryn_2_objective_3_name	4CF5558D2E54F69F9D8A6B5385419F7D257FE085526F35199F878F8CF99643B6	1BD73604320A41EDE4BE62501DA30E19BDE02637E91D6266BC0C591438CA49FB	Main_Modules/PENANCES.lua:1302 (official localization fallback table)	Main_Modules/PENANCES.lua:1304	localization_table	no	no	no	yes	KEEP		ED3-PENANCES-RECHECK-013	source_missing	none
Main_Modules/PENANCES.lua	184	localization_table	loc_achievement_missions_ogryn_2_objective_3_description	CB7D3B38EA2DEE3464D69198819921DCAE6A0A91625F5633D4EC912330E091B8	0CDBC3FBAB5450082B011086DE801651D633FBEEB0D2BED5B69F67518044F299	Main_Modules/PENANCES.lua:1308	Main_Modules/PENANCES.lua:1310	localization_table	no	yes	yes	yes	KEEP		ED3-PENANCES-RECHECK-013	match	resolved
Main_Modules/PENANCES.lua	185	localization_table	loc_achievement_group_ogryn_2_description	83EEFD95BC23EC72C9738D6F6AD61D4C5A8795F750F43AE95CCA0D5F4ACC5A14	ABD95D5A1E7325F2399F9D59D6669E3941D38B7EEA82ABB14964F956151C4363	Main_Modules/PENANCES.lua:1321	Main_Modules/PENANCES.lua:1323	localization_table	no	yes	yes	yes	KEEP		ED3-PENANCES-RECHECK-013	match	resolved
Main_Modules/PENANCES.lua	186	localization_table	loc_achievement_ogryn_2_easy_1_name	A4D890D230424EBC3BAD63D482191538650D49D91FE6CCA5AEF16AD2319A531A	E9ED9B1B2A8A4CEB8FF0E7C26BA6028547C1DB040920929A0E1E2A1489067770	Main_Modules/PENANCES.lua:1326 (official localization fallback table)	Main_Modules/PENANCES.lua:1328	localization_table	no	no	no	yes	KEEP		ED3-PENANCES-RECHECK-013	source_missing	none
Main_Modules/PENANCES.lua	187	localization_table	loc_achievement_ogryn_2_easy_1_description	C1FAB5F95638CDB99B1F879899B5DA100572DA0648098DB0F2D7387959702E7B	77818224FE27F4098E111B03FA2309CFF52CEEEDF02338BCC23467A5598B0F7D	Main_Modules/PENANCES.lua:1332	Main_Modules/PENANCES.lua:1334	localization_table	no	no	yes	yes	KEEP		ED3-PENANCES-RECHECK-013	match	resolved
Main_Modules/PENANCES.lua	188	localization_table	loc_achievement_ogryn_2_easy_2_name	8ECCEA69B0A08DC8C2E693648E32C2B610CDE230207720D6D8FBF73D36306B04	CC03A5A5E8EEACE8AD5CE75F8D34111170D3710D4E657AACE40DCF4849C9656A	Main_Modules/PENANCES.lua:1337 (official localization fallback table)	Main_Modules/PENANCES.lua:1339	localization_table	no	no	no	yes	KEEP		ED3-PENANCES-RECHECK-013	source_missing	none
Main_Modules/PENANCES.lua	189	localization_table	loc_achievement_ogryn_2_easy_2_description	EF74BA83BD6DA3DE53852083F5A0897C2AB50DF7E13DDE283A71DB90B4AA88E5	A94CEBF279E7DB96F6397CBBF9B543453B13B3451BB0D2A37D469D590BDDC7F3	Main_Modules/PENANCES.lua:1343	Main_Modules/PENANCES.lua:1345	localization_table	no	no	yes	yes	KEEP		ED3-PENANCES-RECHECK-013	match	resolved
Main_Modules/PENANCES.lua	190	localization_table	loc_achievement_ogryn_2_medium_2_name	E69E1FC8EE29EC7C6AB2365D08149679C8D1E26A92166E5C8CF02AE74199006E	5D28C014AFD643C6C0E426B08FBC3220B8E71587996E39CD21D14919C10CF5C2	Main_Modules/PENANCES.lua:1348 (official localization fallback table)	Main_Modules/PENANCES.lua:1350	localization_table	no	no	no	yes	KEEP		ED3-PENANCES-RECHECK-013	source_missing	none
Main_Modules/PENANCES.lua	191	localization_table	loc_achievement_ogryn_2_medium_2_description	361EA5546F3B379EE4FBCCA269492A581EABD6C97C6ED574DDE88520D7364FE6	529F7387E0958405FC03C76ADB9489FE735CE594E637896225FBACC93CB30219	Main_Modules/PENANCES.lua:1354	Main_Modules/PENANCES.lua:1356	localization_table	no	yes	yes	yes	KEEP		ED3-PENANCES-RECHECK-013	match	resolved
Main_Modules/PENANCES.lua	192	localization_table	loc_achievement_ogryn_2_hard_1_description	413DC541445DB9C7ACEE4112F154A55C80B75F267003E827803E047119D919D0	08FA590FF61209CEA662EE42ECC2E9689ADDBA51FEF98F869A9FE56CD1A7F27E	Main_Modules/PENANCES.lua:1362	Main_Modules/PENANCES.lua:1364	localization_table	no	yes	yes	yes	KEEP		ED3-PENANCES-RECHECK-013	match	resolved
Main_Modules/PENANCES.lua	193	localization_table	loc_achievement_group_class_ogryn_2_1_name	779711B313423FC5BAEF89EBA0ADCF89DA5EB0AA4EF9191D4BEC8B8693EEEF93	5D22AC891858E3AB639DF55B3389BB399C821F3F5BE73ECE1A537F6A29F8EDE4	Main_Modules/PENANCES.lua:1370 (official localization fallback table)	Main_Modules/PENANCES.lua:1372	localization_table	no	no	no	yes	KEEP		ED3-PENANCES-RECHECK-013	source_missing	none
Main_Modules/PENANCES.lua	194	localization_table	loc_achievement_group_class_ogryn_2_2_name	D2857AF0F45CCFACEE73C042B4B0D9B3F1994E5B9E00A553541A273EB79E47E9	5C94F9D4AD38CACDDC0C749332A8D3C7EFC00B458FF0B203A376A933C3D9BB52	Main_Modules/PENANCES.lua:1375 (official localization fallback table)	Main_Modules/PENANCES.lua:1377	localization_table	no	no	no	yes	KEEP		ED3-PENANCES-RECHECK-013	source_missing	none
Main_Modules/PENANCES.lua	195	localization_table	loc_achievement_group_class_ogryn_2_3_name	EE766C88AD0FAF87CE8DEC1FD7E276EC245326484EBF4BA694317E1F41392C46	16B43996684EB900158604CF84654FB0C010AA260DCF4DC10E4E0BA705AAC58F	Main_Modules/PENANCES.lua:1380 (official localization fallback table)	Main_Modules/PENANCES.lua:1382	localization_table	no	no	no	yes	KEEP		ED3-PENANCES-RECHECK-013	source_missing	none
Main_Modules/PENANCES.lua	196	localization_table	loc_achievement_group_class_ogryn_2_description	83EEFD95BC23EC72C9738D6F6AD61D4C5A8795F750F43AE95CCA0D5F4ACC5A14	ABD95D5A1E7325F2399F9D59D6669E3941D38B7EEA82ABB14964F956151C4363	Main_Modules/PENANCES.lua:1386	Main_Modules/PENANCES.lua:1388	localization_table	no	yes	yes	yes	KEEP		ED3-PENANCES-RECHECK-014	match	resolved
Main_Modules/PENANCES.lua	197	localization_table	loc_achievement_ogryn_2_win_with_coherency_all_alive_units_description	122A4AC95458B0BAFC0CB606541CB15525B0DA57BD90DDE28F3D08DAB7343024	543AB90B9BD24A71AFFD4B55A7AC63E73969D9BBE9A506FD303B3100C8C3DDE5	Main_Modules/PENANCES.lua:1393	Main_Modules/PENANCES.lua:1395	localization_table	no	yes	yes	yes	KEEP		ED3-PENANCES-RECHECK-014	match	resolved
Main_Modules/PENANCES.lua	198	localization_table	loc_achievement_ogryn_2_medium_1_fix_description	4A0173BDB929A891638E866214EC8BDC39E9544ECCB772D80147A4AA4B7BA693	75896028BCA99A61858EBADB44C2BD9FB4312360AF2A40C78983EC0EA5FB5B60	Main_Modules/PENANCES.lua:1402	Main_Modules/PENANCES.lua:1404	localization_table	no	yes	yes	yes	KEEP		ED3-PENANCES-RECHECK-014	match	resolved
Main_Modules/PENANCES.lua	199	localization_table	loc_achievement_ogryn_2_hard_2_fix_description	6E208EB48E4A421B539903D31DE02E0E43C0F4A4CEBECF2C16D990711F650A5A	EA267D86BB6744189884B92EFA188EFFDEDA1D30E75B0DC1BB5EE07B50DFADC0	Main_Modules/PENANCES.lua:1411	Main_Modules/PENANCES.lua:1413	localization_table	no	yes	yes	yes	KEEP		ED3-PENANCES-RECHECK-014	match	resolved
Main_Modules/PENANCES.lua	200	localization_table	loc_achievement_ogryn_taunt_shout_hit_name	A3ABF5FBCA1FBB508E9DE472D1AE729F6FE2ED049254C1F8084919241E052ABD	3B0AFB15CA83D4FC832C00CE2E558DDD49BA9644529FCF7F8DE17FE59155E5A9	Main_Modules/PENANCES.lua:1419 (official localization fallback table)	Main_Modules/PENANCES.lua:1421	localization_table	no	no	no	yes	KEEP		ED3-PENANCES-RECHECK-014	source_missing	none
Main_Modules/PENANCES.lua	201	localization_table	loc_achievement_ogryn_taunt_shout_hit_description	9BD2B051D2627BCFA6845D1D697F570E8B78DA00C9116F8B6E4C13A6313FA23B	3DE8B1BD7C331358D3B329C74FE32F67CCFABC74CC7DD302EEC359BF3DAAD713	Main_Modules/PENANCES.lua:1425	Main_Modules/PENANCES.lua:1427	localization_table	no	yes	yes	yes	KEEP		ED3-PENANCES-RECHECK-014	match	resolved
Main_Modules/PENANCES.lua	202	localization_table	loc_achievement_ogryn_grenade_rock_elites_or_specialists_name	57320ED73F118B96909A90C1D87E3E4FBD069F38560C2684C40836BB52B563E5	F46A8D26099D204FF8C643F2E9612DD58B29FF899C6B717BBA52AA9849C420BC	Main_Modules/PENANCES.lua:1431 (official localization fallback table)	Main_Modules/PENANCES.lua:1434	localization_table	no	no	no	yes	KEEP		ED3-PENANCES-RECHECK-014	source_missing	none
Main_Modules/PENANCES.lua	203	localization_table	loc_achievement_ogryn_grenade_rock_elites_or_specialists_description	0B99D707C3ABA0987EC4DA61EB5FCBDC4BDE2D34282C35BD5F31167ED32EF181	315039427EF52767A1C9DEF27C3E5166DAA00AB1FC6F2FF9577BAD4BFE2B1199	Main_Modules/PENANCES.lua:1438	Main_Modules/PENANCES.lua:1440	localization_table	no	yes	yes	yes	KEEP		ED3-PENANCES-RECHECK-014	match	resolved
Main_Modules/PENANCES.lua	204	localization_table	loc_achievement_ogryn_grenade_frag_group_of_enemies_name	8A266F47C2853BB52D2DD5AB757D060F2127DC5A65B0274895B5BF954428045E	980CDEC596756DC1EC75B7E8FFF7098C93A4F35EFDD25581B97FDE41D41C106C	Main_Modules/PENANCES.lua:1443 (official localization fallback table)	Main_Modules/PENANCES.lua:1445	localization_table	no	no	no	yes	KEEP		ED3-PENANCES-RECHECK-014	source_missing	none
Main_Modules/PENANCES.lua	205	localization_table	loc_achievement_ogryn_grenade_frag_group_of_enemies_description	52FAB9317641186609FAA82AA262A1BB333831B2915367E132C6927BE651948F	E3BF2ACAD14F1B0F97D85D8839F929424C5D05025EB3E4473B52FD0954277CC4	Main_Modules/PENANCES.lua:1449	Main_Modules/PENANCES.lua:1451	localization_table	no	yes	yes	yes	KEEP		ED3-PENANCES-RECHECK-014	match	resolved
Main_Modules/PENANCES.lua	206	localization_table	loc_achievement_ogryn_kills_during_max_stacks_heavy_hitter_new_description	64CA464B067E6A080238AB7BE0FEFC4846266F739D62779F9472B9EF5866ACD6	9F85D879EDF3AB0747F36D2F620427EE732E255EF25DE6A3CED81CCC94E9C204	Main_Modules/PENANCES.lua:1460	Main_Modules/PENANCES.lua:1462	localization_table	no	yes	yes	yes	KEEP		ED3-PENANCES-RECHECK-014	match	resolved
Main_Modules/PENANCES.lua	207	localization_table	loc_achievement_ogryn_kills_during_barrage_threshold_name	DEECC709AAF50B95B609F41761DE76F78BD9499326BCC51C5DE72B21FC860DDD	666038D9D4A113284F1FF5FE9A0D76F3BDE18D0E0DCB82F5CE1562C1A2AC07B3	Main_Modules/PENANCES.lua:1466 (official localization fallback table)	Main_Modules/PENANCES.lua:1469	localization_table	no	no	no	yes	KEEP		ED3-PENANCES-RECHECK-014	source_missing	none
Main_Modules/PENANCES.lua	208	localization_table	loc_achievement_ogryn_kills_during_barrage_threshold_description	D3F7E776EFDF5F5FC8747E052D9925A6D523C194487C0A09D1E6ED9DA1990A65	EEE822D125512C2850CD69AA267143BA05C2CE0A34309FDCC87F22F9F9EAF73F	Main_Modules/PENANCES.lua:1473	Main_Modules/PENANCES.lua:1475	localization_table	no	yes	yes	yes	KEEP		ED3-PENANCES-RECHECK-014	match	resolved
Main_Modules/PENANCES.lua	209	localization_table	loc_achievement_ogryn_ogryn_feel_no_pain_kills_at_max_name	B0B00B544B31137AF2A845279A8300B50932FA82D76CD2DB7AFA9EAA7D95146A	7BF981421D70169C0FA30987C0898733C9A2287F675F123232D7B54A12CA74CB	Main_Modules/PENANCES.lua:1480 (official localization fallback table)	Main_Modules/PENANCES.lua:1482	localization_table	no	no	no	yes	KEEP		ED3-PENANCES-RECHECK-014	source_missing	none
Main_Modules/PENANCES.lua	210	localization_table	loc_achievement_ogryn_feel_no_pain_kills_at_max_description	11B47B5F7A1DF7BD632052F1F3C0042701762DF718E6D39BBEBC76A4EBD96941	A263A14CEBAEF5028F4A64D16031E01028C145FC113DEB8CC032AA04B4141EDD	Main_Modules/PENANCES.lua:1486	Main_Modules/PENANCES.lua:1488	localization_table	no	yes	yes	yes	KEEP		ED3-PENANCES-RECHECK-014	match	resolved
Main_Modules/PENANCES.lua	211	localization_table	loc_achievement_ogryn_leadbelcher_free_shot_description	D7E5E71B454649180EF7827D75507936B65E75F4DF559688EFD829DF63B16321	9EB18487217235E085EF0A6D2EF17B72075C50F417FC739B4BCE9DB4BC5AC9F3	Main_Modules/PENANCES.lua:1494	Main_Modules/PENANCES.lua:1496	localization_table	no	yes	yes	yes	KEEP		ED3-PENANCES-RECHECK-015	match	resolved
Main_Modules/PENANCES.lua	212	localization_table	loc_achievement_ogryn_team_heavy_aura_kills_description	0E5A768F97321326C32DD74896C52D4F2DE2F7C80FF72B4094C69455EE35FBCB	3AA9EFE0C5BBE7B7BBA2E8F1F96C429194B8DD43276A40F4A99FA93FE17DBA75	Main_Modules/PENANCES.lua:1501	Main_Modules/PENANCES.lua:1503	localization_table	no	yes	yes	yes	KEEP		ED3-PENANCES-RECHECK-015	match	resolved
Main_Modules/PENANCES.lua	213	localization_table	loc_achievement_ogryn_team_suppressed_aura_kills_name	153B0BF8BED216D0A882B5612255C73943AC0BB792E0E97E4BEED66D9AB4D796	90F2B54B32CDCD3938D159A9C7B4268FAFDB554901748A810DAEDBD9FB706043	Main_Modules/PENANCES.lua:1508 (official localization fallback table)	Main_Modules/PENANCES.lua:1510	localization_table	no	no	no	yes	KEEP		ED3-PENANCES-RECHECK-015	source_missing	none
Main_Modules/PENANCES.lua	214	localization_table	loc_achievement_ogryn_team_suppressed_aura_kills_description	3BBEB7B81380D14B3260BA9F5C15C0F8A6B5CE125E260D5CB7FB6B3D2FE634FF	973EA4B5F075D3113A9CE7B6125685C342656507F3A66B412F1AEA8239DFBB1F	Main_Modules/PENANCES.lua:1514	Main_Modules/PENANCES.lua:1516	localization_table	no	yes	yes	yes	KEEP		ED3-PENANCES-RECHECK-015	match	resolved
Main_Modules/PENANCES.lua	215	localization_table	loc_achievement_ogryn_team_toughness_restored_aura_description	24993677DF28EC62DC071EB2F74D6BD98C7350265C710DE42C79B6678E120E03	E425144F6D874D2A3DDBE657D75546000E308F48ABAF3C3D96BF745A3786D538	Main_Modules/PENANCES.lua:1523	Main_Modules/PENANCES.lua:1525	localization_table	no	yes	yes	yes	KEEP		ED3-PENANCES-RECHECK-015	match	resolved
Main_Modules/PENANCES.lua	216	localization_table	loc_achievement_ogryn_2_bull_rushed_charging_ogryn_name	92CEFDB2D073654E5F1A0C0DAE952CA3148FAC5659D1DA8D6E20011D3C07056F	0FEDFCD21A8FEC3519D949EDEB4AB00FD89CBA6313826A20035AD3069C3083E7	Main_Modules/PENANCES.lua:1530 (official localization fallback table)	Main_Modules/PENANCES.lua:1532	localization_table	no	no	no	yes	KEEP		ED3-PENANCES-RECHECK-015	source_missing	none
Main_Modules/PENANCES.lua	217	localization_table	loc_achievement_ogryn_2_bull_rushed_charging_ogryn_fix_description	74F7969DE081F470BFC1552CC1EE5E9C2C12CFE164EAF5080AF423A363F7E2AA	7068321063229C477076BFB5CD3FA65D2610B185C640EEA7F3F75EBE594E384F	Main_Modules/PENANCES.lua:1536	Main_Modules/PENANCES.lua:1538	localization_table	no	yes	yes	yes	KEEP		ED3-PENANCES-RECHECK-015	match	resolved
Main_Modules/PENANCES.lua	218	localization_table	loc_achievement_ogryn_2_killed_corruptor_with_grenade_impact_name	BE86A3A8ED22E44AB6C5FEB0250FD68ED33F323C071A7ED5EAE3DBC42A40D5ED	034D4C7287A3F84636B5D03AED927147858449B91205EEA8AD97624562D0F12F	Main_Modules/PENANCES.lua:1542 (official localization fallback table)	Main_Modules/PENANCES.lua:1544	localization_table	no	no	no	yes	KEEP		ED3-PENANCES-RECHECK-015	source_missing	none
Main_Modules/PENANCES.lua	219	localization_table	loc_achievement_ogryn_2_killed_corruptor_with_grenade_impact_description	7FEB1077A3C78E7B25F85D72A597C0BF45D7F7424E2FB1ED81F5853757F0D402	AE382F3E26226EABB60B508F3B3F3F898B64284478803814FC19E140AF7BF0EC	Main_Modules/PENANCES.lua:1548	Main_Modules/PENANCES.lua:1550	localization_table	no	yes	yes	yes	KEEP		ED3-PENANCES-RECHECK-015	match	resolved
Main_Modules/PENANCES.lua	220	localization_table	loc_achievement_ogryn_2_bull_rushed_100_enemies_name	52BACB243F12F0776C87A409DF4A9259727C0287FEC0C8DDDB1CA013A3773FF4	20C4CF24D64173DEABF69DFE41F2D21189D383B8B66FC10E509EFEF9FAB3F437	Main_Modules/PENANCES.lua:1554 (official localization fallback table)	Main_Modules/PENANCES.lua:1556	localization_table	no	no	no	yes	CHANGE	TERMINOLOGY;DISPLAY_CLARITY	ED3-PENANCES-RECHECK-015	source_missing	none
Main_Modules/PENANCES.lua	221	localization_table	loc_achievement_ogryn_2_bull_rushed_100_enemies_fix_description	6E8C40841158371219294254795CCED00EA2B23F734963AC7FE7253E88B2DAD4	25552C178BCE795AA789E0D6DE804EF6CD0FDE25BB348033F790A0DEE4CEF00B	Main_Modules/PENANCES.lua:1560	Main_Modules/PENANCES.lua:1562	localization_table	no	yes	yes	yes	KEEP		ED3-PENANCES-RECHECK-015	match	resolved
Main_Modules/PENANCES.lua	222	localization_table	loc_achievement_ogryn_2_bull_rushed_70_within_25_seconds_name	9966B10814CF5AA3BB103E3B2B25808272BF0419013E06E2DABF5C92C7952F75	D97BA462688493214F2B13E0C419EEBE5A9AB718A282CAC0D1AD76E73775E0EE	Main_Modules/PENANCES.lua:1567 (official localization fallback table)	Main_Modules/PENANCES.lua:1569	localization_table	no	no	no	yes	KEEP		ED3-PENANCES-RECHECK-015	source_missing	none
Main_Modules/PENANCES.lua	223	localization_table	loc_achievement_ogryn_2_bull_rushed_70_within_25_seconds_fix_description	AF6B277177BEFB6D4DF14B84ECBBF6C9262C7CD62A0632CD9261743A58CA501F	CA95399B8591FA89F4D572C2027961408E75B5C579D5634A367ECBC9F18F6C1D	Main_Modules/PENANCES.lua:1573	Main_Modules/PENANCES.lua:1575	localization_table	no	yes	yes	yes	CHANGE	WRONG_MEANING;DISPLAY_CLARITY	ED3-PENANCES-RECHECK-015	match	resolved
Main_Modules/PENANCES.lua	224	localization_table	loc_achievement_ogryn_2_bull_rushed_4_ogryns_fix_description	22A5F233C15337A90689105F70797D0C7307DD1C31079FA079BDCBE98A4DF162	66DF933AE4CCE68C83B3C440EDDAC5734A2EAC65648B3A96165DA9650B42230D	Main_Modules/PENANCES.lua:1582	Main_Modules/PENANCES.lua:1584	localization_table	no	yes	yes	yes	KEEP		ED3-PENANCES-RECHECK-015	match	resolved
Main_Modules/PENANCES.lua	225	localization_table	loc_class_adamant_title	1C5981A98641A829F68372F4C88D73C6345B1C97A5FD10672AFF1995BC2A76AB	458174802C23454BD957BA5B8D4A34F8D47CFDDBCD226DEBCC360E2556DD32F2	Main_Modules/PENANCES.lua:1593	Main_Modules/PENANCES.lua:1595	localization_table	no	yes	yes	yes	KEEP		ED3-PENANCES-RECHECK-015	match	resolved
Main_Modules/PENANCES.lua	226	localization_table	loc_achievement_rank_adamant_2_x_description	0298114342EF0D993751C9CD425BF7CA2295BDF58E3E03EA088E10AA2BFCF5FF	4B9391E7AB7AADA6FAD59A903719AA3D0CC2222DEF3CAC2404211EAA55DFB5B9	Main_Modules/PENANCES.lua:1604	Main_Modules/PENANCES.lua:1606	localization_table	no	yes	yes	yes	KEEP		ED3-PENANCES-RECHECK-016	match	resolved
Main_Modules/PENANCES.lua	227	localization_table	loc_achievement_missions_adamant_2_x_description	6C73AB3F7057B26FE3E4BE9BE79440676F461EA4D98025AF9CC2C90A1BFBCFBD	3C1844BEA7652145AFEBEEC73104C24E2704A0A8DE4CD1D6AA7CBA086F8C01D3	Main_Modules/PENANCES.lua:1614	Main_Modules/PENANCES.lua:1616	localization_table	no	yes	yes	yes	KEEP		ED3-PENANCES-RECHECK-016	match	resolved
Main_Modules/PENANCES.lua	228	localization_table	loc_achievement_missions_adamant_2_objective_1_name	BEE2EA95BA2AEF9A931ADA095EA43E332965B77FEF36F038167C64B85124225B	56978B18BA9D758918FA4A6DC51FFF5CE694BFC05F58D48888991E82B38AD9FA	Main_Modules/PENANCES.lua:1620	Main_Modules/PENANCES.lua:1622	localization_table	no	no	no	yes	KEEP		ED3-PENANCES-RECHECK-016	match	none
Main_Modules/PENANCES.lua	229	localization_table	loc_achievement_missions_adamant_2_objective_1_description	0D139F488CC11EA0E715BC9B7CDE5639912A0A7264219376191102ECC96BF634	98A3D2A13DD9CED3DA85CB60AC847F38B98DFD8F24FC4D269992ED3C454604A9	Main_Modules/PENANCES.lua:1626	Main_Modules/PENANCES.lua:1628	localization_table	no	yes	yes	yes	KEEP		ED3-PENANCES-RECHECK-016	match	resolved
Main_Modules/PENANCES.lua	230	localization_table	loc_achievement_missions_adamant_2_objective_2_name	BA82AD9F981AAB45974A5E1E4EED0501D86477011235FE95FDBC5D8DF2FB42CB	A86FC88F953B3FEE49C59FB65D30B4B3F2F5315FD4912A19C9E2941C52463C79	Main_Modules/PENANCES.lua:1631 (official localization fallback table)	Main_Modules/PENANCES.lua:1633	localization_table	no	no	no	yes	KEEP		ED3-PENANCES-RECHECK-016	source_missing	none
Main_Modules/PENANCES.lua	231	localization_table	loc_achievement_missions_adamant_2_objective_2_description	506722527483967EAD0FDF2BA4351F4636AF679220B363A0A6DF122FC4CC7683	46868CB49676BBB86FE44598BEEFE8FDEC6A5217EE5ED7A8D14D2D4D4EFC51CC	Main_Modules/PENANCES.lua:1637	Main_Modules/PENANCES.lua:1639	localization_table	no	yes	yes	yes	KEEP		ED3-PENANCES-RECHECK-016	match	resolved
Main_Modules/PENANCES.lua	232	localization_table	loc_achievement_missions_adamant_2_objective_3_name	FBE04DE6BC661AB0D891478B03641BB548CF25C8DD23F04C33B6B1D3EFAF78BB	92C0082DA15041338706E6563F21CED8C746C01DA589952F65BCC16D56F94C7B	Main_Modules/PENANCES.lua:1644 (official localization fallback table)	Main_Modules/PENANCES.lua:1646	localization_table	no	no	no	yes	KEEP		ED3-PENANCES-RECHECK-016	source_missing	none
Main_Modules/PENANCES.lua	233	localization_table	loc_achievement_missions_adamant_2_objective_3_description	E6BE81FA3AFBC86416C88646805642EB584DF1EEC18FA4CE0FF6BEE7B09BFBC2	E8B8DBB45AE300C9EBD05585062AEE4C8E1930FF914C28B7D77D53313ECCB90F	Main_Modules/PENANCES.lua:1650	Main_Modules/PENANCES.lua:1652	localization_table	no	yes	yes	yes	KEEP		ED3-PENANCES-RECHECK-016	match	resolved
Main_Modules/PENANCES.lua	234	localization_table	loc_achievement_group_adamant_2_description	B7CBD4FC6A2F180164AD0C84747909EB880A1D134AAEE59E248CEC0F547138ED	C7257F50666E2A98096E2571C1735C5B038218C92E01CC297302057F7CDEE045	Main_Modules/PENANCES.lua:1664	Main_Modules/PENANCES.lua:1666	localization_table	no	yes	yes	yes	KEEP		ED3-PENANCES-RECHECK-016	match	resolved
Main_Modules/PENANCES.lua	235	localization_table	loc_achievement_adamant_hunt_snipers_desc	68B03B52E5ED673940B3656576ECE7944927F9F46E69278787886F168A3ACF80	A6895E6022062128930A2996B2D9C9FECA45360426FAF7684A31ACF68FE76FE2	Main_Modules/PENANCES.lua:1674	Main_Modules/PENANCES.lua:1676	localization_table	no	yes	yes	yes	KEEP		ED3-PENANCES-RECHECK-016	match	resolved
Main_Modules/PENANCES.lua	236	localization_table	loc_achievement_adamant_knock_chargers_desc	1E5E23D336365826F53C546274CB1398DED437962B9E25C486AA524541AB1922	0B2D7005A3A9DF06B63BFC89429920517B542496FD25042A32E4521931144F1E	Main_Modules/PENANCES.lua:1684	Main_Modules/PENANCES.lua:1686	localization_table	no	yes	yes	yes	KEEP		ED3-PENANCES-RECHECK-016	match	resolved
Main_Modules/PENANCES.lua	237	localization_table	loc_achievement_adamant_kill_pounced_enemies_desc	F86D75793D064B9895CFCA43520DF23A1CB3A4EEB49974F9EF3B08F17F26BAEC	67AE06A68172CB53F9EC9B67582D1BA37EC7E3F8B9C0E651E1FCAEEF939AC1DD	Main_Modules/PENANCES.lua:1695	Main_Modules/PENANCES.lua:1697	localization_table	no	yes	yes	yes	KEEP		ED3-PENANCES-RECHECK-016	match	resolved
Main_Modules/PENANCES.lua	238	localization_table	loc_achievement_adamant_kill_electrocuted_desc	ABFAD9E2F754C7B6B3394688A1CF7B5E474BDD19D516C955BFA098ED4675EB73	6081C836CFDDF79A3AA93465958ECB52177C8AE77E5D8D12BC380E1C7136CBE4	Main_Modules/PENANCES.lua:1705	Main_Modules/PENANCES.lua:1707	localization_table	no	yes	yes	yes	KEEP		ED3-PENANCES-RECHECK-016	match	resolved
Main_Modules/PENANCES.lua	239	localization_table	loc_achievement_adamant_block_enemies_desc	0F08128CD1D857B07EBF3E5DB6E903203FC58FCE0CF8443B35B8DD966D18DD53	74CBD900B642470E14935B388F728D23C620C534EB001D8ED86D355DFACC32E2	Main_Modules/PENANCES.lua:1733	Main_Modules/PENANCES.lua:1735	localization_table	no	yes	yes	yes	KEEP		ED3-PENANCES-RECHECK-016	match	resolved
Main_Modules/PENANCES.lua	240	localization_table	loc_achievement_adamant_team_staggered_enemies_aura_kills_description	F6B33466390CF07D08B8D5FD66A90791B90B4DBD4C0F7EABAB41E683B060A26A	1ED376A9EC6A597CE0D925474BB0B5049BA40CB8523EE3964F85BF499D377A60	Main_Modules/PENANCES.lua:1746	Main_Modules/PENANCES.lua:1748	localization_table	no	yes	yes	yes	KEEP		ED3-PENANCES-RECHECK-016	match	resolved
Main_Modules/PENANCES.lua	241	localization_table	loc_achievement_adamant_team_wield_speed_aura_kills_description	004593BE71DCE3519F7C0A8A7B2D250C994F03B65825F54FDB0515B99841C6DD	9CEC2823FA7CA95B19534D8BBF12914FB676556730ECC16E9D2693CE3508C143	Main_Modules/PENANCES.lua:1758	Main_Modules/PENANCES.lua:1760	localization_table	no	yes	yes	yes	KEEP		ED3-PENANCES-RECHECK-017	match	resolved
Main_Modules/PENANCES.lua	242	localization_table	loc_achievement_adamant_team_companion_in_coherency_kills_description	FC9B2FA6692E75C6F20AAAF935E0D4AA899D3FB9996DC522718337AAE08D44BB	0725C62C5C3783DD459E8010380BF0791E49D1A137685F1A4FAB249F19198B43	Main_Modules/PENANCES.lua:1770	Main_Modules/PENANCES.lua:1772	localization_table	no	yes	yes	yes	KEEP		ED3-PENANCES-RECHECK-017	match	resolved
Main_Modules/PENANCES.lua	243	localization_table	loc_achievement_adamant_time_enemies_electrocuted_by_shockmine_description	D8CE955C3A9C42145D4E91944DF63ED40DB947366B396E420A46DE8ABD1EC105	539EEFF6BA7306204F3ABEFB8F1AFEEDB191D632E1B7ABC4E4C6412D84B940F8	Main_Modules/PENANCES.lua:1782	Main_Modules/PENANCES.lua:1784	localization_table	no	yes	yes	yes	KEEP		ED3-PENANCES-RECHECK-017	match	resolved
Main_Modules/PENANCES.lua	244	localization_table	loc_achievement_adamant_enemies_affected_by_buff_drone_description	5C530306B32294AFD80CEEA32FAB05F7527B39001B6EC78FF81CEFD11273C68C	8E49CEDE62DF561856AA4BCFBEBD8E7549AA8B22B03925CE90B4E93290C4F0AF	Main_Modules/PENANCES.lua:1793	Main_Modules/PENANCES.lua:1795	localization_table	no	yes	yes	yes	KEEP		ED3-PENANCES-RECHECK-017	match	resolved
Main_Modules/PENANCES.lua	245	localization_table	loc_achievement_adamant_time_allies_buffed_by_buff_drone_description	B81157BA5F2AD293E7A187C4BC63FB39740940DEAD418F5D9F1497851BEA08C9	D19C8611AC73F9ABBB1D9EA5D6856906CA392BC05537C3324225B97FCF814130	Main_Modules/PENANCES.lua:1804	Main_Modules/PENANCES.lua:1806	localization_table	no	yes	yes	yes	KEEP		ED3-PENANCES-RECHECK-017	match	resolved
Main_Modules/PENANCES.lua	246	localization_table	loc_achievement_adamant_kill_during_stance_desc	98BCA9C4EAA24108EBB366B108B7F578B64BB20E4ADCEF4BCA9BE127DBB5EE2C	8B23AE91EB4F10A81C879D8FEA31CDC1302EC4F34E3614027CEA49C7C19BD24E	Main_Modules/PENANCES.lua:1815	Main_Modules/PENANCES.lua:1817	localization_table	no	yes	yes	yes	KEEP		ED3-PENANCES-RECHECK-017	match	resolved
Main_Modules/PENANCES.lua	247	localization_table	loc_achievement_adamant_stagger_elites_with_bash_desc	27531E6653FA5529E392770C38D2E8DF50FCFFC034C7DBFDB6F2BD141BBD2295	661654685B6D9412B59BC4910C2E981410D20A848C6A5EB95D33A21BD29A9039	Main_Modules/PENANCES.lua:1826	Main_Modules/PENANCES.lua:1828	localization_table	no	yes	yes	yes	KEEP		ED3-PENANCES-RECHECK-017	match	resolved
Main_Modules/PENANCES.lua	248	localization_table	loc_achievement_adamant_stagger_monster_detonation_desc	5A270D54DC381CAF686F3A52EC33D9AC55034F1909981165FA364BDDBA3B9DC2	4135D9E8AC48B314D8AFA9FFAD2ED73E3B23B9789C1B91670D368B9E5A7431B7	Main_Modules/PENANCES.lua:1837	Main_Modules/PENANCES.lua:1839	localization_table	no	yes	yes	yes	KEEP		ED3-PENANCES-RECHECK-017	match	resolved
Main_Modules/PENANCES.lua	249	localization_table	loc_achievement_adamant_kill_cluster_with_grenade_desc	76E25720E5B1633DC8B13E91A39E835A0F35D0E19727B4E4B98275CF4C9B920D	CB953051A151CCBBDFF5ECCBBE9D26E89E918250A27C9E34078B81C61D287B60	Main_Modules/PENANCES.lua:1848	Main_Modules/PENANCES.lua:1850	localization_table	no	yes	yes	yes	KEEP		ED3-PENANCES-RECHECK-017	match	resolved
Main_Modules/PENANCES.lua	250	localization_table	loc_achievement_adamant_kill_marked_enemies_desc	27CB56842A0D2086D6858C4D0469FAE84BC2CAA62FB220E15AD5EB3FC465431A	95E023ABBDCCC3C346ED9FD4E0FEA9BACC8F131A2C8EC9F0D61379D2B9AB0E5D	Main_Modules/PENANCES.lua:1859	Main_Modules/PENANCES.lua:1861	localization_table	no	yes	yes	yes	KEEP		ED3-PENANCES-RECHECK-017	match	resolved
Main_Modules/PENANCES.lua	251	localization_table	loc_achievement_adamant_kill_with_melee_desc	D959DA2C0570A6CC1AB5F874CBF29E4DA711A93F5BB05822237C87847BB9ABBA	81435AB1388473F6C2A91FFAC47124BE81D312B5F16F4102AED6572E39D5C292	Main_Modules/PENANCES.lua:1870	Main_Modules/PENANCES.lua:1872	localization_table	no	yes	yes	yes	KEEP		ED3-PENANCES-RECHECK-017	match	resolved
Main_Modules/PENANCES.lua	252	localization_table	loc_achievement_adamant_kill_with_ranged_desc	31AF31E84A040F92A52F852B75DDBE27C99F6E7B5168DB3CE2E4F4E8E4FF0A44	E2278CFC984F138E35C562427AF46AE3AD8169D0ED4364251D678315CD8F6B52	Main_Modules/PENANCES.lua:1882	Main_Modules/PENANCES.lua:1884	localization_table	no	yes	yes	yes	KEEP		ED3-PENANCES-RECHECK-017	match	resolved
Main_Modules/PENANCES.lua	253	localization_table	loc_achievement_adamant_time_in_forceful_desc	B96BAB3A82C8B7340BA2559D766DB43AF0F5BF2BEC3ADC44A79D5A7C03BD57DD	896D38604444225005BC1817CCD92F929868DFEA8546F36F679ADCE9C9CE516E	Main_Modules/PENANCES.lua:1894	Main_Modules/PENANCES.lua:1896	localization_table	no	yes	yes	yes	KEEP		ED3-PENANCES-RECHECK-017	match	resolved
Main_Modules/PENANCES.lua	254	localization_table	loc_class_broker_title	F746F7681C0C75C6EA301167DDD4C46CF5E9026EF6390FD62826C2AD3BC8545D	D295FC18B3A39345F3536CEE70722EC5F9EA0A089AE76F3E8527CD1129D1A75D	Main_Modules/PENANCES.lua:1903	Main_Modules/PENANCES.lua:1905	localization_table	no	yes	yes	yes	KEEP		ED3-PENANCES-RECHECK-017	match	resolved
Main_Modules/PENANCES.lua	255	localization_table	loc_achievement_rank_broker_2_x_description	82151B426B554DA975BE9C2B5E28C019DC7235BE69505FEA5C39B7A800D278DE	30A3161EFCB24DF18F77EDCD245E005D98B2767C7A8FC17EA4B2D3B8D89F3A87	Main_Modules/PENANCES.lua:1914	Main_Modules/PENANCES.lua:1916	localization_table	no	yes	yes	yes	KEEP		ED3-PENANCES-RECHECK-017	match	resolved
Main_Modules/PENANCES.lua	256	localization_table	loc_achievement_missions_broker_2_x_description	C7FDB553F622CC32BD262DA19E36392D088DCE0918B0AFDE5BD330327F70EF49	04C89B3FC1842238DDED8C35ED6AC0A8CD423B6A20B71AF9A6FEA4E2E827A527	Main_Modules/PENANCES.lua:1924	Main_Modules/PENANCES.lua:1926	localization_table	no	yes	yes	yes	KEEP		ED3-PENANCES-RECHECK-018	match	resolved
Main_Modules/PENANCES.lua	257	localization_table	loc_achievement_missions_broker_2_objective_1_description	B0827918DCF6C974BD89D5801B4AF6D9914C35E7923854C3D3FB53F5D16D92FF	0671BA04383D47B5EE27ADC5F2A0E54EEFFD4B96CBBDF28B3E665288B767D119	Main_Modules/PENANCES.lua:1935	Main_Modules/PENANCES.lua:1937	localization_table	no	yes	yes	yes	KEEP		ED3-PENANCES-RECHECK-018	match	resolved
Main_Modules/PENANCES.lua	258	localization_table	loc_achievement_missions_broker_2_objective_2_description	82ACAFF5BFBE51C46AE66B506096037CFBAAEA7ACA5C59279276EAC3DDC39C7E	3E5A669A7251AAB638A539BD19066A6F3FAE381CB6162892E068114559825F65	Main_Modules/PENANCES.lua:1945	Main_Modules/PENANCES.lua:1947	localization_table	no	yes	yes	yes	KEEP		ED3-PENANCES-RECHECK-018	match	resolved
Main_Modules/PENANCES.lua	259	localization_table	loc_achievement_missions_broker_2_objective_3_description	CEA73A84F9200B7A2964D082C34B6A4F8A67799CB5B9FF888A994503D1401A3A	9F38FC1CA6C1DF0145F74E8AE293063F17F493E2DE8923CD6E105C0F58451A0F	Main_Modules/PENANCES.lua:1957	Main_Modules/PENANCES.lua:1959	localization_table	no	yes	yes	yes	KEEP		ED3-PENANCES-RECHECK-018	match	resolved
Main_Modules/PENANCES.lua	260	localization_table	loc_achievement_group_broker_2_description	53D5DC162C277E80F99F8D62B92154A7D6D31834D1DFE6C7E78D91C670A32F0F	170C431F0285D851BB3DBAEDAAE7CB9D50018CDCB0B6ADD8DEE0C5671DB9D470	Main_Modules/PENANCES.lua:1973	Main_Modules/PENANCES.lua:1975	localization_table	no	yes	yes	yes	KEEP		ED3-PENANCES-RECHECK-018	match	resolved
Main_Modules/PENANCES.lua	261	localization_table	loc_achievement_broker_gunslinger_aura_description	CE5663164554496ABF73EA8B3F5A1997959B1EB41F79ECD14C3885E9C5ED2FE2	1D5BB67692F12D7C31C1FDFC9D8491CE9F4F5B49A4C759241E08A5FEEDA458C5	Main_Modules/PENANCES.lua:1986	Main_Modules/PENANCES.lua:1988	localization_table	no	yes	yes	yes	CHANGE	GRAMMAR;CONSISTENCY	ED3-PENANCES-RECHECK-018	match	resolved
Main_Modules/PENANCES.lua	262	localization_table	loc_achievement_broker_ruffian_aura_description	505AD172D92C579B46D8EDC2C0A352D85E53484D50DEBD6ECC754FFB0675EF63	BBE3B755BA63F015B5B195B02B8A7C69406232FB5A601359E0B39184FD478682	Main_Modules/PENANCES.lua:1997	Main_Modules/PENANCES.lua:1999	localization_table	no	yes	yes	yes	KEEP		ED3-PENANCES-RECHECK-018	match	resolved
Main_Modules/PENANCES.lua	263	localization_table	loc_achievement_broker_anarchist_aura_alt_description	828A4716C1F06769BB0B7F8A411B5AB4BD1F7C219976BC5E52916CAA908D92EB	764A3001ED7983ADD909BCC3759A29EC4CE47F568C3BB3608291DCCE2A4B6F4F	Main_Modules/PENANCES.lua:2009	Main_Modules/PENANCES.lua:2011	localization_table	no	yes	yes	yes	KEEP		ED3-PENANCES-RECHECK-018	match	resolved
Main_Modules/PENANCES.lua	264	localization_table	loc_achievement_broker_enemies_hit_by_flash_grenade_description	4514DAA75877750FAEA863B5B63836E81444536703CF30CDCF6177457E3ECA06	195E88A0E58822C4C85D0772CD2DA2ABB1A6A610934F4A58417EA20F466FA1F5	Main_Modules/PENANCES.lua:2025	Main_Modules/PENANCES.lua:2027	localization_table	no	yes	yes	yes	KEEP		ED3-PENANCES-RECHECK-018	match	resolved
Main_Modules/PENANCES.lua	265	localization_table	loc_achievement_broker_enemies_killed_by_missile_launcher_description	2E3C59694073213E6D0892E9AC8F6CB2C601467AE3F2697C26501E6F3CED1677	79DDF40D75781343FDD8201CA30A95DEC5AC3A67A56BDD95B06AA9DAF74107EB	Main_Modules/PENANCES.lua:2040	Main_Modules/PENANCES.lua:2042	localization_table	no	yes	yes	yes	KEEP		ED3-PENANCES-RECHECK-018	match	resolved
Main_Modules/PENANCES.lua	266	localization_table	loc_achievement_broker_enemies_affected_by_chem_bomb_description	0F3616FF85E19E338BFA968012D68DAD7F46C70D8035CB74E896AD2975B95086	0D1A95BF74BD59B309C033C07C807174361ABAD7E41AA834273B26767B7DF66B	Main_Modules/PENANCES.lua:2055	Main_Modules/PENANCES.lua:2057	localization_table	no	yes	yes	yes	KEEP		ED3-PENANCES-RECHECK-018	match	resolved
Main_Modules/PENANCES.lua	267	localization_table	loc_achievement_broker_enemies_killed_with_focus_mode_description	7BF7CC9B151A201A8182426438AD81AF265F9EACA080E0DDC60E68ABB34AED5C	D227B4BFCF3F568808865D7D5021143FAB25E61AE1874CB99369B60354853D07	Main_Modules/PENANCES.lua:2065	Main_Modules/PENANCES.lua:2067	localization_table	no	yes	yes	yes	KEEP		ED3-PENANCES-RECHECK-018	match	resolved
Main_Modules/PENANCES.lua	268	localization_table	loc_achievement_broker_attacks_dodged_in_focus_mode_description	06A7CFB039A39219CE218A862A4CFA5E1F99998EEAA468ED4C05A6AAE14D4ABC	ED1C34705BE01367470F518D0723A7CCF2956A0EF8F657FDAFA564358721199A	Main_Modules/PENANCES.lua:2076	Main_Modules/PENANCES.lua:2078	localization_table	no	yes	yes	yes	KEEP		ED3-PENANCES-RECHECK-018	match	resolved
Main_Modules/PENANCES.lua	269	localization_table	loc_achievement_broker_deal_damage_in_punk_rage_description	B53B91F2A4E643CA55990BEC7AFF9CE7D876DB4FBFD7F3362A98C6C97B535F37	88AC3E008E14F39FF260F34A7F99369F2998DD276A801E2AA7F43FCB6291ECDF	Main_Modules/PENANCES.lua:2087	Main_Modules/PENANCES.lua:2089	localization_table	no	yes	yes	yes	KEEP		ED3-PENANCES-RECHECK-018	match	resolved
Main_Modules/PENANCES.lua	270	localization_table	loc_achievement_broker_stay_in_punk_rage_description	EB08E403F35661AF0367E6790629E056440A54C9E85E454EDBBF931738AC3CDF	67F6A355DC718FEA7B293264B025DD4296CCF6F3BE053AAFB7E991EFB45D4FF7	Main_Modules/PENANCES.lua:2098	Main_Modules/PENANCES.lua:2100	localization_table	no	yes	yes	yes	KEEP		ED3-PENANCES-RECHECK-018	match	resolved
Main_Modules/PENANCES.lua	271	localization_table	loc_achievement_broker_deploy_stimm_field_description	6BD417A73D2307D1CB583674F2FFF83C41EBFD90A766F0ED7027D0826DE97F31	628827724203A50A92A6EF273B160E1D0FB0171DCAABE996C913321A2D0DE368	Main_Modules/PENANCES.lua:2108	Main_Modules/PENANCES.lua:2110	localization_table	no	yes	yes	yes	KEEP		ED3-PENANCES-RECHECK-019	match	resolved
Main_Modules/PENANCES.lua	272	localization_table	loc_achievement_broker_buff_allies_chem_field_description	6381232FC313453908D3D356DADB49B66F11750C51960DFC22D48FB8071B73DE	EB37196DF7105319DE2AE71B76EEF83FDA23B8ABA862855ACC0F0669EF061C2A	Main_Modules/PENANCES.lua:2118	Main_Modules/PENANCES.lua:2120	localization_table	no	yes	yes	yes	KEEP		ED3-PENANCES-RECHECK-019	match	resolved
Main_Modules/PENANCES.lua	273	localization_table	loc_achievement_broker_gunslinger_keystone_a_description	C938222A7A0DF08A7FDB9E10F96CE8D9976BE4F20D979FA5D6B77EC045A45DAF	2B44C6E66B76785953CE7CFE3083581BC53E22292A7C7C5F3C93C04E3E8A6AF5	Main_Modules/PENANCES.lua:2128	Main_Modules/PENANCES.lua:2130	localization_table	no	yes	yes	yes	KEEP		ED3-PENANCES-RECHECK-019	match	resolved
Main_Modules/PENANCES.lua	274	localization_table	loc_achievement_broker_gunslinger_keystone_b_description	C938222A7A0DF08A7FDB9E10F96CE8D9976BE4F20D979FA5D6B77EC045A45DAF	2B44C6E66B76785953CE7CFE3083581BC53E22292A7C7C5F3C93C04E3E8A6AF5	Main_Modules/PENANCES.lua:2138	Main_Modules/PENANCES.lua:2140	localization_table	no	yes	yes	yes	KEEP		ED3-PENANCES-RECHECK-019	match	resolved
Main_Modules/PENANCES.lua	275	localization_table	loc_achievement_broker_ruffian_keystone_a_description	0B982C6C7235A1B8F46D7F4FBCB44FD4BEB3336A341575DB94AFD87960E06EF2	51BCFAA63F46C7613B79F44F62FFB18FAC0D65D70A5A32131E5A43DB731F7B5E	Main_Modules/PENANCES.lua:2148	Main_Modules/PENANCES.lua:2150	localization_table	no	yes	yes	yes	KEEP		ED3-PENANCES-RECHECK-019	match	resolved
Main_Modules/PENANCES.lua	276	localization_table	loc_achievement_broker_ruffian_keystone_b_description	0B982C6C7235A1B8F46D7F4FBCB44FD4BEB3336A341575DB94AFD87960E06EF2	51BCFAA63F46C7613B79F44F62FFB18FAC0D65D70A5A32131E5A43DB731F7B5E	Main_Modules/PENANCES.lua:2158	Main_Modules/PENANCES.lua:2160	localization_table	no	yes	yes	yes	KEEP		ED3-PENANCES-RECHECK-019	match	resolved
Main_Modules/PENANCES.lua	277	localization_table	loc_achievement_broker_anarchist_keystone_a_description	525A7C10204E45154FC5545A434313DC1EB4BD4553B5FB695B0AA1B55553C2DE	6E87DEC39E18A796528E1CF38C2695949A18ABF09E32A2CCB7B6ABC02B59ADBC	Main_Modules/PENANCES.lua:2168	Main_Modules/PENANCES.lua:2170	localization_table	no	yes	yes	yes	KEEP		ED3-PENANCES-RECHECK-019	match	resolved
Main_Modules/PENANCES.lua	278	localization_table	loc_achievement_broker_anarchist_keystone_b_description	525A7C10204E45154FC5545A434313DC1EB4BD4553B5FB695B0AA1B55553C2DE	6E87DEC39E18A796528E1CF38C2695949A18ABF09E32A2CCB7B6ABC02B59ADBC	Main_Modules/PENANCES.lua:2178	Main_Modules/PENANCES.lua:2180	localization_table	no	yes	yes	yes	KEEP		ED3-PENANCES-RECHECK-019	match	resolved
Main_Modules/PENANCES.lua	279	localization_table	loc_achievement_broker_stimm_celerity_potency_description	7D6C74BEFCE22728DEBFAB4D833770BEA9D6C1D0A0A5157752B28DAD4C1C216E	300FE568F289430A8D943DC3AD8744075166CA15E648F8B2B9BF864195037969	Main_Modules/PENANCES.lua:2188	Main_Modules/PENANCES.lua:2190	localization_table	no	yes	yes	yes	KEEP		ED3-PENANCES-RECHECK-019	match	resolved
Main_Modules/PENANCES.lua	280	localization_table	loc_achievement_broker_stimm_hit_weakspots_description	B4726B16E14955D182A6D14131B7CD1EA79CD87034BBDCDE16AB43E75A7E5670	EFC63D01997BA0EA8EA38B0296047918133A3F49BB90AB0F872A13B88CDFE230	Main_Modules/PENANCES.lua:2198	Main_Modules/PENANCES.lua:2200	localization_table	no	yes	yes	yes	KEEP		ED3-PENANCES-RECHECK-019	match	resolved
Main_Modules/PENANCES.lua	281	localization_table	loc_achievement_broker_stimm_combat_potency_description	4818EEBD7DF1E7C2877EA523C2F4D0979C479437E467062512F44E47027234CA	B375E47B871DB6A643743A67902C266C4F35A1331C36B623EAA08293FA75FFEB	Main_Modules/PENANCES.lua:2208	Main_Modules/PENANCES.lua:2210	localization_table	no	yes	yes	yes	KEEP		ED3-PENANCES-RECHECK-019	match	resolved
Main_Modules/PENANCES.lua	282	localization_table	loc_achievement_broker_stimm_heavy_attack_kills_description	A9666A0164C9B55B09838B06ED67765EDA78B20217DC2B4530A7C21C0B04DE6E	B0DD8C85892C01DE10C9EC273340E20A76779BFD58851498BFE537A6AC4CAC2B	Main_Modules/PENANCES.lua:2218	Main_Modules/PENANCES.lua:2220	localization_table	no	yes	yes	yes	KEEP		ED3-PENANCES-RECHECK-019	match	resolved
Main_Modules/PENANCES.lua	283	localization_table	loc_achievement_broker_stimm_durability_potency_description	11BF0500D37DE51098AC16C9E3B981AF614251D1E0061CD2A8B43AF4F8CEA075	19E4E32234FDEB3A42166F212EE3B36C11A17216F1AF62A9963E05164763F11C	Main_Modules/PENANCES.lua:2228	Main_Modules/PENANCES.lua:2230	localization_table	no	yes	yes	yes	KEEP		ED3-PENANCES-RECHECK-019	match	resolved
Main_Modules/PENANCES.lua	284	localization_table	loc_achievement_broker_stimm_apply_toxin_description	A14465DF518AC1B68EFD80EB9965AA4078411F83DC4D95D5912769682F73F83C	18A5D66E7367D8FD22EC5D092870D1A8B39ACDB7C7D23F6D5D20C0127B06F35C	Main_Modules/PENANCES.lua:2238	Main_Modules/PENANCES.lua:2240	localization_table	no	yes	yes	yes	KEEP		ED3-PENANCES-RECHECK-019	match	resolved
Main_Modules/PENANCES.lua	285	localization_table	loc_achievement_category_offensive_label	007A056758E46BB67B9FCD9C25C658233B1CC5C892B7B173FEA6FFFED69B18A3	014DF2E00C11554200E8DC4A923A6A6F3FECEBCDE42A416205AF95BF4B0AD23C	Main_Modules/PENANCES.lua:2246 (official localization fallback table)	Main_Modules/PENANCES.lua:2248	localization_table	no	no	no	yes	KEEP		ED3-PENANCES-RECHECK-019	source_missing	none
Main_Modules/PENANCES.lua	286	localization_table	loc_achievement_enemies_killed_by_barrels_description	DB955B77FD54A73BEC1C71B2B8F21AAE9D044F4EF1CDE900AC56D8E416B30658	BF3DB8940DC1DB4A1ADB347A0AC2EE08363C249F98042FE3DB5CA3F6EC975562	Main_Modules/PENANCES.lua:2257	Main_Modules/PENANCES.lua:2259	localization_table	no	yes	yes	yes	KEEP		ED3-PENANCES-RECHECK-020	match	resolved
Main_Modules/PENANCES.lua	287	localization_table	loc_achievement_enemies_killed_by_poxburster_name	9EACC618F51FFF30F136188238CE7A27203A7CCBCAEFA1D1FD708AF161DE9D03	7F5C2FBFBA72FE11C807CA576C83AF3F463138676A1E6616C52CCD05CD7EE86A	Main_Modules/PENANCES.lua:2262 (official localization fallback table)	Main_Modules/PENANCES.lua:2263	localization_table	no	no	no	yes	KEEP		ED3-PENANCES-RECHECK-020	source_missing	none
Main_Modules/PENANCES.lua	288	localization_table	loc_achievement_enemies_killed_by_poxburster_description	E632D2EA49D20233506E6CF7788FD92D25D1FA9D44AB1D03BE08F6037534E62C	E0F303FCF17FC0748F2A136878A4ABAC41CBA82458A07842CA06269A17DA849C	Main_Modules/PENANCES.lua:2267	Main_Modules/PENANCES.lua:2269	localization_table	no	yes	yes	yes	KEEP		ED3-PENANCES-RECHECK-020	match	resolved
Main_Modules/TALENTS/TALENTS_Psyker.lua	1	localization_table	loc_ability_psyker_smite_description_new	17DED3610B5AC178A8DACC4F1070326893C8342AB0FC03E327DD22D52D8BDD00	87CBB2B59D0A2B87289D60BAD346C8B7E8FCD6D7A7D2BECAD20A5575C02E7B69	Main_Modules/TALENTS/TALENTS_Psyker.lua:26	Main_Modules/TALENTS/TALENTS_Psyker.lua:50	localization_table	no	yes	yes	yes	KEEP		ED3-PSYKER-RECHECK-001	match	resolved
Main_Modules/TALENTS/TALENTS_Psyker.lua	2	localization_table	loc_talent_psyker_brain_burst_improved_description	3077F7A371E0BFD39807E73D4B95C0374174DFCCA9A8A220153F6238A9C2ABF4	63FEFD72FB52DAB696DD35F0659606C0494DC2EC0D19832E042C53D018C8D7BE	Main_Modules/TALENTS/TALENTS_Psyker.lua:125	Main_Modules/TALENTS/TALENTS_Psyker.lua:161	localization_table	no	yes	yes	yes	CHANGE	GRAMMAR;UNNATURAL	ED3-PSYKER-RECHECK-001	match	resolved
Main_Modules/TALENTS/TALENTS_Psyker.lua	3	localization_table	loc_talent_psyker_ability_increase_brain_burst_speed_desc	04698DD9A3F67109718434E72938EFE2FDB74F395A92D4BC81ECD9B8936455EF	502F4E49F491222737E5A756C2994636A01339C2258935505BF47C4BA15D2788	Main_Modules/TALENTS/TALENTS_Psyker.lua:272	Main_Modules/TALENTS/TALENTS_Psyker.lua:287	localization_table	no	yes	yes	yes	KEEP		ED3-PSYKER-RECHECK-001	match	resolved
Main_Modules/TALENTS/TALENTS_Psyker.lua	4	localization_table	loc_talent_psyker_smite_on_hit_special_elite_desc	8B3A4CE256338B5D5F244E59A3443D599EFE6FFD50ED3EE263E1A03D63596B61	40956157F6DDE86A0B186B6A257B7311B93C10C56BEDC543F7610FE496D76424	Main_Modules/TALENTS/TALENTS_Psyker.lua:335	Main_Modules/TALENTS/TALENTS_Psyker.lua:341	localization_table	no	yes	no	yes	KEEP		ED3-PSYKER-RECHECK-001	match	none
Main_Modules/TALENTS/TALENTS_Psyker.lua	5	localization_table	loc_ability_psyker_chain_lightning_description	756FD3ACA4ADE45FBCD2100BC7AC1BCF88D0D37F529A80D41EDAF16DD41BFBEE	759DEA2657F949DA1A4505A7899D46EFF38670FC666591BDCFFF32363B097E50	Main_Modules/TALENTS/TALENTS_Psyker.lua:362	Main_Modules/TALENTS/TALENTS_Psyker.lua:403	localization_table	no	yes	yes	yes	KEEP		ED3-PSYKER-RECHECK-001	match	resolved
Main_Modules/TALENTS/TALENTS_Psyker.lua	6	localization_table	loc_talent_psyker_chain_lightning_damage_heavy_attacks_desc	BB363536841B8C0C5A0953AFDA21BE4B5A3251ED635B8679E1774D3BA15795F3	A37ED0E6EF13D719FF464FEEAC1807A8048A18F653387949B9ED61CAA0B769DC	Main_Modules/TALENTS/TALENTS_Psyker.lua:532	Main_Modules/TALENTS/TALENTS_Psyker.lua:553	localization_table	no	yes	yes	yes	KEEP		ED3-PSYKER-RECHECK-001	match	resolved
Main_Modules/TALENTS/TALENTS_Psyker.lua	7	localization_table	loc_talent_psyker_chain_lightning_improved_target_buff_alt_description	0AA0CEB5B78E214C58B788FAF2005A49B85ACE8FBD3AC276294C1178D38A0D77	589873B31A4EFA76E9F4FC746189DFC00FB9C2DDA5ABF2D8C29A491F8A58C1FC	Main_Modules/TALENTS/TALENTS_Psyker.lua:619	Main_Modules/TALENTS/TALENTS_Psyker.lua:628	localization_table	no	yes	yes	yes	KEEP		ED3-PSYKER-RECHECK-001	match	resolved
Main_Modules/TALENTS/TALENTS_Psyker.lua	8	localization_table	loc_ability_psyker_blitz_throwing_knives_description	E0C1AC5A2FCD56CCF774B7DBA041D1EC740A4E01B4567BA0B6CCB30BA9B6AFA7	667E8EF0D3A1EFD6C4A7FFBE3B858A22DDB3DD2BBD6FC1086B601866B3B3F732	Main_Modules/TALENTS/TALENTS_Psyker.lua:658	Main_Modules/TALENTS/TALENTS_Psyker.lua:703	localization_table	no	yes	yes	yes	KEEP		ED3-PSYKER-RECHECK-001	match	resolved
Main_Modules/TALENTS/TALENTS_Psyker.lua	9	localization_table	loc_talent_psyker_throwing_knives_pierce_description	82F7BD4CE006B928B420BF80F85785E856254A6C90AEA359E6166A78E536CD38	6C0351C3C6D9A4BB00E2188262781E688D087B19967448F62FACFB19B582EA85	Main_Modules/TALENTS/TALENTS_Psyker.lua:841	Main_Modules/TALENTS/TALENTS_Psyker.lua:844	localization_table	no	no	no	yes	KEEP		ED3-PSYKER-RECHECK-001	match	none
Main_Modules/TALENTS/TALENTS_Psyker.lua	10	localization_table	loc_talent_psyker_throwing_knives_cast_speed_description	A4CDD3D56604D797E6AC43F2B05D13CC215868D4CD5F715CC150CF170C536FC3	8D5ADE710E9950828867150ABE97087A2D425486D2EBFDCD54CEF7246D390E3B	Main_Modules/TALENTS/TALENTS_Psyker.lua:856	Main_Modules/TALENTS/TALENTS_Psyker.lua:865	localization_table	no	no	yes	yes	KEEP		ED3-PSYKER-RECHECK-001	match	resolved
Main_Modules/TALENTS/TALENTS_Psyker.lua	11	localization_table	loc_talent_psyker_aura_reduced_ability_cooldown_description	D49AA829897378E64813A94F9BA9F722452AFDB76E104A636BA14327C45609D3	C17DE32740CE0EA38AB766B2AC1F3DDE7631A5911D0CB51D92B579CA6F8D149F	Main_Modules/TALENTS/TALENTS_Psyker.lua:896	Main_Modules/TALENTS/TALENTS_Psyker.lua:905	localization_table	no	yes	yes	yes	KEEP		ED3-PSYKER-RECHECK-001	match	resolved
Main_Modules/TALENTS/TALENTS_Psyker.lua	12	localization_table	loc_talent_psyker_base_3_description	A977F071C5C1949F106F3FF880961FEABD3B7FC7414A67A9137202D37975A5EB	B88FE9752D5A3405FE145F0F11F8F507EDE744C7A866CEF4600FCA398B5F5C4B	Main_Modules/TALENTS/TALENTS_Psyker.lua:935	Main_Modules/TALENTS/TALENTS_Psyker.lua:944	localization_table	no	yes	yes	yes	KEEP		ED3-PSYKER-RECHECK-001	match	resolved
Main_Modules/TALENTS/TALENTS_Psyker.lua	13	localization_table	loc_talent_psyker_cooldown_aura_improved_description	A795046F328BD8C8FA88ADBC842A54D51A17D7FFC15F06F29B48CDEA0461BD10	45057F5E83F333318D65312A45CEC11A74FBAA628AA2DDADD00CE0A31AE1675A	Main_Modules/TALENTS/TALENTS_Psyker.lua:974	Main_Modules/TALENTS/TALENTS_Psyker.lua:986	localization_table	no	yes	yes	yes	KEEP		ED3-PSYKER-RECHECK-001	match	resolved
Main_Modules/TALENTS/TALENTS_Psyker.lua	14	localization_table	loc_ability_psyker_gunslinger_aura_description	E251DB70B559F5125516314274FF3E89ECFA76DFDA44B41F64449969CF422B99	952B03984A5363581F5E61BD325BD42106C75C24395D61D2B7A7E1332F78A5A1	Main_Modules/TALENTS/TALENTS_Psyker.lua:1025	Main_Modules/TALENTS/TALENTS_Psyker.lua:1037	localization_table	no	yes	yes	yes	KEEP		ED3-PSYKER-RECHECK-001	match	resolved
Main_Modules/TALENTS/TALENTS_Psyker.lua	15	localization_table	loc_talent_psyker_shout_ability_description	402078FF257269DE1506B0A81ECB6BBCAAF17E44C47E19216E4934F1B924DB38	9FCC97D4D59DF4CD00A6A0886C26DDA17FEAB436DAA5F148D5C084189E9F6338	Main_Modules/TALENTS/TALENTS_Psyker.lua:1077	Main_Modules/TALENTS/TALENTS_Psyker.lua:1095	localization_table	no	yes	yes	yes	CHANGE	GRAMMAR;UNNATURAL	ED3-PSYKER-RECHECK-001	match	resolved
Main_Modules/TALENTS/TALENTS_Psyker.lua	16	localization_table	loc_talent_psyker_shout_vent_warp_charge_description	79B815F7EF14451BD6F7B7202DC84A11D3430ABA3E9FAAF4470758C09974AEA7	7134F855A58E704D05077CC94B2128ECF129BD4F3334FDFDD62C1DAC9565848C	Main_Modules/TALENTS/TALENTS_Psyker.lua:1152	Main_Modules/TALENTS/TALENTS_Psyker.lua:1176	localization_table	no	yes	yes	yes	CHANGE	GRAMMAR;UNNATURAL	ED3-PSYKER-RECHECK-002	match	resolved
Main_Modules/TALENTS/TALENTS_Psyker.lua	17	localization_table	loc_talent_psyker_discharge_damage_debuff_description	2059A8733447E3F3F12088D758688D79F73D6B2CB39999C20CB92694568491B2	01843FFF1598BAE39BBA3384A5D4CEFF55BEB8EB1C4F8D80685FF36BF5EDCDF6	Main_Modules/TALENTS/TALENTS_Psyker.lua:1251	Main_Modules/TALENTS/TALENTS_Psyker.lua:1266	localization_table	no	yes	yes	yes	KEEP		ED3-PSYKER-RECHECK-002	match	resolved
Main_Modules/TALENTS/TALENTS_Psyker.lua	18	localization_table	loc_talent_psyker_shout_reduces_warp_charge_generation_description	31733DB6715DE7FA250B5A77B8590870934C765406CDE693B6923F562676EC79	A447267EBDFC3C903CBF79FC8C64BC0B8D805519944BFC894151EE87E1167386	Main_Modules/TALENTS/TALENTS_Psyker.lua:1314	Main_Modules/TALENTS/TALENTS_Psyker.lua:1323	localization_table	no	yes	yes	yes	CHANGE	WRONG_MEANING;DISPLAY_CLARITY	ED3-PSYKER-RECHECK-002	match	resolved
Main_Modules/TALENTS/TALENTS_Psyker.lua	19	localization_table	loc_talent_psyker_warpfire_on_shout_desc	41830E6CC3466767448EA145E2A418A4DAFD3C57E01CA9A07B4E284F0B0D43B3	04AE1349A022E8FC44BEB92A9AE5CFD32D98AE7ACE8440CCB6600768DEC60C60	Main_Modules/TALENTS/TALENTS_Psyker.lua:1354	Main_Modules/TALENTS/TALENTS_Psyker.lua:1387	localization_table	no	yes	yes	yes	KEEP		ED3-PSYKER-RECHECK-002	match	resolved
Main_Modules/TALENTS/TALENTS_Psyker.lua	20	localization_table	loc_talent_psyker_combat_ability_shield_description	E203E23BF8F8A92C4E90D0CAF2B07C1249AFD8818070993669F4DA58D130988F	B60CE3145B360ECDF12FDC82FA31B68B93FA7444FE7E5D49B117E5192173F3C1	Main_Modules/TALENTS/TALENTS_Psyker.lua:1489	Main_Modules/TALENTS/TALENTS_Psyker.lua:1537	localization_table	no	yes	yes	yes	KEEP		ED3-PSYKER-RECHECK-002	match	resolved
Main_Modules/TALENTS/TALENTS_Psyker.lua	21	localization_table	loc_talent_psyker_force_field_charges_description	ADE53E685FCFE28F19A46DC14A698513CA9A831EE5892A21B6AA2E6DA03CFB7B	D1C2F11463FAF51041B8EF01CA0EDF6D15B36D5E503A58BCE2FBF0BEE1DFEDE7	Main_Modules/TALENTS/TALENTS_Psyker.lua:1684	Main_Modules/TALENTS/TALENTS_Psyker.lua:1693	localization_table	no	no	yes	yes	KEEP		ED3-PSYKER-RECHECK-002	match	resolved
Main_Modules/TALENTS/TALENTS_Psyker.lua	22	localization_table	loc_talent_psyker_force_field_stun_increased_new_description	53A6D514C1673F453096C33076187EF4699F3587AED8A30091E449DC1BB3A048	87B1B50BC45716879586BF2E74EB455CF525F4FCC899434DDED273E7C3AADD34	Main_Modules/TALENTS/TALENTS_Psyker.lua:1723	Main_Modules/TALENTS/TALENTS_Psyker.lua:1751	localization_table	no	yes	yes	yes	KEEP		ED3-PSYKER-RECHECK-002	match	resolved
Main_Modules/TALENTS/TALENTS_Psyker.lua	23	localization_table	loc_talent_psyker_force_field_dome_increased_cd_desc	9A168BE3D152064EC89C2AF8F070E710EBBABF97EAA6FFDCE773A8F16C3B62AC	7C7A85EB9094AA545FAC52B15F6BFAA150938B6D3462D4149C76A9128E1D2E84	Main_Modules/TALENTS/TALENTS_Psyker.lua:1837	Main_Modules/TALENTS/TALENTS_Psyker.lua:1858	localization_table	no	no	yes	yes	KEEP		ED3-PSYKER-RECHECK-002	match	resolved
Main_Modules/TALENTS/TALENTS_Psyker.lua	24	localization_table	loc_talent_psyker_force_field_grants_toughness_desc	376F2A6A8529D7006AD74A131F6A4BB2AA4C19C17B5E38523294A91387D6F0A4	A458A7F5D5D5075B6B6D5EF5AA4321D4E7E3E8E214ADD9C18E229307A32BBCB5	Main_Modules/TALENTS/TALENTS_Psyker.lua:1924	Main_Modules/TALENTS/TALENTS_Psyker.lua:1939	localization_table	no	yes	yes	yes	KEEP		ED3-PSYKER-RECHECK-002	match	resolved
Main_Modules/TALENTS/TALENTS_Psyker.lua	25	localization_table	loc_talent_psyker_combat_ability_overcharge_stance_improved_description	B73ED3F7035F0178A267C87B452786B279BBC5905E6D9F8C57A7F7DABB68C8C6	CB49C646ED11513BDF01F693D5EE528D9DC11527ED6AC864BC4C99A5C66E3A04	Main_Modules/TALENTS/TALENTS_Psyker.lua:1987	Main_Modules/TALENTS/TALENTS_Psyker.lua:2029	localization_table	no	yes	yes	yes	CHANGE	GRAMMAR;DISPLAY_CLARITY	ED3-PSYKER-RECHECK-002	match	resolved
Main_Modules/TALENTS/TALENTS_Psyker.lua	26	localization_table	loc_ability_psyker_overcharge_weakspot_description	50A5814DECD73454BC6CB57E2655A5A3FAE86982788D2169038DB9FFB6F91296	9F5A2055591F2DF9A5A256B10A4B53D87DC637B7F889AB50E5223CD924C6205E	Main_Modules/TALENTS/TALENTS_Psyker.lua:2160	Main_Modules/TALENTS/TALENTS_Psyker.lua:2179	localization_table	no	yes	yes	yes	KEEP		ED3-PSYKER-RECHECK-002	match	resolved
Main_Modules/TALENTS/TALENTS_Psyker.lua	27	localization_table	loc_ability_psyker_overcharge_movement_speed_description	4108C8231A4B98027FE0FD0156E0859D089D0A0C922123760853EC15AD1E1162	7FC70A7BCBE2B130D57A7368B34EEB26D5BB1DE1F9069A07EC31C74C1375E2B0	Main_Modules/TALENTS/TALENTS_Psyker.lua:2246	Main_Modules/TALENTS/TALENTS_Psyker.lua:2258	localization_table	no	no	no	yes	KEEP		ED3-PSYKER-RECHECK-002	match	none
Main_Modules/TALENTS/TALENTS_Psyker.lua	28	localization_table	loc_ability_psyker_overcharge_reduced_warp_charge_vent_speed_description	CBE9E31F480F05BE10E0438E444BB867944B4657DF7A3D25C6B9DB3768F3B6F6	7F3832317672823BF20AD3A52F48445F38047C3B0A16D40F23706B2D5B28D70A	Main_Modules/TALENTS/TALENTS_Psyker.lua:2297	Main_Modules/TALENTS/TALENTS_Psyker.lua:2312	localization_table	no	yes	yes	yes	KEEP		ED3-PSYKER-RECHECK-002	match	resolved
Main_Modules/TALENTS/TALENTS_Psyker.lua	29	localization_table	loc_talent_psyker_overcharge_infinite_casting_desc	787AFB690AB9FFE48DA2D1F6F79FB019AB121FBDC142FD06236DCFFC0111D0E0	DD890A09A12B7E3A6A0FB1C4595967D7FFE6E452715D6BEE5C4F6A4FAF530482	Main_Modules/TALENTS/TALENTS_Psyker.lua:2360	Main_Modules/TALENTS/TALENTS_Psyker.lua:2374	localization_table	no	yes	yes	yes	KEEP		ED3-PSYKER-RECHECK-002	match	resolved
Main_Modules/TALENTS/TALENTS_Psyker.lua	30	localization_table	loc_talent_psyker_souls_new_desc	FFBF276AA4069A224F23F5146BED1EA91B3D6D5559327F38F7C982E68F979ED9	1B65FDD9EB9EB4F7B733F3B69FE8C2AEF2A559EA46780626F774941F7DC0E0BB	Main_Modules/TALENTS/TALENTS_Psyker.lua:2423	Main_Modules/TALENTS/TALENTS_Psyker.lua:2444	localization_table	no	yes	yes	yes	KEEP		ED3-PSYKER-RECHECK-002	match	resolved
Main_Modules/TALENTS/TALENTS_Psyker.lua	31	localization_table	loc_talent_psyker_reduced_warp_charge_cost_venting_speed_desc	A9F11D3D8EB407215E90735EF7FE86C36EE7BB2902939FE2E65252EE89CEE261	0F891674C006FCD080034FC3FA7C32373BE8BCAA225991A25A0F41A8A76E94FB	Main_Modules/TALENTS/TALENTS_Psyker.lua:2510	Main_Modules/TALENTS/TALENTS_Psyker.lua:2513	localization_table	no	yes	yes	yes	KEEP		ED3-PSYKER-RECHECK-003	match	resolved
Main_Modules/TALENTS/TALENTS_Psyker.lua	32	localization_table	loc_talent_psyker_toughness_regen_on_soul_desc	0BA1CE2F4FB644B1DEAB5AC51C5465A9B0741D9C9AAEE54569096EB7102B3056	9D34D3020F788ECA7DB940F2F71460104F4BC90059627A57D3AFFA0667F79B4A	Main_Modules/TALENTS/TALENTS_Psyker.lua:2525	Main_Modules/TALENTS/TALENTS_Psyker.lua:2537	localization_table	no	yes	yes	yes	KEEP		ED3-PSYKER-RECHECK-003	match	resolved
Main_Modules/TALENTS/TALENTS_Psyker.lua	33	localization_table	loc_talent_psyker_increased_souls_desc	1D6CD1FB03736D6FFC1CD8C4EEADD1BC3809CA5013046B5867DF8CB85A9091D9	3310F06334E7892D32129AAF4A6A8B7978185913E462C9FB3B352A766159551B	Main_Modules/TALENTS/TALENTS_Psyker.lua:2576	Main_Modules/TALENTS/TALENTS_Psyker.lua:2579	localization_table	no	yes	yes	yes	KEEP		ED3-PSYKER-RECHECK-003	match	resolved
Main_Modules/TALENTS/TALENTS_Psyker.lua	34	localization_table	loc_talent_psyker_warpfire_generates_souls_desc	2908BEC7592B0FF4D3B6D9E52D0E2D1B0DAD48DFEE811C5192C93743DFD19FE4	893018AE02A0FB86163F9ADA9C15A7F26B2D7ECBDDA196E5523299810A9E9375	Main_Modules/TALENTS/TALENTS_Psyker.lua:2591	Main_Modules/TALENTS/TALENTS_Psyker.lua:2601	localization_table	no	yes	yes	yes	KEEP		ED3-PSYKER-RECHECK-003	match	resolved
Main_Modules/TALENTS/TALENTS_Psyker.lua	35	localization_table	loc_talent_psyker_souls_on_kill_coop_desc	25EB1BDEADB1BE2ACEC5508EF5B53855223BDC17FACE1BF0582CFC5D43D91840	A79D673D36DBDD500DD179971FC246774D01E06EBD0F263BF3321F5FF0B49845	Main_Modules/TALENTS/TALENTS_Psyker.lua:2631	Main_Modules/TALENTS/TALENTS_Psyker.lua:2640	localization_table	no	yes	yes	yes	CHANGE	GRAMMAR;UNNATURAL	ED3-PSYKER-RECHECK-003	match	resolved
Main_Modules/TALENTS/TALENTS_Psyker.lua	36	localization_table	loc_talent_psyker_empowered_ability_description	605770099834B02D6AE7FA644A1C230558CDD2A7388FC70F80B3B3BA88AE45E4	AD486B470B60D891B7DD96B50D1A77E320456DEBA12BE837E48CC674ACBD476E	Main_Modules/TALENTS/TALENTS_Psyker.lua:2670	Main_Modules/TALENTS/TALENTS_Psyker.lua:2718	localization_table	no	yes	yes	yes	CHANGE	MISSING_INFO;DISPLAY_CLARITY	ED3-PSYKER-RECHECK-003	match	resolved
Main_Modules/TALENTS/TALENTS_Psyker.lua	37	localization_table	loc_talent_psyker_increase_empower_chain_lighting_chance_description	D28A12ABAB1D12686AD1587FB61327D6164C3EE9318EF6D09320D4A8D3905EE3	702F578A4F9A6F98BCE820CE78DCB433868FAFD1925776AF5621D7F1E501FCF3	Main_Modules/TALENTS/TALENTS_Psyker.lua:2865	Main_Modules/TALENTS/TALENTS_Psyker.lua:2868	localization_table	no	no	yes	yes	KEEP		ED3-PSYKER-RECHECK-003	match	resolved
Main_Modules/TALENTS/TALENTS_Psyker.lua	38	localization_table	loc_talent_psyker_empowered_chain_lightnings_replenish_toughness_to_allies_description	585640F91CF6E547A48E3B6345419A5DE75F6691B04C03FF2C17A81F9B718ECC	1EE852AB7213A1926F5C78A2D163010BE2E8969C9319BAD5BE40F50F11E94D76	Main_Modules/TALENTS/TALENTS_Psyker.lua:2880	Main_Modules/TALENTS/TALENTS_Psyker.lua:2883	localization_table	no	yes	yes	yes	KEEP		ED3-PSYKER-RECHECK-003	match	resolved
Main_Modules/TALENTS/TALENTS_Psyker.lua	39	localization_table	loc_talent_psyker_empowered_ability_on_elite_kills_description	6DF950069AC74EEE0C28AF72DBF490785E910F9D38601CBDFDC96EDFC74A26EE	E3A512B72791568BD1C0C74E57C678C1D4AA53FCB0B0ED5C7A0969C08A40700A	Main_Modules/TALENTS/TALENTS_Psyker.lua:2895	Main_Modules/TALENTS/TALENTS_Psyker.lua:2898	localization_table	no	no	no	yes	KEEP		ED3-PSYKER-RECHECK-003	match	none
Main_Modules/TALENTS/TALENTS_Psyker.lua	40	localization_table	loc_talent_psyker_increased_empowered_chain_lightning_stacks_description	274BC195093E09C6CF1F6D1ABBC211493FD212A997287AA594A1060C2297EFD6	B2073455DE21462FB5F04F26C7272205EC2E3C9ABDA1952B5AAA32489B00AF64	Main_Modules/TALENTS/TALENTS_Psyker.lua:2910	Main_Modules/TALENTS/TALENTS_Psyker.lua:2913	localization_table	no	no	no	yes	KEEP		ED3-PSYKER-RECHECK-003	match	none
Main_Modules/TALENTS/TALENTS_Psyker.lua	41	localization_table	loc_talent_psyker_marked_enemies_passive_updated_desc	12391D07EA41ADE1A254A0502823058DED6398E2B0C0718D6F6ADE9037E893DF	1549F037D82105341381F67A4011CA2970BD3C59B322BE850BD4AD7B3CC23BE5	Main_Modules/TALENTS/TALENTS_Psyker.lua:2925	Main_Modules/TALENTS/TALENTS_Psyker.lua:2973	localization_table	no	yes	yes	yes	CHANGE	TERMINOLOGY;GRAMMAR;DISPLAY_CLARITY;CONSISTENCY	ED3-PSYKER-RECHECK-003	match	resolved
Main_Modules/TALENTS/TALENTS_Psyker.lua	42	localization_table	loc_talent_psyker_mark_increased_max_stacks_description	9F547B6E3C16CA341304DA756F915E8A645CD2B6A28FFB58BCBB3F5C6515B6E9	2672FD888D3CADF8DD2C452E2C3CCA3C27750FBDAE0011E59047AA348798E736	Main_Modules/TALENTS/TALENTS_Psyker.lua:3120	Main_Modules/TALENTS/TALENTS_Psyker.lua:3123	localization_table	no	yes	yes	yes	KEEP		ED3-PSYKER-RECHECK-003	match	resolved
Main_Modules/TALENTS/TALENTS_Psyker.lua	43	localization_table	loc_talent_psyker_mark_kills_can_vent_description	683209866AF2B08D26862BB2936F68FD87F1E0E44F9657E94811220AFA9FB8C8	4B9127AB440E3C17841CAE84C54CFB204BC507C86C89BCA5A6A68F53005D6A06	Main_Modules/TALENTS/TALENTS_Psyker.lua:3135	Main_Modules/TALENTS/TALENTS_Psyker.lua:3138	localization_table	no	yes	yes	yes	KEEP		ED3-PSYKER-RECHECK-003	match	resolved
Main_Modules/TALENTS/TALENTS_Psyker.lua	44	localization_table	loc_talent_psyker_mark_increased_duration_description	BA9130F9F3BC5FD1A217BDFDDC5B5FA77C7CFD0DF72FEB2D905CCFC965C03178	C2FC58AB242C54B4207C577CABD1CF89080B761C0B6BB35DA299F07D5433EC36	Main_Modules/TALENTS/TALENTS_Psyker.lua:3150	Main_Modules/TALENTS/TALENTS_Psyker.lua:3153	localization_table	no	yes	yes	yes	KEEP		ED3-PSYKER-RECHECK-003	match	resolved
Main_Modules/TALENTS/TALENTS_Psyker.lua	45	localization_table	loc_talent_psyker_mark_weakspot_stacks_description	DD23C6DFED0A99F92EE92E2497CBD3E403253127BA39D38664CDF1D08FFBC7FC	E5DA5B2ED7F13B3BE33B4A5F601EAA1D3B9C14395B36D978BE32C59524D9B59E	Main_Modules/TALENTS/TALENTS_Psyker.lua:3165	Main_Modules/TALENTS/TALENTS_Psyker.lua:3174	localization_table	no	yes	yes	yes	KEEP		ED3-PSYKER-RECHECK-003	match	resolved
Main_Modules/TALENTS/TALENTS_Psyker.lua	46	localization_table	loc_talent_psyker_toughness_on_warp_kill_desc	B2D4625D7478035E42B4F99484F12B212E838615E1B9657EA3F84E5F791D5432	5792763E2112F5B9C0D0B9EC23FB18A22FE7AB1D04D7FCBAE1CD2C24F1A73B81	Main_Modules/TALENTS/TALENTS_Psyker.lua:3205	Main_Modules/TALENTS/TALENTS_Psyker.lua:3208	localization_table	no	yes	yes	yes	KEEP		ED3-PSYKER-RECHECK-004	match	resolved
Main_Modules/TALENTS/TALENTS_Psyker.lua	47	localization_table	loc_talent_psyker_crits_regen_toughness_speed_description	489296734FDAB1E9B23933DE03F235AE15AA64BCD01C7DB13EC3DB980FDA2D4F	F721BEDF848C0AA7966B09F854A0050E024702B38924FAE3DCECAC2A29F0298D	Main_Modules/TALENTS/TALENTS_Psyker.lua:3220	Main_Modules/TALENTS/TALENTS_Psyker.lua:3241	localization_table	yes	yes	yes	yes	KEEP		ED3-PSYKER-RECHECK-004	match	resolved
Main_Modules/TALENTS/TALENTS_Psyker.lua	48	localization_table	loc_talent_psyker_toughness_from_vent_and_gen_desc	045A52E98F1C041694EDAAB56D743C61C70EAE578608D155EB758A16EE407F08	3ADA12B2173AEB19ADFA6AED9F36500710602A432E7E7BC5BC1890CF8CA89A92	Main_Modules/TALENTS/TALENTS_Psyker.lua:3307	Main_Modules/TALENTS/TALENTS_Psyker.lua:3310	localization_table	no	yes	yes	yes	KEEP		ED3-PSYKER-RECHECK-004	match	resolved
Main_Modules/TALENTS/TALENTS_Psyker.lua	49	localization_table	loc_talent_psyker_toughness_on_melee_description	E1C3238FA03FF25932AF77F21260731208C9EECF88B437E42C5AD8F121E9BE01	254DECD9C5553223758AB0CBCAA1B17168F3B0AFE7FE7AFFE0BE122856D46750	Main_Modules/TALENTS/TALENTS_Psyker.lua:3322	Main_Modules/TALENTS/TALENTS_Psyker.lua:3337	localization_table	no	yes	yes	yes	KEEP		ED3-PSYKER-RECHECK-004	match	resolved
Main_Modules/TALENTS/TALENTS_Psyker.lua	50	localization_table	loc_talent_psyker_elite_and_special_kills_add_warpfire_desc	342CA898F6D48A3644FEABEB77D0FDAA1711A9F2F7D31A42B4274287149C83FC	F74981D45C7E54D85BA8CE07885285C861B6A6A6BC305B62BE369E8A927224CD	Main_Modules/TALENTS/TALENTS_Psyker.lua:3385	Main_Modules/TALENTS/TALENTS_Psyker.lua:3409	localization_table	no	yes	yes	yes	KEEP		ED3-PSYKER-RECHECK-004	match	resolved
Main_Modules/TALENTS/TALENTS_Psyker.lua	51	localization_table	loc_talent_psyker_quell_on_kill_and_reduction_desc	CDEEF09FBC6924F35F474721432B7779FE386DBF6AEADD45C1E7EFCAE4FA7245	723F1D9617CACD0285AED4B5F619A93E688BC9015896DD86755A1D87E1D256E5	Main_Modules/TALENTS/TALENTS_Psyker.lua:3484	Main_Modules/TALENTS/TALENTS_Psyker.lua:3499	localization_table	no	yes	yes	yes	KEEP		ED3-PSYKER-RECHECK-004	match	resolved
Main_Modules/TALENTS/TALENTS_Psyker.lua	52	localization_table	loc_talent_psyker_damage_on_crit_stacking_desc	E713F15FF93DAEB7A70899946304B53F18633312A101DE41BA0AEEBC0F11E388	6D1BA74B7A1840A1A6B2D0DD0CC971F0A9F6768FC701088F9663970436CF6355	Main_Modules/TALENTS/TALENTS_Psyker.lua:3547	Main_Modules/TALENTS/TALENTS_Psyker.lua:3562	localization_table	no	yes	yes	yes	KEEP		ED3-PSYKER-RECHECK-004	match	resolved
Main_Modules/TALENTS/TALENTS_Psyker.lua	53	localization_table	loc_talent_psyker_force_staff_both_bonus_desc	C489576CCB85A060B85FF21E8C76E4DE81FEC209CCAB5173B4CD8B1F4B6CC12E	24B74FA74E04D4ED13B900504207996ED8EC0F9B42E219A454345E67560D0D31	Main_Modules/TALENTS/TALENTS_Psyker.lua:3610	Main_Modules/TALENTS/TALENTS_Psyker.lua:3634	localization_table	no	yes	yes	yes	KEEP		ED3-PSYKER-RECHECK-004	match	resolved
Main_Modules/TALENTS/TALENTS_Psyker.lua	54	localization_table	loc_talent_psyker_no_movement_penalty_quell_reload_desc	2B21CDAA897E9A83CE7C13AF7B89BC36A1BE3C1525AFFA1477A2EDA76A1F66AA	76ECE624303674A205492128FE3F4910ED6CA5E90AB9451675B2FB23FA740C2C	Main_Modules/TALENTS/TALENTS_Psyker.lua:3709	Main_Modules/TALENTS/TALENTS_Psyker.lua:3718	localization_table	no	yes	yes	yes	KEEP		ED3-PSYKER-RECHECK-004	match	resolved
Main_Modules/TALENTS/TALENTS_Psyker.lua	55	localization_table	loc_talent_psyker_killing_enemy_with_warpfire_boosts_duration_desc	A9D3EB70D63F8848F7B624B537D71045B16DF8C1FEF0BEFA2C1553B2DDB0124B	E16BFC4F536CE22D4E09300B0DEBA0F57ACE94248E06C7DD54F8EA3608EE0B7E	Main_Modules/TALENTS/TALENTS_Psyker.lua:3748	Main_Modules/TALENTS/TALENTS_Psyker.lua:3766	localization_table	no	yes	yes	yes	CHANGE	GRAMMAR;CONSISTENCY	ED3-PSYKER-RECHECK-004	match	resolved
Main_Modules/TALENTS/TALENTS_Psyker.lua	56	localization_table	loc_talent_psyker_kills_stack_other_weapon_damage_both_description	8B38E7CD2EA264B3972D07926411BA880626E40C3AF3EA273FC1F6A8EFC4DE9E	19E90A55FD0FE9D88C4CD15A7159EF100F28C5CE5BCBE98C0BCE6A01E95D6AA4	Main_Modules/TALENTS/TALENTS_Psyker.lua:3823	Main_Modules/TALENTS/TALENTS_Psyker.lua:3844	localization_table	no	yes	yes	yes	KEEP		ED3-PSYKER-RECHECK-004	match	resolved
Main_Modules/TALENTS/TALENTS_Psyker.lua	57	localization_table	loc_talent_psyker_melee_attack_speed_desc	738D5B98320DFD1FA25E26564B34F65FA1A93E3B4C690FF28CE6A5FCC29B58E8	28D8BC4A432317E76A5772DB816B46007C49806B8643051C111A76459F0C9239	Main_Modules/TALENTS/TALENTS_Psyker.lua:3910	Main_Modules/TALENTS/TALENTS_Psyker.lua:3913	localization_table	no	no	yes	yes	KEEP		ED3-PSYKER-RECHECK-004	match	resolved
Main_Modules/TALENTS/TALENTS_Psyker.lua	58	localization_table	loc_talent_psyker_force_staff_quick_attack_bonus_desc	CF77634A96BA0217ED41F5D5E971861D74F9273A4DDC20DED9DEA6D7B0517E12	CF5019762971A5DFB83F670DA6EFE3A1ED0E4D6B512C4CB315AB172E35A1E0EB	Main_Modules/TALENTS/TALENTS_Psyker.lua:3925	Main_Modules/TALENTS/TALENTS_Psyker.lua:3943	localization_table	no	yes	yes	yes	CHANGE	TERMINOLOGY;CONSISTENCY	ED3-PSYKER-RECHECK-004	match	resolved
Main_Modules/TALENTS/TALENTS_Psyker.lua	59	localization_table	loc_talent_psyker_warpfire_spread_desc	CD6D7CFD005C2BF18E856321B000CFDEE5109D52A693F2E34C7CCC92B945A024	63C94D8E852E0CE1A24DE58D8F3748209F39C83AACF81B99DCB9ACE85C11C3F9	Main_Modules/TALENTS/TALENTS_Psyker.lua:4000	Main_Modules/TALENTS/TALENTS_Psyker.lua:4027	localization_table	no	yes	yes	yes	KEEP		ED3-PSYKER-RECHECK-004	match	resolved
Main_Modules/TALENTS/TALENTS_Psyker.lua	60	localization_table	loc_talent_psyker_cleave_from_peril_desc	3EF09EA6C4BCE22AB0C7EA084F7D809DB21871C9C5355AA537090227E229625C	E11187592C99F4261579A8B5E767DC04386697D2FD83F9CB4C1CE5F4495F272E	Main_Modules/TALENTS/TALENTS_Psyker.lua:4113	Main_Modules/TALENTS/TALENTS_Psyker.lua:4122	localization_table	no	yes	yes	yes	KEEP		ED3-PSYKER-RECHECK-004	match	resolved
Main_Modules/TALENTS/TALENTS_Psyker.lua	61	localization_table	loc_talent_psyker_melee_weaving_desc	E6196FAFF5444DE6C0687C66A39560CEB924D4CBB0A5DAD4663BED6E7D16A8B7	6A8EDEFF69D76731F531613AB9E13D924D657133194862FADC071CEDFB6E6AAB	Main_Modules/TALENTS/TALENTS_Psyker.lua:4152	Main_Modules/TALENTS/TALENTS_Psyker.lua:4167	localization_table	no	yes	yes	yes	KEEP		ED3-PSYKER-RECHECK-005	match	resolved
Main_Modules/TALENTS/TALENTS_Psyker.lua	62	localization_table	loc_talent_psyker_damage_resistance_stun_immunity_desc	720C5FEF1CACD2F8674BC128E65615B518E36D2C715364CCC4D6DA78FA4BDC57	C5F798000AEAAB62474B279B0567AB4689A56F31DE710F8BD2811E15F919BDB0	Main_Modules/TALENTS/TALENTS_Psyker.lua:4215	Main_Modules/TALENTS/TALENTS_Psyker.lua:4227	localization_table	no	yes	yes	yes	CHANGE	MISSING_INFO;GRAMMAR;DISPLAY_CLARITY	ED3-PSYKER-RECHECK-005	match	resolved
Main_Modules/TALENTS/TALENTS_Psyker.lua	63	localization_table	loc_talent_psyker_cooldown_on_allied_elite_kills_fixed_desc	D25A075553D341618FFC3AC5D52AB8598DEB354F4FD9CA515924EC70825DD0A3	B006DD9AB95754C6F557B1303566395773292A3641A0E91F46FCFAB4AFB04E31	Main_Modules/TALENTS/TALENTS_Psyker.lua:4267	Main_Modules/TALENTS/TALENTS_Psyker.lua:4276	localization_table	no	yes	yes	yes	KEEP		ED3-PSYKER-RECHECK-005	match	resolved
Main_Modules/TALENTS/TALENTS_Psyker.lua	64	localization_table	loc_talent_psyker_dodge_after_crits_description	5BFD9D6356160D44C986327B8FF052EA29C4BBC63E55E566AA1F350FB7F62041	830B855952CCCAF2510321BF24A3F36E6CA77D8DC2E5C3CDD9BD4DD4F114D9E1	Main_Modules/TALENTS/TALENTS_Psyker.lua:4307	Main_Modules/TALENTS/TALENTS_Psyker.lua:4316	localization_table	no	yes	yes	yes	KEEP		ED3-PSYKER-RECHECK-005	match	resolved
Main_Modules/TALENTS/TALENTS_Psyker.lua	65	localization_table	loc_talent_psyker_toughness_damage_reduction_from_warp_charge_desc	8E573B870926655BC1A07991CF37F8BF6B02D72DD86DEEBB7AA8D3EEF499110C	2E10DD2FED9324CD91F985D6E3DFBB45AD5D0B2CD31D939356074E3CC08C5416	Main_Modules/TALENTS/TALENTS_Psyker.lua:4346	Main_Modules/TALENTS/TALENTS_Psyker.lua:4367	localization_table	no	yes	yes	yes	CHANGE	TERMINOLOGY;CONSISTENCY	ED3-PSYKER-RECHECK-005	match	resolved
Main_Modules/TALENTS/TALENTS_Psyker.lua	66	localization_table	loc_talent_psyker_damage_to_peril_conversion_desc	56FB92C38340E291EDE26E3968BEE1722A2C5F1AAAAFF835BB794A17FE62DCD1	3B7251AB84C85D842816A6EA06C7032ABCE2BF6A7737EAB9566B383AA3D208EF	Main_Modules/TALENTS/TALENTS_Psyker.lua:4433	Main_Modules/TALENTS/TALENTS_Psyker.lua:4436	localization_table	no	yes	yes	yes	CHANGE	GRAMMAR;UNNATURAL	ED3-PSYKER-RECHECK-005	match	resolved
Main_Modules/TALENTS/TALENTS_Psyker.lua	67	localization_table	loc_talent_psyker_improved_dodge_description	B458C4244B8E362481816EB2E5607ADC482DECD5651DCCA99168E5E74046B967	D3BEEB9AD42F5E52C7D539EA2EEBEF97C2CD572BFD994BE3DD7F32024CF7216D	Main_Modules/TALENTS/TALENTS_Psyker.lua:4448	Main_Modules/TALENTS/TALENTS_Psyker.lua:4460	localization_table	no	no	yes	yes	KEEP		ED3-PSYKER-RECHECK-005	match	resolved
Main_Modules/TALENTS/TALENTS_Psyker.lua	68	localization_table	loc_talent_psyker_increased_vent_speed_description	54E1D9C88AD1723E099E5DC5226EBB79433CFE0152BA2CE73321FC6B720BAE34	D9E3B2957D469CE1A122BCB76F191110E173DB73DD1C9B5DADE634145EA6C3E6	Main_Modules/TALENTS/TALENTS_Psyker.lua:4499	Main_Modules/TALENTS/TALENTS_Psyker.lua:4508	localization_table	no	no	yes	yes	KEEP		ED3-PSYKER-RECHECK-005	match	resolved
Main_Modules/TALENTS/TALENTS_Psyker.lua	69	localization_table	loc_talent_psyker_coherency_size_increase_description	E53E0E310404B92361215B5CD6A160467F09D52C5E761EB2924716881423D285	2FEC47A499472C5002376D5CED31A69CB17F2CF51993628C5309F412916E16E3	Main_Modules/TALENTS/TALENTS_Psyker.lua:4538	Main_Modules/TALENTS/TALENTS_Psyker.lua:4541	localization_table	no	yes	yes	yes	KEEP		ED3-PSYKER-RECHECK-005	match	resolved
Main_Modules/TALENTS/TALENTS_Psyker.lua	70	localization_table	loc_talent_psyker_damage_vs_ogryns_and_monsters_desc	90FB33AB4ECD2E158C2422CD658E21FB320739C9BD56BE61B2EE65492FC6035C	9FE6228324DBFD36A6590EBA8568E3128B8985BC7668006EB1BCA6E34C27DB40	Main_Modules/TALENTS/TALENTS_Psyker.lua:4553	Main_Modules/TALENTS/TALENTS_Psyker.lua:4556	localization_table	no	yes	yes	yes	KEEP		ED3-PSYKER-RECHECK-005	match	resolved
Main_Modules/TALENTS/TALENTS_Psyker.lua	71	localization_table	loc_talent_psyker_damage_based_on_warp_charge_desc	04147C4FB141B502EA6016C2B6AA3A4A9B1E4A4C2747815D87A65CFFF27E03BA	6CBC41E6AFDB1047D9DB1DCD5CFA18D52FD202797EDCA4E429BC7B9FFEFC5520	Main_Modules/TALENTS/TALENTS_Psyker.lua:4568	Main_Modules/TALENTS/TALENTS_Psyker.lua:4583	localization_table	no	yes	yes	yes	KEEP		ED3-PSYKER-RECHECK-005	match	resolved
Main_Modules/TALENTS/TALENTS_Psyker.lua	72	localization_table	loc_talent_psyker_weakspot_grants_crit_once_description	22BC98DC0FC7FCE6523E7D3D98A0F1F7DEE3CFEAF6821377FDCD4192812D54DB	83615DB0F7FB33A89D6C2DF87C1349EA68CC97AE7FC374780DBA0E4ECDC58444	Main_Modules/TALENTS/TALENTS_Psyker.lua:4631	Main_Modules/TALENTS/TALENTS_Psyker.lua:4646	localization_table	no	yes	yes	yes	KEEP		ED3-PSYKER-RECHECK-005	match	resolved
Main_Modules/TALENTS/TALENTS_Psyker.lua	73	localization_table	loc_talent_psyker_block_costs_warp_charge_desc	869A2B844DD37BF0DD0D773A57E40424C74F22A48DB0896A0E2C9FEC54F1106C	EC83AA41389C09F2B5FB486B0A0BC1F78CCF26973B3DF673E8F28C174D276801	Main_Modules/TALENTS/TALENTS_Psyker.lua:4694	Main_Modules/TALENTS/TALENTS_Psyker.lua:4703	localization_table	no	yes	yes	yes	KEEP		ED3-PSYKER-RECHECK-005	match	resolved
Main_Modules/TALENTS/TALENTS_Psyker.lua	74	localization_table	loc_talent_psyker_warp_glass_cannon_desc	B605FB7BB76FFB53802B1190C4625F4E74F2E5750FEC9A55EE3BC08499610C0F	72CD190FA0C76458331F581354C8BB3E8FC21AB059FB14A27DD98A989CD7CB4A	Main_Modules/TALENTS/TALENTS_Psyker.lua:4733	Main_Modules/TALENTS/TALENTS_Psyker.lua:4745	localization_table	no	yes	yes	yes	KEEP		ED3-PSYKER-RECHECK-005	match	resolved
Main_Modules/TALENTS/TALENTS_Psyker.lua	75	localization_table	loc_talent_psyker_warp_attacks_rending_alt_desc	7009A222C562E6F16102416F5410D3FC35BAD6D4A7F198C09793ECDF901A9574	E1056143F4C29585FBB619C0C719E0B914AD5CFFDD2419878DCA340EC370DA0E	Main_Modules/TALENTS/TALENTS_Psyker.lua:4784	Main_Modules/TALENTS/TALENTS_Psyker.lua:4805	localization_table	no	yes	yes	yes	KEEP		ED3-PSYKER-RECHECK-005	match	resolved
Main_Modules/TALENTS/TALENTS_Psyker.lua	76	localization_table	loc_talent_psyker_alternative_peril_explosion_new_desc	65A75C0895F192E795543BA0E315DBFA15112A8C68CE3F93F21370EE007151FE	0CD47AF5CEA95F550AF03FB581159277EE3C3398BF0696F0A9CAAC6EA0642863	Main_Modules/TALENTS/TALENTS_Psyker.lua:4871	Main_Modules/TALENTS/TALENTS_Psyker.lua:4896	localization_table	no	yes	yes	yes	KEEP		ED3-PSYKER-RECHECK-006	match	resolved
Main_Modules/TALENTS/TALENTS_Psyker.lua	77	localization_table	loc_talent_psyker_stat_mix_desc	F3538ECFF6B58111AA4561F4AB74FB53DA51CE577F916FD431046C8A039CA3A7	7479062E59EB06019A355A87A64CA6DF2F7C705E2216DA78C65B9B185FF891C8	Main_Modules/TALENTS/TALENTS_Psyker.lua:4971	Main_Modules/TALENTS/TALENTS_Psyker.lua:4989	localization_table	no	yes	yes	yes	KEEP		ED3-PSYKER-RECHECK-006	match	resolved
Main_Modules/TALENTS/TALENTS_Psyker.lua	78	localization_table	loc_talent_psyker_ranged_crits_vent_desc	BD6D342685E77858FAAF643733100EBCA832E5769158BBE1A703F07B48B4017B	77047CCDA5D0C89ACF3433518ED92521DC1B6B0229D8A3FF0377BC84E29D2F3D	Main_Modules/TALENTS/TALENTS_Psyker.lua:5046	Main_Modules/TALENTS/TALENTS_Psyker.lua:5058	localization_table	yes	yes	yes	yes	KEEP		ED3-PSYKER-RECHECK-006	match	resolved
Main_Modules/TALENTS/TALENTS_Psyker.lua	79	localization_table	loc_talent_psyker_reload_speed_warp_desc	DD6F9D17466265D29687D00C0C2C82864C6ED23586389CB1C5749B6FD0EFDD66	F218418C0EB88FEC8D84B03E9A0E42DCA5D8DCA4B461BF5F16E463774234DD98	Main_Modules/TALENTS/TALENTS_Psyker.lua:5097	Main_Modules/TALENTS/TALENTS_Psyker.lua:5109	localization_table	no	yes	yes	yes	KEEP		ED3-PSYKER-RECHECK-006	match	resolved
Main_Modules/TALENTS/TALENTS_Zealot.lua	1	localization_table	loc_ability_shock_grenade_description	A5AD4ABD3ACB5592017983FC5E55B5D54193CF13516E9C36FD8EB1DCC711228A	6881972E1089F75977320F9BA015FBC2307B54153B4489607678FB889E86048D	Main_Modules/TALENTS/TALENTS_Zealot.lua:26	Main_Modules/TALENTS/TALENTS_Zealot.lua:41	localization_table	no	yes	yes	yes	CHANGE	TERMINOLOGY;CONSISTENCY	ED3-ZEALOT-RECHECK-001	match	resolved
Main_Modules/TALENTS/TALENTS_Zealot.lua	2	localization_table	loc_zealot_improved_stun_grenade_desc	939C853F4CC7CCC9A2864FDDC165169B89AB9FC29A23880AFEF6EE29FFC7782A	05D69106025F95F0CBA72554625B6E688053BBDD6DB425DF5CF52C1138B088C4	Main_Modules/TALENTS/TALENTS_Zealot.lua:51	Main_Modules/TALENTS/TALENTS_Zealot.lua:68	localization_table	no	yes	yes	yes	CHANGE	TERMINOLOGY;MISSING_INFO;DISPLAY_CLARITY	ED3-ZEALOT-RECHECK-001	match	resolved
Main_Modules/TALENTS/TALENTS_Zealot.lua	3	localization_table	loc_talent_ability_fire_grenade_desc	D0732113895305DD3C211ADAB670428309AF8028AD47BE5C0622EFAE83B070C1	38B4F62DB98871D785EEC68142ABDACE09623D42C61C238C23CA4E83BBF7352E	Main_Modules/TALENTS/TALENTS_Zealot.lua:79	Main_Modules/TALENTS/TALENTS_Zealot.lua:95	localization_table	no	yes	yes	yes	CHANGE	GRAMMAR;UNNATURAL	ED3-ZEALOT-RECHECK-001	match	resolved
Main_Modules/TALENTS/TALENTS_Zealot.lua	4	localization_table	loc_ability_zealot_throwing_knifes_desc	A2209FB7D055A95D8763712954D9A4DEAA54B5E752388870F7B021A8976B78A9	A09C695E6E3CED847ED9894A3963947A2DC344C925D8F1B7A45B2D15F8140D27	Main_Modules/TALENTS/TALENTS_Zealot.lua:103	Main_Modules/TALENTS/TALENTS_Zealot.lua:128	localization_table	no	yes	yes	yes	KEEP		ED3-ZEALOT-RECHECK-001	match	resolved
Main_Modules/TALENTS/TALENTS_Zealot.lua	5	localization_table	loc_talent_zealot_aura_toughness_damage_coherency_desc	54CF0CCB7C3DA029FFDFB0140C9ADC0AB914AB7BCAC87AECA29A42681E81C82B	31ACFC74091CF6A9FB043E609050B708EDF3741587DE24D67D14B581ED702FB4	Main_Modules/TALENTS/TALENTS_Zealot.lua:143	Main_Modules/TALENTS/TALENTS_Zealot.lua:150	localization_table	yes	yes	yes	yes	KEEP		ED3-ZEALOT-RECHECK-001	match	resolved
Main_Modules/TALENTS/TALENTS_Zealot.lua	6	localization_table	loc_talent_zealot_toughness_aura_efficiency_desc	A3B2CDCEC0C286A6F98746F72EA2F5CD44EDABBA221EB3F198DAE9CF39AF9699	DCF87DE7095FB96BB471A9F328B79C61D4C4D3C0F7961B1D665155E9CD4AA6A4	Main_Modules/TALENTS/TALENTS_Zealot.lua:156	Main_Modules/TALENTS/TALENTS_Zealot.lua:165	localization_table	yes	yes	yes	yes	KEEP		ED3-ZEALOT-RECHECK-001	match	resolved
Main_Modules/TALENTS/TALENTS_Zealot.lua	7	localization_table	loc_talent_zealot_corruption_healing_coherency_improved_desc	FE9DA1CD4E17D8D5B89B21984718A161F5DFFCB76FF807A7E3C8BC94D64ABA0C	643AEA3C153FCF8BBC973B4FB8F5A57F91659AD22CD190947CEB0943F74A8FDE	Main_Modules/TALENTS/TALENTS_Zealot.lua:172	Main_Modules/TALENTS/TALENTS_Zealot.lua:183	localization_table	no	yes	yes	yes	KEEP		ED3-ZEALOT-RECHECK-001	match	resolved
Main_Modules/TALENTS/TALENTS_Zealot.lua	8	localization_table	loc_talent_zealot_stamina_cost_multiplier_delay_aura_description	6D94A3361209ED5DDFA8E81A62CC013D8443EA156FD2AC69872F72B316F2F5A4	819F0799592FABBFE07FBB42079D19C87839F2C0C1253DB435C8696DDB30154A	Main_Modules/TALENTS/TALENTS_Zealot.lua:191	Main_Modules/TALENTS/TALENTS_Zealot.lua:202	localization_table	no	yes	yes	yes	CHANGE	MISSING_INFO;GRAMMAR	ED3-ZEALOT-RECHECK-001	match	resolved
Main_Modules/TALENTS/TALENTS_Zealot.lua	9	localization_table	loc_talent_zealot_2_combat_description_new	6B2917ABD4A09230DAE4AFE713831FC06771B897C5879FDDAA8CBA6CAE32E68F	B42EBC061B04E9C729CABBFF4FC1FAC6E3FBECA44ECA9ECD9DDE934CCECE8B37	Main_Modules/TALENTS/TALENTS_Zealot.lua:211	Main_Modules/TALENTS/TALENTS_Zealot.lua:236	localization_table	no	yes	yes	yes	KEEP		ED3-ZEALOT-RECHECK-001	match	resolved
Main_Modules/TALENTS/TALENTS_Zealot.lua	10	localization_table	loc_talent_zealot_attack_speed_after_dash_new_desc	A9AF10D0DD2606603519F515D464E61733EE7E71B6A1C562E8DF515034E6EB0F	251232AF9120D7D1F555E501EC5457C793BEAE925FA50E1DBB70B2143F6D3FB0	Main_Modules/TALENTS/TALENTS_Zealot.lua:251	Main_Modules/TALENTS/TALENTS_Zealot.lua:292	localization_table	no	yes	yes	yes	KEEP		ED3-ZEALOT-RECHECK-001	match	resolved
Main_Modules/TALENTS/TALENTS_Zealot.lua	11	localization_table	loc_talent_zealot_fotf_refund_cooldown_desc	272CAE288767587DD4611FA043034FBC9BE1132299B0E4C01341A850AC12115F	7C21A01AD017C88AC04398639ED0318649E0EADDAA9421276B22F82512C1B7D6	Main_Modules/TALENTS/TALENTS_Zealot.lua:315	Main_Modules/TALENTS/TALENTS_Zealot.lua:323	localization_table	no	yes	yes	yes	KEEP		ED3-ZEALOT-RECHECK-001	match	resolved
Main_Modules/TALENTS/TALENTS_Zealot.lua	12	localization_table	loc_talent_zealot_dash_has_more_charges_desc	BAD2DF9A8B2C48A7151ED7D9DCDF56281708943EF9D1980D44C6CF43EB237BAA	44F314763E2D6D3DDCA0C2DD363A0B33F986F9B346D95C012E8229605AE0A2BB	Main_Modules/TALENTS/TALENTS_Zealot.lua:330	Main_Modules/TALENTS/TALENTS_Zealot.lua:332	localization_table	no	no	no	yes	KEEP		ED3-ZEALOT-RECHECK-001	match	none
Main_Modules/TALENTS/TALENTS_Zealot.lua	13	localization_table	loc_talent_zealot_bolstering_prayer_variant_two_description	A0A456E31E48D42EB6FD906BDFCFD7FFC9F6BDD58C77A1606543B5E2C98A50AE	F6C157A76FA891A66FF8BD51B115078DE04E0EA531EA65E0CBD33B93A8728A61	Main_Modules/TALENTS/TALENTS_Zealot.lua:336	Main_Modules/TALENTS/TALENTS_Zealot.lua:391	localization_table	no	yes	yes	yes	CHANGE	GRAMMAR;DISPLAY_CLARITY	ED3-ZEALOT-RECHECK-001	match	resolved
Main_Modules/TALENTS/TALENTS_Zealot.lua	14	localization_table	loc_talent_zealot_zealot_channel_grants_defensive_buff_desc	377F0F9426B814100C3D9C9F141C18A90C7D911F33EDD9DE1F490C6FAB343B1E	AB22C5B034DB7C898B1811B5D616313CB3CF74BB7F651AC98A94617235F12FDD	Main_Modules/TALENTS/TALENTS_Zealot.lua:418	Main_Modules/TALENTS/TALENTS_Zealot.lua:429	localization_table	yes	yes	yes	yes	CHANGE	MISSING_INFO;GRAMMAR	ED3-ZEALOT-RECHECK-001	match	resolved
Main_Modules/TALENTS/TALENTS_Zealot.lua	15	localization_table	loc_talent_zealot_zealot_channel_grants_offensive_buff_desc	25B07100F5C33FA667FE79EF925C84513FCE385D2565F95572AABBE0BA71935A	96F6E08BF58FF979666A99BA7716427AC81AF68E38F822106DFCC43A92566DBA	Main_Modules/TALENTS/TALENTS_Zealot.lua:437	Main_Modules/TALENTS/TALENTS_Zealot.lua:448	localization_table	no	yes	yes	yes	CHANGE	MISSING_INFO;GRAMMAR	ED3-ZEALOT-RECHECK-001	match	resolved
Main_Modules/TALENTS/TALENTS_Zealot.lua	16	localization_table	loc_ability_zealot_stealth_rending_description	04109155AB4882A07E5E1189C24AD9AAEF25FCBB065B4D2DD9A599C98FB17DAC	5C3CBC39E552894DBDFE4CC7F0F99178C2B48026D451521367DCC54478176C30	Main_Modules/TALENTS/TALENTS_Zealot.lua:456	Main_Modules/TALENTS/TALENTS_Zealot.lua:475	localization_table	no	yes	yes	yes	KEEP		ED3-ZEALOT-RECHECK-002	match	resolved
Main_Modules/TALENTS/TALENTS_Zealot.lua	17	localization_table	loc_talent_zealot_stealth_duration_threat_damage_desc	F2A2EBEC02715EDF74C03F19B5B7CBFDD2846C5EAD20CB3B03730E31E4AE6C75	664596C83C263A1754AB8636D9B4C69E85AF3870D813BCBB3EC5FBA5CC6D0F1B	Main_Modules/TALENTS/TALENTS_Zealot.lua:487	Main_Modules/TALENTS/TALENTS_Zealot.lua:498	localization_table	no	yes	yes	yes	KEEP		ED3-ZEALOT-RECHECK-002	match	resolved
Main_Modules/TALENTS/TALENTS_Zealot.lua	18	localization_table	loc_talent_zealot_stealth_toughness_dr_desc	EDC10C000C1513DCBF319E78600864229E1BB30871196A2C5BD0BC92F2A3BCC1	6B40258942A085D4511E60CAA5884E98FD779EA8F2D2AA61C5FF7FA99AE5F59A	Main_Modules/TALENTS/TALENTS_Zealot.lua:506	Main_Modules/TALENTS/TALENTS_Zealot.lua:517	localization_table	no	yes	yes	yes	KEEP		ED3-ZEALOT-RECHECK-002	match	resolved
Main_Modules/TALENTS/TALENTS_Zealot.lua	19	localization_table	loc_talent_zealot_stealth_cooldown_regeneration_desc	4E595B0A3C5683774B31492259E34D17BA9931BF681FF60C1E6B1B86C296E844	51BDAD16EB854B74112FEE5C8815CD4F8A788C1D9655EF6BDB33F6E39167371E	Main_Modules/TALENTS/TALENTS_Zealot.lua:525	Main_Modules/TALENTS/TALENTS_Zealot.lua:535	localization_table	no	yes	yes	yes	KEEP		ED3-ZEALOT-RECHECK-002	match	resolved
Main_Modules/TALENTS/TALENTS_Zealot.lua	20	localization_table	loc_talent_zealot_fanatic_rage_crit_desc	9BC279472B1A200272F025DB1594A23D73CAC4FDD963E3AB24E14EFEF96BFE51	FFB05D10C5655BAD0AE55CAD947E72636A6C41A8E5EC69C9CFA1B1F96D478A5E	Main_Modules/TALENTS/TALENTS_Zealot.lua:543	Main_Modules/TALENTS/TALENTS_Zealot.lua:552	localization_table	yes	yes	yes	yes	CHANGE	GRAMMAR;DISPLAY_CLARITY	ED3-ZEALOT-RECHECK-002	match	resolved
Main_Modules/TALENTS/TALENTS_Zealot.lua	21	localization_table	loc_talent_zealot_shared_fanatic_rage_new_desc	7FAB56E663FBC8EA0ACAD05D56C230A58F67930508067BB65C7EA35013A67A65	ACB4DD8922A7DE316A59F62578D7E93BD4B7AD58F6FCFC8745D4D124C5FD27B8	Main_Modules/TALENTS/TALENTS_Zealot.lua:559	Main_Modules/TALENTS/TALENTS_Zealot.lua:564	localization_table	no	yes	yes	yes	CHANGE	MISSING_INFO;GRAMMAR	ED3-ZEALOT-RECHECK-002	match	resolved
Main_Modules/TALENTS/TALENTS_Zealot.lua	22	localization_table	loc_talent_zealot_fanatic_rage_improved_desc	7B17D600149B3142E36E4572E7A93C1E743CF9041F7D308BB1BB5BD02A2A730F	BB8BF569E4F0671C16CDBF127274F081EC413FC35CCDF5531B9DA3F4BC92ABFC	Main_Modules/TALENTS/TALENTS_Zealot.lua:569	Main_Modules/TALENTS/TALENTS_Zealot.lua:572	localization_table	no	yes	yes	yes	KEEP		ED3-ZEALOT-RECHECK-002	match	resolved
Main_Modules/TALENTS/TALENTS_Zealot.lua	23	localization_table	loc_talent_zealot_fanatic_rage_toughness_replenish_desc	8065B7560172ADE92B705FED3CD5C21181C9D61F10752FF211405B61CF26253F	E51742832D2314E7CA5F3DC22F77B0706F365AFB73F8026CEDCA2BB00FBE3871	Main_Modules/TALENTS/TALENTS_Zealot.lua:576	Main_Modules/TALENTS/TALENTS_Zealot.lua:589	localization_table	yes	yes	yes	yes	CHANGE	GRAMMAR;CONSISTENCY	ED3-ZEALOT-RECHECK-002	match	resolved
Main_Modules/TALENTS/TALENTS_Zealot.lua	24	localization_table	loc_talent_maniac_cooldown_on_melee_crits_buff_desc	8A6614536621017A5C79ACF2EB40FA6F4F58E93EA7C91983BC0737CC3FAAC5C1	928417FAC6A334084A32104DC276C599D92C8E37ED560C136B1D3CBC59992721	Main_Modules/TALENTS/TALENTS_Zealot.lua:598	Main_Modules/TALENTS/TALENTS_Zealot.lua:600	localization_table	yes	yes	yes	yes	KEEP		ED3-ZEALOT-RECHECK-002	match	resolved
Main_Modules/TALENTS/TALENTS_Zealot.lua	25	localization_table	loc_talent_zealot_martyrdom_desc	19F079A0AEF419AB83E68F5993CF998B5DC01238C13E0B14D3D594DC94B87CFA	A83025644BAADA76B1B4A9FD9249DCDB71B0AF0C1795E203CC9BB4E2CA74662B	Main_Modules/TALENTS/TALENTS_Zealot.lua:604	Main_Modules/TALENTS/TALENTS_Zealot.lua:607	localization_table	no	yes	yes	yes	KEEP		ED3-ZEALOT-RECHECK-002	match	resolved
Main_Modules/TALENTS/TALENTS_Zealot.lua	26	localization_table	loc_talent_zealot_martyrdom_grants_toughness_upd_desc	EDD370BBBF76FEFB6BF293BAC4C862C2376138020CF7C8E44D944F06F6501BF6	E914778BD825A2510A8A59EDC7002986D6DCE1FB41AA3F811A40C58A73226A34	Main_Modules/TALENTS/TALENTS_Zealot.lua:611	Main_Modules/TALENTS/TALENTS_Zealot.lua:614	localization_table	yes	yes	yes	yes	KEEP		ED3-ZEALOT-RECHECK-002	match	resolved
Main_Modules/TALENTS/TALENTS_Zealot.lua	27	localization_table	loc_talent_zealot_corruption_resistance_stacking_desc	2CDA2ED6C687C9E3AB715A10AB03C957CED688BE64E067464897C5E10922788E	60E3E47310EA4D098CB459B13869B24BA83FE97D1CE6AA00B295D17C51F983C4	Main_Modules/TALENTS/TALENTS_Zealot.lua:618	Main_Modules/TALENTS/TALENTS_Zealot.lua:620	localization_table	no	yes	yes	yes	KEEP		ED3-ZEALOT-RECHECK-002	match	resolved
Main_Modules/TALENTS/TALENTS_Zealot.lua	28	localization_table	loc_talent_zealot_attack_speed_per_martyrdom_upd_desc	1F8CF7E52E40D2EA14FBDDF210C372814BDFC6EAB989D02455338340AC107B72	2C702DB6DC7F7D0496A02A70C300EBB3905C6F3474107CAEBBB921C4FC6317BD	Main_Modules/TALENTS/TALENTS_Zealot.lua:624	Main_Modules/TALENTS/TALENTS_Zealot.lua:627	localization_table	no	no	no	yes	KEEP		ED3-ZEALOT-RECHECK-002	match	none
Main_Modules/TALENTS/TALENTS_Zealot.lua	29	localization_table	loc_talent_zealot_martyrdom_toughness_modifier_upd_desc	70FB8D5013E990A2BCE46A07AA017F0BE84FBD27712CF76BB9ACD57207F41628	29FA556320AF52FAC0FA1B13A434B9F76C20D1B45C262E1ACC63E6FE8A341A23	Main_Modules/TALENTS/TALENTS_Zealot.lua:631	Main_Modules/TALENTS/TALENTS_Zealot.lua:634	localization_table	no	yes	yes	yes	KEEP		ED3-ZEALOT-RECHECK-002	match	resolved
Main_Modules/TALENTS/TALENTS_Zealot.lua	30	localization_table	loc_talent_zealot_damage_taken_restores_cd_new_description	01195DF873A7F56AEB303E8106E3ED6B217FBBC6123A4740ADE0E5AF3A9433B6	8DC3077608ABF54DEB93298801D1FD9B0CD1CA58DAC6723F571386465C009155	Main_Modules/TALENTS/TALENTS_Zealot.lua:638	Main_Modules/TALENTS/TALENTS_Zealot.lua:640	localization_table	no	yes	yes	yes	KEEP		ED3-ZEALOT-RECHECK-002	match	resolved
Main_Modules/TALENTS/TALENTS_Zealot.lua	31	localization_table	loc_talent_zealot_quickness_desc	2F411B13FBA02E8DA9DACD0292B6003E3C0F7179DACEADDC219930869DB1FB6B	A32D49A5636716840A75CB89BDE08C98E16A5310D9BEFFC7CCAC47B5174AA2DC	Main_Modules/TALENTS/TALENTS_Zealot.lua:644	Main_Modules/TALENTS/TALENTS_Zealot.lua:666	localization_table	no	yes	yes	yes	KEEP		ED3-ZEALOT-RECHECK-003	match	resolved
Main_Modules/TALENTS/TALENTS_Zealot.lua	32	localization_table	loc_talent_zealot_momentum_toughness_replenish_desc	CD41C8C248A81B264B613A05B04FF7A248045D7BCDF42143EEE6ACC9FA75CAAA	03CC771979891F8BB5A840EB8E12FE562AAB43B01F38493CD9C94DCCF1875883	Main_Modules/TALENTS/TALENTS_Zealot.lua:680	Main_Modules/TALENTS/TALENTS_Zealot.lua:683	localization_table	no	yes	yes	yes	KEEP		ED3-ZEALOT-RECHECK-003	match	resolved
Main_Modules/TALENTS/TALENTS_Zealot.lua	33	localization_table	loc_talent_zealot_quickness_dodge_stacks_desc	9EA546DB14C8C5FB6F4A8C09A86EED87103E1CAAC4F6E28D515BE1DDEB0B592A	DDE8AF64E8108BA64E780813201E1746BE7897EFDBF76B82AA08BEA27B02A557	Main_Modules/TALENTS/TALENTS_Zealot.lua:687	Main_Modules/TALENTS/TALENTS_Zealot.lua:690	localization_table	no	yes	yes	yes	KEEP		ED3-ZEALOT-RECHECK-003	match	resolved
Main_Modules/TALENTS/TALENTS_Zealot.lua	34	localization_table	loc_talent_zealot_quickness_increased_duration_desc	7F903E57BBDE2FD98EBB778EB263CCA7D104A03D9802820E9A93365AB7A41862	99E9A36A8DD87F7D0B4DDF51FA062ACE7DABEC01145F8087909CFD37D11181C9	Main_Modules/TALENTS/TALENTS_Zealot.lua:694	Main_Modules/TALENTS/TALENTS_Zealot.lua:697	localization_table	no	no	no	yes	KEEP		ED3-ZEALOT-RECHECK-003	match	none
Main_Modules/TALENTS/TALENTS_Zealot.lua	35	localization_table	loc_talent_zealot_cooldown_on_backstab_weakspot_desc	E155BCF8CAB48067CB9346CB4DCEE0E6816A0DADD98658B78117A973128ABA97	E3534D64F227B27FB42D9537894C8A5F92A7E86E1079713BC3BF942DBD047AA0	Main_Modules/TALENTS/TALENTS_Zealot.lua:701	Main_Modules/TALENTS/TALENTS_Zealot.lua:703	localization_table	no	yes	yes	yes	KEEP		ED3-ZEALOT-RECHECK-003	match	resolved
Main_Modules/TALENTS/TALENTS_Zealot.lua	36	localization_table	loc_talent_zealot_ranged_damage_increased_to_close_desc	C35D2345F7068980B25687D40F9737BF976D4445E4E9B89E1E23440537188D74	3C22D34DB186DE4963061BB3149ED2D97EB1E869B20ADCACDFD4126F8C8C3ECC	Main_Modules/TALENTS/TALENTS_Zealot.lua:708	Main_Modules/TALENTS/TALENTS_Zealot.lua:711	localization_table	no	yes	yes	yes	KEEP		ED3-ZEALOT-RECHECK-003	match	resolved
Main_Modules/TALENTS/TALENTS_Zealot.lua	37	localization_table	loc_talent_zealot_3_tier_2_ability_1_description	0FC8CB06DC6B857FA0FC6646A89711EB54A5E18D5720C40CDD30DDBBAB86C446	27B31A73C743DCB5774552D09C555BEB41EB5C29424D346B23E705F23C9EACED	Main_Modules/TALENTS/TALENTS_Zealot.lua:715	Main_Modules/TALENTS/TALENTS_Zealot.lua:720	localization_table	no	yes	yes	yes	KEEP		ED3-ZEALOT-RECHECK-003	match	resolved
Main_Modules/TALENTS/TALENTS_Zealot.lua	38	localization_table	loc_talent_zealot_backstab_flanking_damage_all_desc	3274A9C5442D55DB6478AEC6AC93CCB4800FB111F0722EB9DB2627B180427A37	D436782059914881A57ED54849368F96D92666532BACC9D835DE2915B8C566E5	Main_Modules/TALENTS/TALENTS_Zealot.lua:725	Main_Modules/TALENTS/TALENTS_Zealot.lua:728	localization_table	no	yes	yes	yes	KEEP		ED3-ZEALOT-RECHECK-003	match	resolved
Main_Modules/TALENTS/TALENTS_Zealot.lua	39	localization_table	loc_talent_zealot_toughness_on_ranged_kill_desc	12CB4C1FF2A5E222F9A123814180E145C1FE5618A0E701BD1B3FAF31F0976648	84AA330063D7770B1E068048D2310B748DBF6BDF3B7E471D03AD59970A89BB1E	Main_Modules/TALENTS/TALENTS_Zealot.lua:732	Main_Modules/TALENTS/TALENTS_Zealot.lua:735	localization_table	no	yes	yes	yes	KEEP		ED3-ZEALOT-RECHECK-003	match	resolved
Main_Modules/TALENTS/TALENTS_Zealot.lua	40	localization_table	loc_talent_zealot_toughness_near_enemies_desc	C21EBB30E52D73342392AE294BD9FCF6786DE6009FF54CB1D023A28A36FD9638	3FA157C7B89B4922A5B45BF84E7D8F792C5CF4C5F3495EBBCA8E2A3E5599C726	Main_Modules/TALENTS/TALENTS_Zealot.lua:739	Main_Modules/TALENTS/TALENTS_Zealot.lua:752	localization_table	no	yes	yes	yes	KEEP		ED3-ZEALOT-RECHECK-003	match	resolved
Main_Modules/TALENTS/TALENTS_Zealot.lua	41	localization_table	loc_talent_zealot_toughness_on_melee_kill_desc	CB7A517B34211FF673551BF16FE7DB743229175CC2B5D5B797BE420B028441A3	A523768C3A31E578F1279CEBC9E81C4DB316619E6086F05F0D2D34B296B75EFF	Main_Modules/TALENTS/TALENTS_Zealot.lua:761	Main_Modules/TALENTS/TALENTS_Zealot.lua:764	localization_table	no	yes	yes	yes	KEEP		ED3-ZEALOT-RECHECK-003	match	resolved
Main_Modules/TALENTS/TALENTS_Zealot.lua	42	localization_table	loc_talent_zealot_toughness_on_dodge_desc	704B590C0A3DA108B14E1A222CEBEFC233E2E931B67E8951A37D27728BE32B6A	66C6B08ABBD851B67603B7F2CD50D86E2969AC675EC13D64A8CE6119E4392490	Main_Modules/TALENTS/TALENTS_Zealot.lua:768	Main_Modules/TALENTS/TALENTS_Zealot.lua:771	localization_table	no	yes	yes	yes	KEEP		ED3-ZEALOT-RECHECK-003	match	resolved
Main_Modules/TALENTS/TALENTS_Zealot.lua	43	localization_table	loc_talent_zealot_toughness_on_heavy_kills_desc	6DEB8A15C113E00FB74363372559B88CAE9F09EF0C22839CDEB230B06465A775	D3A5B6C2F5FED0B38628013ADD384D6F505C411F447FA7364F368AD09D648A1B	Main_Modules/TALENTS/TALENTS_Zealot.lua:775	Main_Modules/TALENTS/TALENTS_Zealot.lua:778	localization_table	no	yes	yes	yes	KEEP		ED3-ZEALOT-RECHECK-003	match	resolved
Main_Modules/TALENTS/TALENTS_Zealot.lua	44	localization_table	loc_talent_zealot_3_passive_2_description	B269D02082047FE342F5327BE71C1B342F77A8FB897C56B4637384D15178F621	66184BFD83CE2C9F91B1A7D1D065BBD313100735F2FDB765C79E2544D940038E	Main_Modules/TALENTS/TALENTS_Zealot.lua:782	Main_Modules/TALENTS/TALENTS_Zealot.lua:785	localization_table	no	yes	yes	yes	KEEP		ED3-ZEALOT-RECHECK-003	match	resolved
Main_Modules/TALENTS/TALENTS_Zealot.lua	45	localization_table	loc_talent_zealot_duelist_new_desc	5CB72465EBFD9CD497219A32259C2242DB47126BE91CDCB0C3BD76F9528B8F5D	8EA01C349E22235673C36FEB0022FECC630ACE7297B9AE8C57A4513C1FF9997B	Main_Modules/TALENTS/TALENTS_Zealot.lua:789	Main_Modules/TALENTS/TALENTS_Zealot.lua:792	localization_table	no	yes	yes	yes	KEEP		ED3-ZEALOT-RECHECK-003	match	resolved
Main_Modules/TALENTS/TALENTS_Zealot.lua	46	localization_table	loc_talent_zealot_resist_death_desc	99213A5BE9BB71F2098FB0D7105E4B2C46AFCA9444B9328F2F4F57E39DF3E436	B460879100E382EAD96195CA6C21036A4C8B42CD7BBDA317CA85EB3D6E5DF5A3	Main_Modules/TALENTS/TALENTS_Zealot.lua:796	Main_Modules/TALENTS/TALENTS_Zealot.lua:801	localization_table	no	yes	yes	yes	KEEP		ED3-ZEALOT-RECHECK-004	match	resolved
Main_Modules/TALENTS/TALENTS_Zealot.lua	47	localization_table	loc_talent_zealot_increased_damage_stacks_on_hit_desc	6A0FBFF74DEF6B04E4F1590A364A1CD9B06399B587108C40CAA4D82943A51C4A	0E6F361D5FB0C988BF0575AE9C2905D6DFCA3BF4DC60C2678D2DB8537924304B	Main_Modules/TALENTS/TALENTS_Zealot.lua:806	Main_Modules/TALENTS/TALENTS_Zealot.lua:811	localization_table	no	yes	yes	yes	KEEP		ED3-ZEALOT-RECHECK-004	match	resolved
Main_Modules/TALENTS/TALENTS_Zealot.lua	48	localization_table	loc_talent_zealot_heal_during_resist_death_clamped_desc	D3D0634C10EEC60B1D9F97ADA6D27E90A8E3E11BDC3D043AABB4C3B9C18906AB	6D5F561638BA9D5CF7C92265FF5CCEC747B1E2DB3A0C059980C6A2894A10048B	Main_Modules/TALENTS/TALENTS_Zealot.lua:816	Main_Modules/TALENTS/TALENTS_Zealot.lua:821	localization_table	no	yes	yes	yes	CHANGE	GRAMMAR;DISPLAY_CLARITY	ED3-ZEALOT-RECHECK-004	match	resolved
Main_Modules/TALENTS/TALENTS_Zealot.lua	49	localization_table	loc_talent_zealot_movement_speed_on_damaged_desc	8DF14E45483C7DA982CED92AFF1EA4D5C92C84B5195031DB2C8C7057217810D9	2950BB5A80696FE4261D69ED897F97E00E01F3636C134FF90A3EB057BCDDC08B	Main_Modules/TALENTS/TALENTS_Zealot.lua:826	Main_Modules/TALENTS/TALENTS_Zealot.lua:831	localization_table	no	yes	yes	yes	KEEP		ED3-ZEALOT-RECHECK-004	match	resolved
Main_Modules/TALENTS/TALENTS_Zealot.lua	50	localization_table	loc_talent_zealot_damage_based_on_stamina_desc	AF4608A41D68A4155569C083108026E496663ACF28CD1B49DB4B668F65DDFFA5	FAA14E020FA0134343A50624F2693C42AB39673A9DF4D0EB54044D687192524B	Main_Modules/TALENTS/TALENTS_Zealot.lua:836	Main_Modules/TALENTS/TALENTS_Zealot.lua:847	localization_table	no	yes	yes	yes	CHANGE	GRAMMAR;CONSISTENCY	ED3-ZEALOT-RECHECK-004	match	resolved
Main_Modules/TALENTS/TALENTS_Zealot.lua	51	localization_table	loc_talent_zealot_multi_hits_increase_impact_desc	D741F8E8A8F507EECC2647C707B4D35E022041FEC8239679784CCC0327919748	8DA901646A0EF867054249D7B4F3FDA4DD5B768D9D634C134B5D1A14BA346EFD	Main_Modules/TALENTS/TALENTS_Zealot.lua:855	Main_Modules/TALENTS/TALENTS_Zealot.lua:864	localization_table	no	yes	yes	yes	CHANGE	GRAMMAR;DISPLAY_CLARITY	ED3-ZEALOT-RECHECK-004	match	resolved
Main_Modules/TALENTS/TALENTS_Zealot.lua	52	localization_table	loc_talent_zealot_offensive_vs_many_desc	3C147E7E1675F80B5679DAF0F01529A4689BE1F04184272408CF5E895712BB41	B1DF1643E3DC23BF1637F0E208EB2F8B9B5893771DECFC6C0206F6666DF9F400	Main_Modules/TALENTS/TALENTS_Zealot.lua:871	Main_Modules/TALENTS/TALENTS_Zealot.lua:879	localization_table	no	yes	yes	yes	CHANGE	GRAMMAR;DISPLAY_CLARITY	ED3-ZEALOT-RECHECK-004	match	resolved
Main_Modules/TALENTS/TALENTS_Zealot.lua	53	localization_table	loc_talent_zealot_3_tier_4_ability_3_description	367E60C8D4EF708B1FCE91BDF4C114271FCE15778E6AF3D0738C0AF91D0C72FA	15F494CEDF88FDDBDF94B2DCE865391406F5662B553C3E20A7F88E5C96726AD7	Main_Modules/TALENTS/TALENTS_Zealot.lua:886	Main_Modules/TALENTS/TALENTS_Zealot.lua:894	localization_table	no	yes	yes	yes	CHANGE	GRAMMAR;CONSISTENCY	ED3-ZEALOT-RECHECK-004	match	resolved
Main_Modules/TALENTS/TALENTS_Zealot.lua	54	localization_table	loc_talent_zealot_damage_vs_nonthreat_desc	D4C951D9517D90CF1ECDB17CDFEC05F0F48C7E49789D09CD146088B6ADDB2EFF	C993BABDBE21FFFDEC62A81F9018CB4995D1CAF3044668A2A4B2E551F745AAB7	Main_Modules/TALENTS/TALENTS_Zealot.lua:901	Main_Modules/TALENTS/TALENTS_Zealot.lua:903	localization_table	no	yes	yes	yes	CHANGE	WRONG_MEANING;DISPLAY_CLARITY	ED3-ZEALOT-RECHECK-004	match	resolved
Main_Modules/TALENTS/TALENTS_Zealot.lua	55	localization_table	loc_talent_zealot_reload_from_backstab_desc	BD0D4D4EBF0251CCB3E018F37BAC796E6A536DE4779CC69125312EDFD2B87A3A	25C2A469DDDF99C6FB898FA1907BA59E9DE9D95551C068ED556661CE527D3665	Main_Modules/TALENTS/TALENTS_Zealot.lua:907	Main_Modules/TALENTS/TALENTS_Zealot.lua:911	localization_table	no	no	no	yes	CHANGE	GRAMMAR;CONSISTENCY	ED3-ZEALOT-RECHECK-004	match	none
Main_Modules/TALENTS/TALENTS_Zealot.lua	56	localization_table	loc_talent_zealot_attack_speed_desc	3AF39C5039CCB90F60307C7079C58D566479169AC05D1ED5E4001F987FF1DD5A	AEC697F0037F08CE9A94B192CC73AE7CF7B758E66658C5BA23016B9294DAE4DF	Main_Modules/TALENTS/TALENTS_Zealot.lua:916	Main_Modules/TALENTS/TALENTS_Zealot.lua:919	localization_table	no	no	no	yes	KEEP		ED3-ZEALOT-RECHECK-004	match	none
Main_Modules/TALENTS/TALENTS_Zealot.lua	57	localization_table	loc_talent_zealot_revive_speed_desc	3A97B60ABBCD56EFC7906533014F257747D2B3B7B00CF85ADCC43418CFB48952	38A6E84E90FA3D99165F34B17D73F7371617EABE29E7C75A39681F892A80943E	Main_Modules/TALENTS/TALENTS_Zealot.lua:923	Main_Modules/TALENTS/TALENTS_Zealot.lua:934	localization_table	yes	yes	yes	yes	KEEP		ED3-ZEALOT-RECHECK-004	match	resolved
Main_Modules/TALENTS/TALENTS_Zealot.lua	58	localization_table	loc_talent_reduced_damage_after_dodge_description	E3643F78D63C14AEE83EA5591FC805326A93AB471501ACC69DDD634DFB51018B	983E27E1322ED74F93D5003FB2E27E089D73C62B7E46471B54218FEDE274991C	Main_Modules/TALENTS/TALENTS_Zealot.lua:942	Main_Modules/TALENTS/TALENTS_Zealot.lua:945	localization_table	no	yes	yes	yes	KEEP		ED3-ZEALOT-RECHECK-004	match	resolved
Main_Modules/TALENTS/TALENTS_Zealot.lua	59	localization_table	loc_talent_zealot_block_dodging_desc	248E236D45655503E668246DC73B7B239226C909041FD49C119AFF479CB395CF	24F85FB95AA75B3EF62FC95ECADEF2768F63A4792B972EDED31A356F7B526E7D	Main_Modules/TALENTS/TALENTS_Zealot.lua:949	Main_Modules/TALENTS/TALENTS_Zealot.lua:959	localization_table	no	no	no	yes	KEEP		ED3-ZEALOT-RECHECK-004	match	none
Main_Modules/TALENTS/TALENTS_Zealot.lua	60	localization_table	loc_talent_zealot_stamina_on_block_break_alt_desc	47E68C2A7DACD05044BF84567913D5C4B0BD0E3187D9DCFB524F377A826BD3DF	1591F02688D2D40314AAD009E87D34989F84328E64E82C4E001E81C438232775	Main_Modules/TALENTS/TALENTS_Zealot.lua:967	Main_Modules/TALENTS/TALENTS_Zealot.lua:971	localization_table	no	yes	yes	yes	KEEP		ED3-ZEALOT-RECHECK-004	match	resolved
Main_Modules/TALENTS/TALENTS_Zealot.lua	61	localization_table	loc_talent_zealot_damage_vs_elites_desc	A4AD4081A34DDEAF711F75655938EC83D2EF140B579D028AA4505281F0074B36	007D6BE47C87C51099027231BDC73F08F3D820538CB3C6450EE35335C1A5FB80	Main_Modules/TALENTS/TALENTS_Zealot.lua:976	Main_Modules/TALENTS/TALENTS_Zealot.lua:978	localization_table	no	yes	yes	yes	KEEP		ED3-ZEALOT-RECHECK-005	match	resolved
Main_Modules/TALENTS/TALENTS_Zealot.lua	62	localization_table	loc_talent_zealot_3_tier_3_ability_1_description	42BD6E2F4331EBC3415662E8095FA1CC8782CB12C86E6C128496E0CD0D55722D	1D6F8E25065BE634042A807BAA8DB21C0DB268C2B24637308645D06B82785E6C	Main_Modules/TALENTS/TALENTS_Zealot.lua:982	Main_Modules/TALENTS/TALENTS_Zealot.lua:987	localization_table	no	no	no	yes	KEEP		ED3-ZEALOT-RECHECK-005	match	none
Main_Modules/TALENTS/TALENTS_Zealot.lua	63	localization_table	loc_talent_zealot_improved_spread_post_dodge_desc	7847CD19566A5490A8A9D97330E5BB8CA3F289A2775F8E6DD7A270A014F8CB46	A671542AED4F37371872F0430AA9E1EED8F0F0972028E178439A0F8B5A07B46B	Main_Modules/TALENTS/TALENTS_Zealot.lua:992	Main_Modules/TALENTS/TALENTS_Zealot.lua:999	localization_table	no	no	no	yes	KEEP		ED3-ZEALOT-RECHECK-005	match	none
Main_Modules/TALENTS/TALENTS_Zealot.lua	64	localization_table	loc_talent_zealot_increased_stagger_on_weakspot_melee_description	94844A452F39CD8E350FD6CC408AAEC9FED7D8F4FAB249868544FBB30AF73052	EDC16DBB799C1CA6207B90B40BD0369ABA4839F936223B6D83F8F930020D765F	Main_Modules/TALENTS/TALENTS_Zealot.lua:1005	Main_Modules/TALENTS/TALENTS_Zealot.lua:1008	localization_table	no	yes	yes	yes	KEEP		ED3-ZEALOT-RECHECK-005	match	resolved
Main_Modules/TALENTS/TALENTS_Zealot.lua	65	localization_table	loc_talent_zealot_bleed_melee_crit_chance_desc	E1972FC547D0157137BD4D5B87177E095AE0F79278FD006DFF3E5D4DDC5F1B37	E32F8B51262E810294569E300A7E59008114555908EFE6E731E82E67661AD6F4	Main_Modules/TALENTS/TALENTS_Zealot.lua:1012	Main_Modules/TALENTS/TALENTS_Zealot.lua:1023	localization_table	yes	yes	yes	yes	KEEP		ED3-ZEALOT-RECHECK-005	match	resolved
Main_Modules/TALENTS/TALENTS_Zealot.lua	66	localization_table	loc_talent_zealot_toughness_melee_effectiveness_desc	11AB19C035F479991C9ED1D2455F238CB4F1F98E27FE354E83F969F1F3AF51AE	B3CC5741398F18FAB175BD989E60516E2FD8074CFEC38F0B3CA7DEB4E1BD64CD	Main_Modules/TALENTS/TALENTS_Zealot.lua:1031	Main_Modules/TALENTS/TALENTS_Zealot.lua:1034	localization_table	yes	yes	yes	yes	KEEP		ED3-ZEALOT-RECHECK-005	match	resolved
Main_Modules/TALENTS/TALENTS_Zealot.lua	67	localization_table	loc_talent_zealot_push_attacks_attack_speed_desc	E05551D3FEA10907DF20677F58C8DCBA95A933E2DDA496FD452BB1771D3C8030	3681119B7966F3E060190DD975CB986A5E0F11231CCF21BB4922DC3465F1EF55	Main_Modules/TALENTS/TALENTS_Zealot.lua:1038	Main_Modules/TALENTS/TALENTS_Zealot.lua:1040	localization_table	no	no	no	yes	KEEP		ED3-ZEALOT-RECHECK-005	match	none
Main_Modules/TALENTS/TALENTS_Zealot.lua	68	localization_table	loc_talent_zealot_3_tier_3_ability_2_description	027DFA2D43B72893A055F675C6DBD4126C9BC10441A8C9B23FD89F400B90DBE5	F146FDA25524806C0B5D7A3FDDD63096A9CB0FB5E36D19957C6CC4A1A485A1E3	Main_Modules/TALENTS/TALENTS_Zealot.lua:1044	Main_Modules/TALENTS/TALENTS_Zealot.lua:1047	localization_table	no	yes	yes	yes	KEEP		ED3-ZEALOT-RECHECK-005	match	resolved
Main_Modules/TALENTS/TALENTS_Zealot.lua	69	localization_table	loc_talent_zealot_backstab_periodic_damage_desc	6EE0909F8F9132086721D3F63D46E89618EA3D6DE748EDCACE9A0EFA39211744	81C85F8DF917FE8E348C32F7BF1FCC368E884778D686201A44C35BCB4BAF6FDE	Main_Modules/TALENTS/TALENTS_Zealot.lua:1051	Main_Modules/TALENTS/TALENTS_Zealot.lua:1055	localization_table	no	yes	yes	yes	KEEP		ED3-ZEALOT-RECHECK-005	match	resolved
Main_Modules/TALENTS/TALENTS_Zealot.lua	70	localization_table	loc_talent_zealot_weakspot_damage_reduction_desc	BDAD8FCA8793670BA8829BE866AE24A271FA838CF8CB5B0874EEBD06A78510FF	D5D26DD62DC70CCB2D40E830AE7440019DC9F7E3B9A921CA79D6B839DF5D0145	Main_Modules/TALENTS/TALENTS_Zealot.lua:1060	Main_Modules/TALENTS/TALENTS_Zealot.lua:1064	localization_table	no	yes	yes	yes	KEEP		ED3-ZEALOT-RECHECK-005	match	resolved
Main_Modules/TALENTS/TALENTS_Zealot.lua	71	localization_table	loc_talent_zealot_bled_enemies_take_more_damage_desc	F76A04DB44A824AADFB34A1FF05F77F50AE3248125A5C3FB5523A74BF0F76258	755AB95137406A4F632B5B403FF3A0E3E467E90AB5172D8B56FC0A4C591DD79B	Main_Modules/TALENTS/TALENTS_Zealot.lua:1068	Main_Modules/TALENTS/TALENTS_Zealot.lua:1072	localization_table	no	yes	yes	yes	KEEP		ED3-ZEALOT-RECHECK-005	match	resolved
Main_Modules/TALENTS/TALENTS_Zealot.lua	72	localization_table	loc_talent_zealot_elite_kills_empowers_desc	DAB5D6A67D0F100583D78744CB86B036FBE7874CA031479146A9743D52ECC54B	09E01409624FA093C427A8FF2A3C33A5CD94AC1BD39F37DB87B32A681AB5E816	Main_Modules/TALENTS/TALENTS_Zealot.lua:1077	Main_Modules/TALENTS/TALENTS_Zealot.lua:1083	localization_table	no	yes	yes	yes	KEEP		ED3-ZEALOT-RECHECK-005	match	resolved
Main_Modules/TALENTS/TALENTS_Zealot.lua	73	localization_table	loc_talent_zealot_melee_crits_restore_stamina_desc	01E3FBFC82D920156BE9A5DEA6A17F134B61ED95A3136F8DBB155E7327970F78	8676DF7474500468076840396EEC0D3373DB6106F19EBD80208B25F5DAB514FF	Main_Modules/TALENTS/TALENTS_Zealot.lua:1089	Main_Modules/TALENTS/TALENTS_Zealot.lua:1093	localization_table	no	yes	yes	yes	KEEP		ED3-ZEALOT-RECHECK-005	match	resolved
Main_Modules/TALENTS/TALENTS_Zealot.lua	74	localization_table	loc_talent_zealot_uninterruptible_no_slow_heavies_desc	BBB4E797E122C5017D93C8EC70ACA9C310227AF08365A8B715197FBD2C9B91EB	FA72CB28EF6430255EA0F9E71FE1DCDF5B9E372DFD5A683C8657C9137D9E48D7	Main_Modules/TALENTS/TALENTS_Zealot.lua:1098	Main_Modules/TALENTS/TALENTS_Zealot.lua:1104	localization_table	no	no	no	yes	KEEP		ED3-ZEALOT-RECHECK-005	match	none
Main_Modules/TALENTS/TALENTS_Zealot.lua	75	localization_table	loc_talent_zealot_3_tier_1_ability_3_description	556CB6BB4C407F57853CE3C48FD2E66B76D6AA2B15AADF9E1DE953AA2D7E63FD	0F0102DB4CA5694CF5030EAD45E639AC42139ED9BE13620E20CBAC8C003A10D9	Main_Modules/TALENTS/TALENTS_Zealot.lua:1110	Main_Modules/TALENTS/TALENTS_Zealot.lua:1113	localization_table	no	yes	yes	yes	KEEP		ED3-ZEALOT-RECHECK-005	match	resolved
Main_Modules/TALENTS/TALENTS_Zealot.lua	76	localization_table	loc_talent_zealot_heal_damage_taken_desc	8C46527D7DC4FA53BF306A4DD24D2283661E11D97321F664B28A2D1B558B611C	E19138E028030267452DC450E6E728BBEC1DBFB379B848F0184B94C5B8CED549	Main_Modules/TALENTS/TALENTS_Zealot.lua:1117	Main_Modules/TALENTS/TALENTS_Zealot.lua:1121	localization_table	no	yes	yes	yes	CHANGE	GRAMMAR;UNNATURAL;DISPLAY_CLARITY	ED3-ZEALOT-RECHECK-006	match	resolved
Main_Modules/TALENTS/TALENTS_Zealot.lua	77	localization_table	loc_talent_zealot_suppress_on_backstab_kill_desc	DC91EAD2BB7FE3B5E3463B9E1943D676C5D378715851CCEAB8AFC9A34871C5BF	EA900D3104B6D466F026C4D8D06896739B7140492AD56FFE7C10EACC5C57B87F	Main_Modules/TALENTS/TALENTS_Zealot.lua:1125	Main_Modules/TALENTS/TALENTS_Zealot.lua:1129	localization_table	no	yes	no	yes	CHANGE	GRAMMAR;CONSISTENCY	ED3-ZEALOT-RECHECK-006	match	none
Main_Modules/TALENTS/TALENTS_Zealot.lua	78	localization_table	loc_talent_zealot_sprint_improvements_alt_desc	28CBA01F355BF74DCB3DE70CFD16EC21ED878EEFBDC86AA49171C2FE8B512ABB	A9514C14FCA2867F92FC1A5058D6AA9931981950AFBD8A36EE64681F186B5793	Main_Modules/TALENTS/TALENTS_Zealot.lua:1134	Main_Modules/TALENTS/TALENTS_Zealot.lua:1144	localization_table	no	yes	no	yes	CHANGE	TERMINOLOGY;CONSISTENCY	ED3-ZEALOT-RECHECK-006	match	none
Main_Modules/TALENTS/TALENTS_Zealot.lua	79	localization_table	loc_talent_zealot_stacking_melee_damage_after_dodge_desc	7F4E86B72480E1EF0E00E831B3598CF36ADAA1DAF4CFB0BD7B440B2B78FF0753	38DF0611513512B8202EF43C0C3FA0008EDAEDFC08FC7B3F9E1016AFF2F81A9E	Main_Modules/TALENTS/TALENTS_Zealot.lua:1152	Main_Modules/TALENTS/TALENTS_Zealot.lua:1158	localization_table	no	yes	yes	yes	KEEP		ED3-ZEALOT-RECHECK-006	match	resolved
Main_Modules/TALENTS/TALENTS_Veteran.lua	1	localization_table	loc_ability_frag_grenade_description	57D8257D467ECB8EA383500DC8D3C85590E2A333EEB311FA92071360415634E1	5526D692404F0186E36CFED0A0D7F4FCDF8A809070CFE73C78699D6F6849F9D9	Main_Modules/TALENTS/TALENTS_Veteran.lua:26	Main_Modules/TALENTS/TALENTS_Veteran.lua:40	localization_table	no	yes	yes	yes	KEEP		ED3-VETERAN-RECHECK-001	match	resolved
Main_Modules/TALENTS/TALENTS_Veteran.lua	2	localization_table	loc_talent_veteran_grenade_apply_bleed_desc	580D1E9849F78BE2317A1EDA1DF6E0AB121C16842A3A1EE4B3A628A06141B528	2051781F8A37FE87DF4577F500DBE50D1DEF5660A2D16F2AA9F32C2471EC66FD	Main_Modules/TALENTS/TALENTS_Veteran.lua:48	Main_Modules/TALENTS/TALENTS_Veteran.lua:68	localization_table	no	yes	yes	yes	CHANGE	GRAMMAR	ED3-VETERAN-RECHECK-001	match	resolved
Main_Modules/TALENTS/TALENTS_Veteran.lua	3	localization_table	loc_talent_ability_krak_grenade_desc	4D808FD3D1F03CFBC525D8C4EFDC8AD5791204B23B9C7AF0B818B69488406B60	29B96313B4B6458C425ACDC1FF839F7EC718E64567BF59F576BE25A6F1502D2D	Main_Modules/TALENTS/TALENTS_Veteran.lua:80	Main_Modules/TALENTS/TALENTS_Veteran.lua:96	localization_table	no	yes	yes	yes	CHANGE	GRAMMAR;DISPLAY_CLARITY	ED3-VETERAN-RECHECK-001	match	resolved
Main_Modules/TALENTS/TALENTS_Veteran.lua	4	localization_table	loc_ability_smoke_grenade_description	702DE3EDAF75991E074A68836648DD9B79B83A5B954ED03FDF28314EBF4E0739	14CB978D05C076DB9D577541E09E0DB70CD6D6C9964718A382B7080F8BD86EF8	Main_Modules/TALENTS/TALENTS_Veteran.lua:106	Main_Modules/TALENTS/TALENTS_Veteran.lua:114	localization_table	no	yes	yes	yes	KEEP		ED3-VETERAN-RECHECK-001	match	resolved
Main_Modules/TALENTS/TALENTS_Veteran.lua	5	localization_table	loc_talent_veteran_elite_kills_grant_ammo_coop_cd_desc	A46D20AF09A52AD1D02622F2628F5344A7ADA6A3675571365F87EEC8EF071087	155B9C35B7919983411E71689D1436CDE49E3F02B79872D306422243FCFF5B45	Main_Modules/TALENTS/TALENTS_Veteran.lua:123	Main_Modules/TALENTS/TALENTS_Veteran.lua:129	localization_table	no	yes	yes	yes	CHANGE	MISSING_INFO;CONSISTENCY	ED3-VETERAN-RECHECK-001	match	resolved
Main_Modules/TALENTS/TALENTS_Veteran.lua	6	localization_table	loc_talent_veteran_elite_kills_grant_ammo_coop_improved_cd_desc	2152191FEE6F7CC6BA4855CFD956CE73D37EAFC062BBA2DD25BE52F79E8FBF78	DCD8106C1118C76C1099E05293CFA9EE1C8C0EB6A73AEC563755706578A6568F	Main_Modules/TALENTS/TALENTS_Veteran.lua:135	Main_Modules/TALENTS/TALENTS_Veteran.lua:143	localization_table	no	yes	yes	yes	CHANGE	MISSING_INFO;CONSISTENCY	ED3-VETERAN-RECHECK-001	match	resolved
Main_Modules/TALENTS/TALENTS_Veteran.lua	7	localization_table	loc_talent_veteran_damage_coherency_desc	8FAF80C7B1303AB2F558575DCC7C8F204B72DE25A35EA0019830A90D7A47075F	70FA8B10D62D7A2528F3CB7FEF809E01835F62C2BC12FFCCB7B796AAC2001102	Main_Modules/TALENTS/TALENTS_Veteran.lua:150	Main_Modules/TALENTS/TALENTS_Veteran.lua:156	localization_table	no	yes	yes	yes	CHANGE	CONSISTENCY	ED3-VETERAN-RECHECK-001	match	resolved
Main_Modules/TALENTS/TALENTS_Veteran.lua	8	localization_table	loc_talent_veteran_movement_speed_coherency_desc	EDEC240443B948CA5D76667FAA29F75FF617BF5CA0281A221BE52A3FF8B06D73	199379F1E11B8E54A2A3A26D5C319A919A6C0FAB6727F142B3FD78AF50CB4E50	Main_Modules/TALENTS/TALENTS_Veteran.lua:162	Main_Modules/TALENTS/TALENTS_Veteran.lua:168	localization_table	no	yes	yes	yes	CHANGE	CONSISTENCY	ED3-VETERAN-RECHECK-001	match	resolved
Main_Modules/TALENTS/TALENTS_Veteran.lua	9	localization_table	loc_ability_veteran_base_ability_desc	082B5BCCBF944FD7F86B0EA52E038E81878BC8F7B0ACE0A712070F2E8A746746	6CDA56B2D44411BD3FCD99E8143ABE19766B1F5A402B85CC2B8EC62E09806A64	Main_Modules/TALENTS/TALENTS_Veteran.lua:175	Main_Modules/TALENTS/TALENTS_Veteran.lua:196	localization_table	no	yes	yes	yes	KEEP		ED3-VETERAN-RECHECK-001	match	resolved
Main_Modules/TALENTS/TALENTS_Veteran.lua	10	localization_table	loc_talent_veteran_ranged_stance_toughness_description	F5595E8D158FC459B351D0A41617F3AC6B9D77CF434CBB17D383CF5287266690	38CB3E1773F3DB1F1291BCF42F2320FEFB7417777F6F5F75F1E142848D55DBC0	Main_Modules/TALENTS/TALENTS_Veteran.lua:211	Main_Modules/TALENTS/TALENTS_Veteran.lua:243	localization_table	no	yes	yes	yes	CHANGE	GRAMMAR;DISPLAY_CLARITY	ED3-VETERAN-RECHECK-001	match	resolved
Main_Modules/TALENTS/TALENTS_Veteran.lua	11	localization_table	loc_talent_veteran_combat_ability_coherency_outlines_description	FAF295BC342DFFDAABF54D8F6E9F3C6A46C23870BF7B23856AF8F86078314812	E4FC68764F8BCB83A689748AC4295BDB6285DEB03C975F3AA7BD83E473885676	Main_Modules/TALENTS/TALENTS_Veteran.lua:262	Main_Modules/TALENTS/TALENTS_Veteran.lua:264	localization_table	no	yes	yes	yes	CHANGE	CONSISTENCY	ED3-VETERAN-RECHECK-001	match	resolved
Main_Modules/TALENTS/TALENTS_Veteran.lua	12	localization_table	loc_talent_veteran_combat_ability_ranged_enemies_outlines_description	64906F278CB342F609E4AF2FACD58745DB82298988E4E8BF2B95C8477EE8958F	405D75A747F35E3910FF3D07CA2C782C0B06810C45652A2C512BEB55431E35F2	Main_Modules/TALENTS/TALENTS_Veteran.lua:268	Main_Modules/TALENTS/TALENTS_Veteran.lua:270	localization_table	no	yes	no	yes	KEEP		ED3-VETERAN-RECHECK-001	match	none
Main_Modules/TALENTS/TALENTS_Veteran.lua	13	localization_table	loc_talent_veteran_combat_ability_ogryn_outlines_damage_description	8769FADA24DB5639DEE44D5B215B00AA2956A353AB8CE7D1AC6B3A883D2351F1	E887B3C7DF986239E6BF7FE555462DF0D26AF01FB046A005BFE869ADE4EF816F	Main_Modules/TALENTS/TALENTS_Veteran.lua:274	Main_Modules/TALENTS/TALENTS_Veteran.lua:280	localization_table	no	yes	no	yes	KEEP		ED3-VETERAN-RECHECK-001	match	none
Main_Modules/TALENTS/TALENTS_Veteran.lua	14	localization_table	loc_talent_veteran_ability_marksman_desc	B329D0B5565935EF0931969C3E54119567E7F5E99E9921DFE2229A6501CE2B8B	1B279AC9BFE8BA3A87AB3578D439B9EB38D8C3F82094FE7A2E0136A96704A451	Main_Modules/TALENTS/TALENTS_Veteran.lua:286	Main_Modules/TALENTS/TALENTS_Veteran.lua:296	localization_table	no	yes	yes	yes	KEEP		ED3-VETERAN-RECHECK-001	match	resolved
Main_Modules/TALENTS/TALENTS_Veteran.lua	15	localization_table	loc_talent_veteran_combat_ability_stagger_nearby_enemies_description	50095E48B3C686BB12A280FA552863ED38D4BD011621A486546F92BF9A49F8C6	E02F2C02ABE46F05ADF0E2724978FCB5C2C66403EAA11530C097DF5B755102B5	Main_Modules/TALENTS/TALENTS_Veteran.lua:304	Main_Modules/TALENTS/TALENTS_Veteran.lua:316	localization_table	no	yes	yes	yes	CHANGE	GRAMMAR;PUNCTUATION;DISPLAY_CLARITY	ED3-VETERAN-RECHECK-001	match	resolved
Main_Modules/TALENTS/TALENTS_Veteran.lua	16	localization_table	loc_talent_veteran_combat_ability_increase_and_restore_toughness_to_coherency_description	426CCBE4CEF6A1A85F4DDD07514CFFF145EF370BFFFD38A5DBFC0B7D0A30FFB2	DC34E5DDD8AE86C8CDB7207BD6E0AB30058EEC77A3EB40EDC8B55AE1AC51C39C	Main_Modules/TALENTS/TALENTS_Veteran.lua:325	Main_Modules/TALENTS/TALENTS_Veteran.lua:337	localization_table	no	yes	yes	yes	CHANGE	CONSISTENCY;DISPLAY_CLARITY	ED3-VETERAN-RECHECK-002	match	resolved
Main_Modules/TALENTS/TALENTS_Veteran.lua	17	localization_table	loc_talent_veteran_combat_ability_revives_new_description	8C5A6ACB90DF23BFF558D12D62E9FBB0937498F38EEA53E6E6DDB20309237DCD	0CD7701C0FEE42477116A416DE12D6EBADAF386F1D091518E17FAB1E0760A725	Main_Modules/TALENTS/TALENTS_Veteran.lua:346	Main_Modules/TALENTS/TALENTS_Veteran.lua:348	localization_table	no	no	no	yes	KEEP		ED3-VETERAN-RECHECK-002	match	none
Main_Modules/TALENTS/TALENTS_Veteran.lua	18	localization_table	loc_talent_veteran_invisibility_on_combat_ability_damage_desc	C87D4E3C31B673D11481C5A0E43A19E0B355773F168587AE0BE1642449286734	3ECC3FE5134130CD98F67F02118684F7F46BD7587692FEE3902EE05F02EBE432	Main_Modules/TALENTS/TALENTS_Veteran.lua:352	Main_Modules/TALENTS/TALENTS_Veteran.lua:370	localization_table	no	yes	yes	yes	KEEP		ED3-VETERAN-RECHECK-002	match	resolved
Main_Modules/TALENTS/TALENTS_Veteran.lua	19	localization_table	loc_talent_veteran_combat_ability_extra_charge_description	4BBFFBE6DA598E6C26B3B20E9C5828D93626EC1BC08A0BE56D2AD14A57F1ADCF	79FF9422D75AE7947E58C41C7CE1D4460773B74F6469E3CDF4111C40ACB8299E	Main_Modules/TALENTS/TALENTS_Veteran.lua:382	Main_Modules/TALENTS/TALENTS_Veteran.lua:390	localization_table	no	yes	yes	yes	KEEP		ED3-VETERAN-RECHECK-002	match	resolved
Main_Modules/TALENTS/TALENTS_Veteran.lua	20	localization_table	loc_talent_veteran_toughness_bonus_leaving_invisibility_desc	A25558578B4308AAFDB799FF7AF367CF31A51E36B79AFB92610CE71E5E2F18D2	FC1ECC59456F5C837D7808F5A937C6F685ACAE2B6CC1CB4554BD077C66100596	Main_Modules/TALENTS/TALENTS_Veteran.lua:397	Main_Modules/TALENTS/TALENTS_Veteran.lua:399	localization_table	yes	yes	yes	yes	KEEP		ED3-VETERAN-RECHECK-002	match	resolved
Main_Modules/TALENTS/TALENTS_Veteran.lua	21	localization_table	loc_talent_veteran_reduced_threat_after_stealth_desc	89ED4CE4385A52D758AC6D6F3708CFBA7162F52B8AA995E07C0116190776ABE0	E83B4673A4B519994EA361D8C60CD5BC14E08ACD316D0BA6053DD621039CA8B5	Main_Modules/TALENTS/TALENTS_Veteran.lua:403	Main_Modules/TALENTS/TALENTS_Veteran.lua:407	localization_table	no	yes	yes	yes	KEEP		ED3-VETERAN-RECHECK-002	match	resolved
Main_Modules/TALENTS/TALENTS_Veteran.lua	22	localization_table	loc_talent_veteran_ability_assault_desc	39F441A428058A2283D0AC720A650CF4E0CFFB2F58162F5C53B3F753D4893C63	E71A7D70A66280332A64F86AF2C90CD7A5AFBF170C18637AF68BFD31C1018E0B	Main_Modules/TALENTS/TALENTS_Veteran.lua:412	Main_Modules/TALENTS/TALENTS_Veteran.lua:431	localization_table	no	yes	yes	yes	CHANGE	WRONG_MEANING;DISPLAY_CLARITY	ED3-VETERAN-RECHECK-002	match	resolved
Main_Modules/TALENTS/TALENTS_Veteran.lua	23	localization_table	loc_talent_veteran_snipers_focus_duration_desc	BF934AA1B1CAFAA9453FDDDF6343267480EA31B944C36CF271E9D4E69407FB59	7B70E103ABE3167713FD1987172A536D53BB51950FCA6FA16596B763EAE3FDD4	Main_Modules/TALENTS/TALENTS_Veteran.lua:445	Main_Modules/TALENTS/TALENTS_Veteran.lua:469	localization_table	no	yes	yes	yes	KEEP		ED3-VETERAN-RECHECK-002	match	resolved
Main_Modules/TALENTS/TALENTS_Veteran.lua	24	localization_table	loc_talent_veteran_snipers_focus_rending_bonus_description	A628BAA1ED9C07514EC5D8314FC8536F7620BCA200410B51F976AC9864B5C6CD	A701CD3512965FEAFB47EEE3AD931C0BE6165CC9C4862B8B7E6CE9865811E178	Main_Modules/TALENTS/TALENTS_Veteran.lua:484	Main_Modules/TALENTS/TALENTS_Veteran.lua:490	localization_table	no	yes	yes	yes	KEEP		ED3-VETERAN-RECHECK-002	match	resolved
Main_Modules/TALENTS/TALENTS_Veteran.lua	25	localization_table	loc_talent_veteran_snipers_focus_stamina_bonus_desc	96D6F889FEB32E58EA245531C6AB4E063E628BF02B4F1EE554A5210E90C8FEA8	1ED403614430DD44652757E42952DC0CB9CF5B887031B65B9BFF921118349970	Main_Modules/TALENTS/TALENTS_Veteran.lua:496	Main_Modules/TALENTS/TALENTS_Veteran.lua:506	localization_table	no	yes	yes	yes	KEEP		ED3-VETERAN-RECHECK-002	match	resolved
Main_Modules/TALENTS/TALENTS_Veteran.lua	26	localization_table	loc_talent_veteran_snipers_focus_increased_stacks_description	8C2B0B61A80C3FE1B89F1421D4585D6E2BCF09200E2575C080334EB5B1A8CF64	E055AC52E3AB483A23B9D866576306DFC83C7C138FFB656A9B48CE1922C650B1	Main_Modules/TALENTS/TALENTS_Veteran.lua:514	Main_Modules/TALENTS/TALENTS_Veteran.lua:516	localization_table	no	yes	yes	yes	KEEP		ED3-VETERAN-RECHECK-002	match	resolved
Main_Modules/TALENTS/TALENTS_Veteran.lua	27	localization_table	loc_talent_veteran_improved_tag_description	EE3DB7B5649E419C2DB74483B12A2DCD26B97C19601954DC1F7367F3358A1FDC	0EA49B67D7DEB26FEB030A139BCD7405EF3863176E0D709B1C9E9AEAD6A32CAB	Main_Modules/TALENTS/TALENTS_Veteran.lua:520	Main_Modules/TALENTS/TALENTS_Veteran.lua:538	localization_table	no	yes	yes	yes	KEEP		ED3-VETERAN-RECHECK-002	match	resolved
Main_Modules/TALENTS/TALENTS_Veteran.lua	28	localization_table	loc_talent_veteran_improved_tag_dead_bonus_description	B57E27C64165B80DFB2018C994FD8B3E728D8D286EAEFBFA35ACA3DAF1FFD1BE	288F259CC5ECD44A31F45922CE27D36F55DB6E7A162BA17894DEE075C39C92BA	Main_Modules/TALENTS/TALENTS_Veteran.lua:550	Main_Modules/TALENTS/TALENTS_Veteran.lua:556	localization_table	no	yes	yes	yes	CHANGE	CONSISTENCY	ED3-VETERAN-RECHECK-002	match	resolved
Main_Modules/TALENTS/TALENTS_Veteran.lua	29	localization_table	loc_talent_veteran_improved_tag_dead_coherency_bonus_description	EA62F873A2AA73BF73F14A2D8ABE4FC2C8420728B896DDAA8A474429B881C961	B73E1AAFAC1C5C15C0A8EF638592E6A00A8148F308C5C18F57D1D8D57006AFAF	Main_Modules/TALENTS/TALENTS_Veteran.lua:562	Main_Modules/TALENTS/TALENTS_Veteran.lua:568	localization_table	no	yes	yes	yes	CHANGE	CONSISTENCY	ED3-VETERAN-RECHECK-002	match	resolved
Main_Modules/TALENTS/TALENTS_Veteran.lua	30	localization_table	loc_talent_veteran_improved_tag_more_damage_description	F7A24690BF9084103385BF0DC8E189B8D5C5CD57995A7EC4A7735F86ABADC05D	59F95FD894C6B01AE96824089E00740CD6C44AAB3D133A550D2B2BACDC536ECA	Main_Modules/TALENTS/TALENTS_Veteran.lua:574	Main_Modules/TALENTS/TALENTS_Veteran.lua:576	localization_table	no	yes	yes	yes	KEEP		ED3-VETERAN-RECHECK-002	match	resolved
Main_Modules/TALENTS/TALENTS_Veteran.lua	31	localization_table	loc_talent_veteran_weapon_switch_new_description	B04F547411FDE087056276E7D2BF7AD2EAD41B02E4A0277F9AECE87C1FCC56A4	545EA5A13E740C45BFA468B5B57D2CBE50389E1085E9B5D5AB73A3D1B5956459	Main_Modules/TALENTS/TALENTS_Veteran.lua:580	Main_Modules/TALENTS/TALENTS_Veteran.lua:614	localization_table	yes	yes	yes	yes	KEEP		ED3-VETERAN-RECHECK-003	match	resolved
Main_Modules/TALENTS/TALENTS_Veteran.lua	32	localization_table	loc_talent_veteran_weapon_switch_replenish_ammo_description	6BF01593B47EA3F8BE8C508B4851CEFCC4A68B4C425EE5D2163093F5093754F5	EE273C3A4629DEAF08395AE857CBCC66FD0215A4DAC465839292776024E2C5CB	Main_Modules/TALENTS/TALENTS_Veteran.lua:634	Main_Modules/TALENTS/TALENTS_Veteran.lua:640	localization_table	no	yes	yes	yes	KEEP		ED3-VETERAN-RECHECK-003	match	resolved
Main_Modules/TALENTS/TALENTS_Veteran.lua	33	localization_table	loc_talent_veteran_weapon_switch_replenish_stamina_new_description	559D5021AA17768E359159027C3AF392011BE86412BA51D6F4A7A034B87E28D3	44F510E18D19B508FDB0C0AF615A74690044E23133F1C5CCAEC1F6657BAB6E13	Main_Modules/TALENTS/TALENTS_Veteran.lua:646	Main_Modules/TALENTS/TALENTS_Veteran.lua:652	localization_table	no	yes	yes	yes	CHANGE	GRAMMAR	ED3-VETERAN-RECHECK-003	match	resolved
Main_Modules/TALENTS/TALENTS_Veteran.lua	34	localization_table	loc_talent_veteran_weapon_switch_replenish_toughness_description	31A1BA465FF653827EF2A4A57F1FC0CF1AE1B2FDDC33E39AD85A6F8DC3BEFCA0	EA71AD01A434A2B31CD60ED04B3B9D2901B4E07F9EC69C85C682B7B7AE4243CA	Main_Modules/TALENTS/TALENTS_Veteran.lua:658	Main_Modules/TALENTS/TALENTS_Veteran.lua:664	localization_table	no	yes	yes	yes	KEEP		ED3-VETERAN-RECHECK-003	match	resolved
Main_Modules/TALENTS/TALENTS_Veteran.lua	35	localization_table	loc_talent_veteran_toughness_on_weakspot_kill_alt_desc	8C39277B7797F9D3D2A1F0BDD220E4F409B90D066C61A12E9AF73FAC86A0A9FE	1D123CBC3B496A2AA3076B4A9185FD2F614F76057D22C4A1E7F28D9F21A7008C	Main_Modules/TALENTS/TALENTS_Veteran.lua:671	Main_Modules/TALENTS/TALENTS_Veteran.lua:687	localization_table	yes	yes	yes	yes	KEEP		ED3-VETERAN-RECHECK-003	match	resolved
Main_Modules/TALENTS/TALENTS_Veteran.lua	36	localization_table	loc_talent_veteran_toughness_on_elite_kill_desc	DA48929C3D0185977848D877F017E36383ED36351E5E927EF84F2C1DEEE41AAC	329D520CAE2CE6C8A29BC520CB1B54E7F7B356C096E38D40E7A7E2D099718945	Main_Modules/TALENTS/TALENTS_Veteran.lua:698	Main_Modules/TALENTS/TALENTS_Veteran.lua:708	localization_table	no	yes	yes	yes	KEEP		ED3-VETERAN-RECHECK-003	match	resolved
Main_Modules/TALENTS/TALENTS_Veteran.lua	37	localization_table	loc_talent_veteran_all_kills_replenish_toughness_description	F4B5D44F1301DE2A8B14F99F932A5F27CF2D4C89A05CBE815C194C4E72C980B5	40818C13CC395A70538CE421D87ED86FDAD93430289B6C397351C2A2C54B90EE	Main_Modules/TALENTS/TALENTS_Veteran.lua:716	Main_Modules/TALENTS/TALENTS_Veteran.lua:722	localization_table	no	yes	yes	yes	CHANGE	GRAMMAR	ED3-VETERAN-RECHECK-003	match	resolved
Main_Modules/TALENTS/TALENTS_Veteran.lua	38	localization_table	loc_talent_veteran_reload_speed_on_elite_kill_desc	D80353BFA49EAED9A221E82569E291166BD1E733585D812082BFD00E8F246DA7	0F7DE0F61381DE44CD875E46770FD40D524DB43F401F3C1F895B39AEE3CAE3FE	Main_Modules/TALENTS/TALENTS_Veteran.lua:728	Main_Modules/TALENTS/TALENTS_Veteran.lua:736	localization_table	no	yes	no	yes	KEEP		ED3-VETERAN-RECHECK-003	match	none
Main_Modules/TALENTS/TALENTS_Veteran.lua	39	localization_table	loc_talent_veteran_increased_damage_based_on_range_new_desc	050AB7C56BF3A695D2342C7E4C6A6D042765F470E5B6B08249F946BC2E514BFC	BAE2BB4EB29ECC99E45EFA0EB7A73933392FA336BC9A43B468754059BB661A35	Main_Modules/TALENTS/TALENTS_Veteran.lua:743	Main_Modules/TALENTS/TALENTS_Veteran.lua:757	localization_table	no	yes	yes	yes	CHANGE	GRAMMAR;DISPLAY_CLARITY	ED3-VETERAN-RECHECK-003	match	resolved
Main_Modules/TALENTS/TALENTS_Veteran.lua	40	localization_table	loc_talent_veteran_replenish_toughness_and_boost_allies_desc	09A83C0AE2AB12F7DFA17D1A740CACFFE5CBDB96CBC13882A8E9C93AA30E7F69	FB85672C3BECE3E740CA1353E77124565A576FE5C7568D5F10515F59535CFE78	Main_Modules/TALENTS/TALENTS_Veteran.lua:767	Main_Modules/TALENTS/TALENTS_Veteran.lua:777	localization_table	no	yes	yes	yes	CHANGE	GRAMMAR;DISPLAY_CLARITY	ED3-VETERAN-RECHECK-003	match	resolved
Main_Modules/TALENTS/TALENTS_Veteran.lua	41	localization_table	loc_talent_veteran_reduce_swap_time_desc	DAFDF68D588369EFCA49F3E8D82EC287ED7AD486F9B8F00450914DD4B724093A	CA45763642EA6205A83A3EFC174C2B33279BEDAFB1B1A951EF667DCC45142F7C	Main_Modules/TALENTS/TALENTS_Veteran.lua:785	Main_Modules/TALENTS/TALENTS_Veteran.lua:791	localization_table	no	yes	no	yes	KEEP		ED3-VETERAN-RECHECK-003	match	none
Main_Modules/TALENTS/TALENTS_Veteran.lua	42	localization_table	loc_talent_veteran_reload_speed_non_empty_mag_desc	82EDA79747A6472FA86EB9E7EBFB2B90441690C4A8B091D84A7C70FB1675D79E	F15FAD1DB8D9633F3AB9EB31BA1F2671AB59E12707D3B726D5BEB64A91D715A6	Main_Modules/TALENTS/TALENTS_Veteran.lua:797	Main_Modules/TALENTS/TALENTS_Veteran.lua:803	localization_table	no	yes	no	yes	KEEP		ED3-VETERAN-RECHECK-003	match	none
Main_Modules/TALENTS/TALENTS_Veteran.lua	43	localization_table	loc_talent_veteran_toughness_damage_reduction_per_ally_description	067DEDC42D8704A2276F50E9C2CEC68C1D6B2B24AEBE6D2C86310A2106821F66	9A5E03D83B646F0FF5F0213BAB544770CCBD5AF4A1D7C53A58F1C48E301C7103	Main_Modules/TALENTS/TALENTS_Veteran.lua:809	Main_Modules/TALENTS/TALENTS_Veteran.lua:811	localization_table	yes	yes	yes	yes	CHANGE	CONSISTENCY	ED3-VETERAN-RECHECK-003	match	resolved
Main_Modules/TALENTS/TALENTS_Veteran.lua	44	localization_table	loc_talent_veteran_increase_damage_vs_elites_desc	5B6D68E7918801842F3F1CDCCC138F38B6F98DC6AD3CCBB29ED8DDDA0933D1F8	5B59940578E072C7FF975038C73C328CA652214BDD8E206D1F4B83344578393D	Main_Modules/TALENTS/TALENTS_Veteran.lua:815	Main_Modules/TALENTS/TALENTS_Veteran.lua:817	localization_table	no	yes	yes	yes	KEEP		ED3-VETERAN-RECHECK-003	match	resolved
Main_Modules/TALENTS/TALENTS_Veteran.lua	45	localization_table	loc_talent_veteran_tdr_on_high_toughness_desc	CAE93FB49C1581F0A309FDC8917F2F14DDCDCE18884791905D1FE19D6201970B	93422D05A04A80B26FC8CDB32266CB97A994F9258D8CBCA4778F3F4CC1FE51EC	Main_Modules/TALENTS/TALENTS_Veteran.lua:821	Main_Modules/TALENTS/TALENTS_Veteran.lua:823	localization_table	yes	yes	yes	yes	KEEP		ED3-VETERAN-RECHECK-003	match	resolved
Main_Modules/TALENTS/TALENTS_Veteran.lua	46	localization_table	loc_talent_veteran_attack_speed_description	96327D0333AB5F522FE0927009C42A924F64246B9D549321A16E6F98666D3010	4C2301BD0977E9176C3490477F2115093C96748EA99644068073F8BD6317C45D	Main_Modules/TALENTS/TALENTS_Veteran.lua:827	Main_Modules/TALENTS/TALENTS_Veteran.lua:829	localization_table	no	no	no	yes	KEEP		ED3-VETERAN-RECHECK-004	match	none
Main_Modules/TALENTS/TALENTS_Veteran.lua	47	localization_table	loc_talent_veteran_better_deployables_description	3072C699F7EA9620B78D6963C02F2D51D7269D2FA9BF9E04370C126E68137E0D	6F23865D959F5AA2FC413C6452B8C50AB51209070BA9C5098319E97D605E29D9	Main_Modules/TALENTS/TALENTS_Veteran.lua:833	Main_Modules/TALENTS/TALENTS_Veteran.lua:845	localization_table	no	yes	yes	yes	KEEP		ED3-VETERAN-RECHECK-004	match	resolved
Main_Modules/TALENTS/TALENTS_Veteran.lua	48	localization_table	loc_talent_veteran_increased_ranged_cleave_desc	3849C8EF012248FD5E14E4583118525B9359A041239E3B83A90CC904152863EA	455220F62B07426E076D0D2577E24AB75F392F2460D6F49C1FCA2E4464DD4FAF	Main_Modules/TALENTS/TALENTS_Veteran.lua:854	Main_Modules/TALENTS/TALENTS_Veteran.lua:856	localization_table	no	yes	yes	yes	KEEP		ED3-VETERAN-RECHECK-004	match	resolved
Main_Modules/TALENTS/TALENTS_Veteran.lua	49	localization_table	loc_talent_veteran_bonus_crit_chance_on_ammo_desc	5555E1771EEF38229049F55A9602C93776FEB8C3BF7CA51EA21D9E4723E26772	3A6D897C9E6DEA3EC6C32D0F7AB4C833AD4FDCC7CD1A6C3837AF2AE8FA271B6E	Main_Modules/TALENTS/TALENTS_Veteran.lua:860	Main_Modules/TALENTS/TALENTS_Veteran.lua:862	localization_table	yes	yes	yes	yes	KEEP		ED3-VETERAN-RECHECK-004	match	resolved
Main_Modules/TALENTS/TALENTS_Veteran.lua	50	localization_table	loc_talent_zealot_increased_flanking_damage_description	2774E0B03B9E2951B2BD5CBA978D74A1373055BA6500B6CF3904B5371A3B0EB3	60497B282B3EDB0ECF4DF7CF5D57AC4B6C9E317F752545255EE5E05120DD108C	Main_Modules/TALENTS/TALENTS_Veteran.lua:867	Main_Modules/TALENTS/TALENTS_Veteran.lua:869	localization_table	no	yes	yes	yes	KEEP		ED3-VETERAN-RECHECK-004	match	resolved
Main_Modules/TALENTS/TALENTS_Veteran.lua	51	localization_table	loc_talent_veteran_hits_cause_bleed_desc	C2703A5600B06303E1A0AED3D4D47EAE40BD0F99404E16AD10992BC72DB0B28C	2F3A2E76D2D41075282026793AD7CEDACD525B838843E2AA6068F8AF099A19D1	Main_Modules/TALENTS/TALENTS_Veteran.lua:874	Main_Modules/TALENTS/TALENTS_Veteran.lua:892	localization_table	no	yes	yes	yes	KEEP		ED3-VETERAN-RECHECK-004	match	resolved
Main_Modules/TALENTS/TALENTS_Veteran.lua	52	localization_table	loc_talent_veteran_replenish_toughness_outside_melee_hit_desc	12F0801B28B8AA1828F055E01E6C8C6F344A7D6D2D28B191466C1620F3816A1D	CA63C24A51CE8C3D71A7E336EA78BAA4B27832C6478424EB6A816F9309995CC5	Main_Modules/TALENTS/TALENTS_Veteran.lua:904	Main_Modules/TALENTS/TALENTS_Veteran.lua:912	localization_table	no	yes	yes	yes	KEEP		ED3-VETERAN-RECHECK-004	match	resolved
Main_Modules/TALENTS/TALENTS_Veteran.lua	53	localization_table	loc_talent_veteran_extra_grenade_and_throw_chance_description	8BB2EC864556928587B81AAB02AD7ACAEF44D41069E15503FCE985F80B2FB8B9	AE78B8322CFFB4D4902A9B88C797F3E41300367AE68BD738BEDC39C374D82860	Main_Modules/TALENTS/TALENTS_Veteran.lua:919	Main_Modules/TALENTS/TALENTS_Veteran.lua:925	localization_table	no	no	yes	yes	KEEP		ED3-VETERAN-RECHECK-004	match	resolved
Main_Modules/TALENTS/TALENTS_Veteran.lua	54	localization_table	loc_talent_veteran_grenade_regeneration_per_grenade_desc	F501B65FE57F76D67AFA88AF769C462E970D9309004183DEE9B5EC1D60931328	201F952775F189A420524B28348BABD907EFDD9B8D4655CAACF3AAE519BB578E	Main_Modules/TALENTS/TALENTS_Veteran.lua:931	Main_Modules/TALENTS/TALENTS_Veteran.lua:939	localization_table	no	no	no	yes	KEEP		ED3-VETERAN-RECHECK-004	match	none
Main_Modules/TALENTS/TALENTS_Veteran.lua	55	localization_table	loc_talent_veteran_improved_grenades_desc	0AFBA697639F4557E44C1AB3C58DCDB2005AA43A64C4D07AA3498B2799E2A8C9	1325C1B352B6DBEA2547C8DE9599549F57E4446848C321064123E1F6011845E7	Main_Modules/TALENTS/TALENTS_Veteran.lua:946	Main_Modules/TALENTS/TALENTS_Veteran.lua:966	localization_table	no	yes	yes	yes	KEEP		ED3-VETERAN-RECHECK-004	match	resolved
Main_Modules/TALENTS/TALENTS_Veteran.lua	56	localization_table	loc_talent_veteran_increased_weakspot_damage_desc	A9C609ACF74BDD4595E3F0F48FC197743F0B97C067ED89DA94EB0AA16C3192C4	67E47F661844A6FDD3AD64974541DF15D301F8B614B9E99C694BFABFBD25B8AF	Main_Modules/TALENTS/TALENTS_Veteran.lua:979	Main_Modules/TALENTS/TALENTS_Veteran.lua:981	localization_table	no	yes	yes	yes	KEEP		ED3-VETERAN-RECHECK-004	match	resolved
Main_Modules/TALENTS/TALENTS_Veteran.lua	57	localization_table	loc_talent_veteran_ads_drains_stamina_boost_desc	AFE1CBAC52EB622B6D5A6EEC4DE5FE88F170D94E3256BE42CF9BB331BB82F058	1EC6404ACD02783A682FCD427B9E85A39E2E04ED2BE102C4EA68635A6972CFB5	Main_Modules/TALENTS/TALENTS_Veteran.lua:985	Main_Modules/TALENTS/TALENTS_Veteran.lua:1005	localization_table	no	yes	yes	yes	KEEP		ED3-VETERAN-RECHECK-004	match	resolved
Main_Modules/TALENTS/TALENTS_Veteran.lua	58	localization_table	loc_talent_veteran_allies_share_toughness_coherency_increase_description	13ED2C26176F72EBBAD52B311080508A486408E93E6A684B044642DC8B9D02BD	37BB24B6C219DCA686174194CC7E4CADBB5F10395DC4AE1D8D08D7E329F8D0B6	Main_Modules/TALENTS/TALENTS_Veteran.lua:1018	Main_Modules/TALENTS/TALENTS_Veteran.lua:1024	localization_table	no	yes	yes	yes	CHANGE	GRAMMAR;CONSISTENCY;DISPLAY_CLARITY	ED3-VETERAN-RECHECK-004	match	resolved
Main_Modules/TALENTS/TALENTS_Veteran.lua	59	localization_table	loc_talent_veteran_movement_speed_towards_downed_description	8DB102FFB9880A4427863BAFE370071074B93617E65B9AE61F2664161F10D209	650A65C201B50D5B83E732BC6EF2609B1BEDA8E18024943A82AD02AAFBAD03CB	Main_Modules/TALENTS/TALENTS_Veteran.lua:1030	Main_Modules/TALENTS/TALENTS_Veteran.lua:1046	localization_table	no	yes	yes	yes	CHANGE	GRAMMAR	ED3-VETERAN-RECHECK-004	match	resolved
Main_Modules/TALENTS/TALENTS_Veteran.lua	60	localization_table	loc_talent_veteran_grenade_on_elite_kills_coop_desc	C5D8009338D7BEE28879D2BD98BFB21F9CDF6298A8D5D7CF3E45B2A6DD1FF673	3BF2C87820CCAB98DF62F390B89CC698268B02C3A5BB1865ED89EAE4E510319D	Main_Modules/TALENTS/TALENTS_Veteran.lua:1057	Main_Modules/TALENTS/TALENTS_Veteran.lua:1063	localization_table	no	yes	yes	yes	CHANGE	CONSISTENCY	ED3-VETERAN-RECHECK-004	match	resolved
Main_Modules/TALENTS/TALENTS_Veteran.lua	61	localization_table	loc_talent_veteran_dodging_grants_crit_description	48075B8FF9C209B9F542C43B3379CB1D46FD021D897CDC34C2821EA796D5C176	CE359634178D089BE0B4AAEA3BBF6DE2FFE4437E098D2A869827B92A192B1B61	Main_Modules/TALENTS/TALENTS_Veteran.lua:1069	Main_Modules/TALENTS/TALENTS_Veteran.lua:1097	localization_table	yes	yes	yes	yes	CHANGE	TERMINOLOGY	ED3-VETERAN-RECHECK-005	match	resolved
Main_Modules/TALENTS/TALENTS_Veteran.lua	62	localization_table	loc_talent_veteran_stamina_on_ranged_dodge_desc	365FBC0F0ED98E0679493F85EE33ACC13ED0E11EB1349E9726587AFD5FBB4F31	8992D82587C1B3E30235403CF4DF1C10D6BA792F2C46C03AD893AC8D034A8E75	Main_Modules/TALENTS/TALENTS_Veteran.lua:1114	Main_Modules/TALENTS/TALENTS_Veteran.lua:1122	localization_table	no	yes	yes	yes	CHANGE	WRONG_MEANING	ED3-VETERAN-RECHECK-005	match	resolved
Main_Modules/TALENTS/TALENTS_Veteran.lua	63	localization_table	loc_talent_veteran_ammo_increase_desc	B14177954ADACCB987CB07C6FC1E2CDF87D2BF91BF48A610F814B5A25DEE8991	846A2A862327CD640482D6F8300F3BC0F0779CE1E485BB3393C10D289E620BDC	Main_Modules/TALENTS/TALENTS_Veteran.lua:1129	Main_Modules/TALENTS/TALENTS_Veteran.lua:1135	localization_table	no	yes	no	yes	KEEP		ED3-VETERAN-RECHECK-005	match	none
Main_Modules/TALENTS/TALENTS_Veteran.lua	64	localization_table	loc_talent_veteran_elite_kills_reduce_cooldown_alt_desc	BEBE0DA771E06D47AA8518EE1E7043E5FD0C125CBA49734FE1CAA835F4EFB8EE	2426203CA23A3D068B61201309C8550C98AB2BE6F25357714DB1EC83CFCEC1AB	Main_Modules/TALENTS/TALENTS_Veteran.lua:1141	Main_Modules/TALENTS/TALENTS_Veteran.lua:1145	localization_table	no	yes	yes	yes	KEEP		ED3-VETERAN-RECHECK-005	match	resolved
Main_Modules/TALENTS/TALENTS_Veteran.lua	65	localization_table	loc_talent_veteran_increased_melee_crit_chance_and_melee_finesse_desc	32A392FD9C4836BBBDB981BA5A89F9EEC62B702AE03301B6CFCA0AB3297C1083	E1F0656EEBBDD03F1FE998CF9834F40AE8BFDB06313C9202C0345C0CBA559A21	Main_Modules/TALENTS/TALENTS_Veteran.lua:1150	Main_Modules/TALENTS/TALENTS_Veteran.lua:1158	localization_table	no	yes	yes	yes	KEEP		ED3-VETERAN-RECHECK-005	match	resolved
Main_Modules/TALENTS/TALENTS_Veteran.lua	66	localization_table	loc_talent_veteran_increase_suppression_desc	D30D6B3866612E410B29049BFF1B1A3F3D292391C11D568F2EC8D9DC6D0176E0	944A194427F05D73B822AFF0BF8FB9D782563FE6A9D8A6167BA84CF21D15A980	Main_Modules/TALENTS/TALENTS_Veteran.lua:1165	Main_Modules/TALENTS/TALENTS_Veteran.lua:1167	localization_table	no	yes	no	yes	KEEP		ED3-VETERAN-RECHECK-005	match	none
Main_Modules/TALENTS/TALENTS_Veteran.lua	67	localization_table	loc_talent_veteran_ally_kills_increase_damage_description	27DC7ADBF254BBFBC185170B491FC1830B405C128DF45E7F4BEB021BAFE22CBF	2D1812DC67C8B267B1BD872181E27B78BF7FD8DE436F83D016C9C6F507B2EDA4	Main_Modules/TALENTS/TALENTS_Veteran.lua:1171	Main_Modules/TALENTS/TALENTS_Veteran.lua:1187	localization_table	no	yes	yes	yes	CHANGE	GRAMMAR	ED3-VETERAN-RECHECK-005	match	resolved
Main_Modules/TALENTS/TALENTS_Veteran.lua	68	localization_table	loc_talent_veteran_rending_bonus_desc	25E15BEF4B0979B03C0369E98875D1B75C88328B1B074887B97C6BA7EE584BAA	182E71B007725D159BC7EBD43B4A2A2ADEC3D09CA85C854CB11FA0F58B184E00	Main_Modules/TALENTS/TALENTS_Veteran.lua:1198	Main_Modules/TALENTS/TALENTS_Veteran.lua:1204	localization_table	no	yes	yes	yes	KEEP		ED3-VETERAN-RECHECK-005	match	resolved
Main_Modules/TALENTS/TALENTS_Veteran.lua	69	localization_table	loc_talent_veteran_kill_grants_damage_to_other_slot_desc	6C42A35B6FAD94157093C7A6C69C15600C46ACAF522E267C513F56485646D922	9F6E3023EB91A2F60489CF58B13F9DE55DF4161218909E5CF12F2E32DB37315F	Main_Modules/TALENTS/TALENTS_Veteran.lua:1210	Main_Modules/TALENTS/TALENTS_Veteran.lua:1220	localization_table	no	yes	yes	yes	KEEP		ED3-VETERAN-RECHECK-005	match	resolved
Main_Modules/TALENTS/TALENTS_Veteran.lua	70	localization_table	loc_talent_veteran_damage_damage_after_sprinting_or_sliding_desc	E15D3102B002090DE81ECE395955C22B3A07F01A3ADA8BF44070740E86AE0DA4	EF1DB30D0C36441DAC174C7C2DD7DF0A1238EF488CAEB2A3D9E53AD6AFBAEF6E	Main_Modules/TALENTS/TALENTS_Veteran.lua:1228	Main_Modules/TALENTS/TALENTS_Veteran.lua:1232	localization_table	no	yes	yes	yes	CHANGE	GRAMMAR;DISPLAY_CLARITY	ED3-VETERAN-RECHECK-005	match	resolved
Main_Modules/TALENTS/TALENTS_Veteran.lua	71	localization_table	loc_talent_veteran_no_ammo_consumption_on_lasweapon_crit_desc	27B0F13AD080C6ED8D8D1F5265C838AFE350EB0EAF6A2DFEE852C2818C8E88E0	02309DE556ACAC0835D0DE3F29BBBC5CD6878EEDB205B5169A4F9F0086699FBD	Main_Modules/TALENTS/TALENTS_Veteran.lua:1237	Main_Modules/TALENTS/TALENTS_Veteran.lua:1239	localization_table	no	yes	yes	yes	KEEP		ED3-VETERAN-RECHECK-005	match	resolved
Main_Modules/TALENTS/TALENTS_Veteran.lua	72	localization_table	loc_talent_veteran_ranged_power_out_of_melee_new_desc	F06A5395D5FCA6337C845DBCB528F62900C93DC56A31E0B2D3ECDFC93C693586	BD3E9E90A59B8BB673D12F5CD6BB81B640CB2C9470F06CA1B31D7711E095FA12	Main_Modules/TALENTS/TALENTS_Veteran.lua:1243	Main_Modules/TALENTS/TALENTS_Veteran.lua:1249	localization_table	no	yes	yes	yes	CHANGE	WRONG_MEANING;GRAMMAR;DISPLAY_CLARITY	ED3-VETERAN-RECHECK-005	match	resolved
Main_Modules/TALENTS/TALENTS_Veteran.lua	73	localization_table	loc_talent_veteran_big_game_hunter_description	2B1A7E890CC066009117D06FEA49E13B9CA694976439703DC8FD0911D033AF30	A3994A6CB9F6F15ECD8DD201075A2438DD51B971AF2B4E599A8C47D2B0C7D47E	Main_Modules/TALENTS/TALENTS_Veteran.lua:1260	Main_Modules/TALENTS/TALENTS_Veteran.lua:1266	localization_table	no	yes	yes	yes	KEEP		ED3-VETERAN-RECHECK-005	match	resolved
Main_Modules/TALENTS/TALENTS_Veteran.lua	74	localization_table	loc_talent_veteran_continous_hits_apply_rending_description	F0C7D4392CA7973BDE0254C7ABD77CEFE88C546118738AD1744281C7A275DA14	5C8CCC08FCC08E77F32E5D072083907E28F2916407305D7F79A595966DE8A910	Main_Modules/TALENTS/TALENTS_Veteran.lua:1272	Main_Modules/TALENTS/TALENTS_Veteran.lua:1286	localization_table	no	yes	yes	yes	KEEP		ED3-VETERAN-RECHECK-005	match	resolved
Main_Modules/TALENTS/TALENTS_Veteran.lua	75	localization_table	loc_talent_veteran_crits_rend_alt_description	AFF89E00594A4DA4B8A392F80EC80E9B07522F6E2A37349F7F9A5851B799D475	C81B7C3C39D9263057F9C5BEFA494B0D51F6A92511141481A12CC19266E112F3	Main_Modules/TALENTS/TALENTS_Veteran.lua:1296	Main_Modules/TALENTS/TALENTS_Veteran.lua:1298	localization_table	yes	yes	yes	yes	KEEP		ED3-VETERAN-RECHECK-005	match	resolved
Main_Modules/TALENTS/TALENTS_Ogryn.lua	1	localization_table	loc_ability_ogryn_grenade_box_description	A4836C84A12E2CFE48C49147767210F7DBF7A8B3392747672B3409D5A189903D	E915E723501C9AD6C2C2C4A007671AF89D70E87DE04B5506BFF11EAF0A58778A	Main_Modules/TALENTS/TALENTS_Ogryn.lua:26	Main_Modules/TALENTS/TALENTS_Ogryn.lua:46	localization_table	no	yes	yes	yes	CHANGE	MISSING_INFO;TERMINOLOGY	ED3-OGRYN-RECHECK-001	match	resolved
Main_Modules/TALENTS/TALENTS_Ogryn.lua	2	localization_table	loc_ability_ogryn_friend_rock_desc	B4CAA61D5F635681B72A91C77125249A3424344C5843BBD9B5E11B1167F7A0EC	FB5813D29FF64EED73EA5798AC90E82810A6F3C057E0419B48E45CBE42062535	Main_Modules/TALENTS/TALENTS_Ogryn.lua:60	Main_Modules/TALENTS/TALENTS_Ogryn.lua:93	localization_table	no	yes	yes	yes	CHANGE	MISSING_INFO;TERMINOLOGY	ED3-OGRYN-RECHECK-001	match	resolved
Main_Modules/TALENTS/TALENTS_Ogryn.lua	3	localization_table	loc_talent_ogryn_replenish_rock_on_miss_desc	A70563C381DBDFCFC32DFF9472990A6783D6595A1407A8D204ABDFA1B2720B03	23710F0F399367F9931B9D65A29AEE620210E94F1C5B2EA30DBB857656A90C28	Main_Modules/TALENTS/TALENTS_Ogryn.lua:109	Main_Modules/TALENTS/TALENTS_Ogryn.lua:114	localization_table	no	yes	yes	yes	CHANGE	UNNATURAL;TERMINOLOGY	ED3-OGRYN-RECHECK-001	match	resolved
Main_Modules/TALENTS/TALENTS_Ogryn.lua	4	localization_table	loc_ability_ogryn_grenade_demolition_instakill_desc	D1A879696618D59D4F8BB41A76F34B5A6BFE411F53769470FFC417AD08AA6F86	FA6C40114AFE479B476722C110126956DC4D848EE4E21827DD8BC719B267115B	Main_Modules/TALENTS/TALENTS_Ogryn.lua:120	Main_Modules/TALENTS/TALENTS_Ogryn.lua:145	localization_table	no	yes	yes	yes	CHANGE	MISSING_INFO	ED3-OGRYN-RECHECK-001	match	resolved
Main_Modules/TALENTS/TALENTS_Ogryn.lua	5	localization_table	loc_talent_bonebreaker_grenade_super_armor_explosion_desc	4A42D49717F361953B677DA50ADF79A661B4BBDFB5A7A21A3C9C9293553011FE	3EFCE88BA3BB10ECDBE9D22681AD3D739BD8F2A7F453219A146F9D6E94885A52	Main_Modules/TALENTS/TALENTS_Ogryn.lua:159	Main_Modules/TALENTS/TALENTS_Ogryn.lua:186	localization_table	no	yes	yes	yes	CHANGE	MISSING_INFO;TERMINOLOGY;UNNATURAL	ED3-OGRYN-RECHECK-001	match	resolved
Main_Modules/TALENTS/TALENTS_Ogryn.lua	6	localization_table	loc_talent_ogryn_big_box_of_hurt_more_bombs_desc	94CBDE9F1FD25FC04BF31D6761D88538ACB718EC514134A582637467464D313A	E80F191BE593DB6A5492DB6B8F6B21A9F8A2A09DDB0E43A43165C0816AFA43F3	Main_Modules/TALENTS/TALENTS_Ogryn.lua:203	Main_Modules/TALENTS/TALENTS_Ogryn.lua:205	localization_table	no	no	yes	yes	KEEP		ED3-OGRYN-RECHECK-001	match	resolved
Main_Modules/TALENTS/TALENTS_Ogryn.lua	7	localization_table	loc_talent_ogryn_2_base_4_description_new	37ABF0A2B34C69BCE5D37A6C89FA5205F1321FFAA2FE3DEB242E1DEA27EAA100	CBECFE575C00A04874922723BAAC6DB7EEE875A80F100474AE9E612FC101A1B8	Main_Modules/TALENTS/TALENTS_Ogryn.lua:210	Main_Modules/TALENTS/TALENTS_Ogryn.lua:220	localization_table	no	yes	yes	yes	CHANGE	CONSISTENCY	ED3-OGRYN-RECHECK-001	match	resolved
Main_Modules/TALENTS/TALENTS_Ogryn.lua	8	localization_table	loc_talent_damage_aura_improved_new	C646B399B7AB115682C631326597AA39842D87264DFBC9C3591B8077705345FC	E18B7D4B1DE378E96B8E89AAD01E74F6967B3502C7A7329CE5F42753A262FFF1	Main_Modules/TALENTS/TALENTS_Ogryn.lua:234	Main_Modules/TALENTS/TALENTS_Ogryn.lua:246	localization_table	no	yes	yes	yes	CHANGE	CONSISTENCY	ED3-OGRYN-RECHECK-001	match	resolved
Main_Modules/TALENTS/TALENTS_Ogryn.lua	9	localization_table	loc_talent_ogryn_toughness_regen_aura_desc	0BB5489AF4EF342FF06087AEE14C49F37992E3014CC9178F3B8E4EE5C14A5081	5F17342B7B4DC399D9D4178D888285C8ED01D77D12A09BD81ED9138CCFDE779C	Main_Modules/TALENTS/TALENTS_Ogryn.lua:262	Main_Modules/TALENTS/TALENTS_Ogryn.lua:272	localization_table	no	yes	yes	yes	CHANGE	CONSISTENCY	ED3-OGRYN-RECHECK-001	match	resolved
Main_Modules/TALENTS/TALENTS_Ogryn.lua	10	localization_table	loc_talent_ogryn_damage_vs_suppressed_new_desc	0D7A0FD869FE576E7063863E5377D5E965DE9ED6E229311B5456FEFAB47A4189	68E38711E64159EB05C9F8AC4A6C044B704356F32824647265FBBA0523B24305	Main_Modules/TALENTS/TALENTS_Ogryn.lua:284	Main_Modules/TALENTS/TALENTS_Ogryn.lua:296	localization_table	no	yes	yes	yes	CHANGE	TERMINOLOGY;CONSISTENCY	ED3-OGRYN-RECHECK-001	match	resolved
Main_Modules/TALENTS/TALENTS_Ogryn.lua	11	localization_table	loc_ability_ogryn_charge_description_new	AE9E0B1AE8888950D12A5357634ADAE3A2480905C0C807632DEC89C6F2417E47	74BCA4E331D03516031E96E3F7AE772BD9C4835044BB58C525460CC152555B14	Main_Modules/TALENTS/TALENTS_Ogryn.lua:313	Main_Modules/TALENTS/TALENTS_Ogryn.lua:335	localization_table	no	yes	yes	yes	KEEP		ED3-OGRYN-RECHECK-001	match	resolved
Main_Modules/TALENTS/TALENTS_Ogryn.lua	12	localization_table	loc_talent_ogryn_bull_rush_distance_desc	FF8062F613CC714EABBE249C3420310C18CD7B9D170D46405CB3BF542B0A8815	77A263ADA84C2CE530B56F9B5D8E7C4F8FCC82B051274C3F6928BA9A28D4C5FE	Main_Modules/TALENTS/TALENTS_Ogryn.lua:350	Main_Modules/TALENTS/TALENTS_Ogryn.lua:378	localization_table	no	yes	yes	yes	CHANGE	UNNATURAL	ED3-OGRYN-RECHECK-001	match	resolved
Main_Modules/TALENTS/TALENTS_Ogryn.lua	13	localization_table	loc_talent_ogryn_ability_charge_trample_desc	1CFB6C3E403BCA66CD08234A0F06B97A2B7E404728131F6827A5F127F935C433	123A95C052198FF96C9DDAC15CA3A43D7C10654ADE97E6004ED9B602744C39BA	Main_Modules/TALENTS/TALENTS_Ogryn.lua:398	Main_Modules/TALENTS/TALENTS_Ogryn.lua:408	localization_table	no	yes	yes	yes	CHANGE	WRONG_MEANING	ED3-OGRYN-RECHECK-001	match	resolved
Main_Modules/TALENTS/TALENTS_Ogryn.lua	14	localization_table	loc_talent_ogryn_toughness_on_bull_rush_desc	B872FB38C43D4E912110888B2FCDFE277B1F2AF91E22CBEFA0E10C5E815061D3	AE817FCE1CAC64F6A7FF604FFF13A51EC1261ABF1EEBD262976A22B49D98C1D6	Main_Modules/TALENTS/TALENTS_Ogryn.lua:418	Main_Modules/TALENTS/TALENTS_Ogryn.lua:420	localization_table	no	yes	yes	yes	KEEP		ED3-OGRYN-RECHECK-001	match	resolved
Main_Modules/TALENTS/TALENTS_Ogryn.lua	15	localization_table	loc_talent_ogryn_bleed_on_bull_rush_desc	83E18E8A108BA5F20B665F38F3441ABEFAF2D8963575278732673DE314900C8A	3E730071CA99CAB02F2E225E0966CF5885F8B478473CCCB570E08917181D7752	Main_Modules/TALENTS/TALENTS_Ogryn.lua:425	Main_Modules/TALENTS/TALENTS_Ogryn.lua:439	localization_table	no	yes	yes	yes	KEEP		ED3-OGRYN-RECHECK-001	match	resolved
Main_Modules/TALENTS/TALENTS_Ogryn.lua	16	localization_table	loc_ability_ogryn_taunt_shout_new_desc	F0D4E0BBE06D84BDD9D4D50DA21A35DDF457FCA4F7ED338468785EC4C705D753	2B53CE843555492DECB6A95CEC3E40E2BB505E16B038B3C9DBA318DA91C92C8D	Main_Modules/TALENTS/TALENTS_Ogryn.lua:450	Main_Modules/TALENTS/TALENTS_Ogryn.lua:458	localization_table	no	yes	yes	yes	KEEP		ED3-OGRYN-RECHECK-002	match	resolved
Main_Modules/TALENTS/TALENTS_Ogryn.lua	17	localization_table	loc_talent_ogryn_taunt_damage_taken_increase_description	210B5ED09E25DB4E125AF16C7BE0B4428B4A5734FCAA47E2D9BF722AB82CC118	9D8565CC0315D8F4A0E312A0E41F65E46CC82903326C46C7636297888B93AF2F	Main_Modules/TALENTS/TALENTS_Ogryn.lua:467	Main_Modules/TALENTS/TALENTS_Ogryn.lua:475	localization_table	no	yes	yes	yes	CHANGE	WRONG_MEANING;GRAMMAR	ED3-OGRYN-RECHECK-002	match	resolved
Main_Modules/TALENTS/TALENTS_Ogryn.lua	18	localization_table	loc_talent_ogryn_taunt_restore_toughness_new_desc	CC17894436D3D5DDE452C27038F43605101C1C50726E5527D97ED1D67D7B91E3	BF31439DED589498C029352DA93AF30105C8F23F32685E9BC4BCF1B835ED8A65	Main_Modules/TALENTS/TALENTS_Ogryn.lua:483	Main_Modules/TALENTS/TALENTS_Ogryn.lua:507	localization_table	no	yes	yes	yes	CHANGE	GRAMMAR;DISPLAY_CLARITY	ED3-OGRYN-RECHECK-002	match	resolved
Main_Modules/TALENTS/TALENTS_Ogryn.lua	19	localization_table	loc_talent_ogryn_taunt_stagger_cd_description	CD424C39A99B80BFF5DC77398307D231392C4DCEB652430664E6A69DA47177D1	8C02A017D8B7D33784C5977F1E245CB6477826990185C85DBCFE16DEE4C3902B	Main_Modules/TALENTS/TALENTS_Ogryn.lua:524	Main_Modules/TALENTS/TALENTS_Ogryn.lua:528	localization_table	no	yes	yes	yes	CHANGE	GRAMMAR;DISPLAY_CLARITY	ED3-OGRYN-RECHECK-002	match	resolved
Main_Modules/TALENTS/TALENTS_Ogryn.lua	20	localization_table	loc_talent_ogryn_combat_ability_special_ammo_replenish_desc	94EBA676D05BD674250829918438DAECAF0999269254C7DAA0383C2CB5BDEDDF	5549CA43ECB9A6FE4DCD5592F27791B9A767E7A647B67F727B45DDEE90E2801E	Main_Modules/TALENTS/TALENTS_Ogryn.lua:534	Main_Modules/TALENTS/TALENTS_Ogryn.lua:564	localization_table	no	yes	yes	yes	CHANGE	WRONG_MEANING;GRAMMAR	ED3-OGRYN-RECHECK-002	match	resolved
Main_Modules/TALENTS/TALENTS_Ogryn.lua	21	localization_table	loc_talent_ogryn_special_ammo_toughness_on_shot_and_reload_desc	574D25EA10EC8446805A06F4C739C06599A8DB61B2F137C99F87CD1EDA851578	AE35DCD91A102593F1CA08BB2C61CA6000D1C9108BFA4823237653FCF6225101	Main_Modules/TALENTS/TALENTS_Ogryn.lua:584	Main_Modules/TALENTS/TALENTS_Ogryn.lua:590	localization_table	no	yes	yes	yes	KEEP		ED3-OGRYN-RECHECK-002	match	resolved
Main_Modules/TALENTS/TALENTS_Ogryn.lua	22	localization_table	loc_talent_ogryn_special_ammo_armor_pen_new_desc	C428F53E961266643BA137E380F8827288CF589CA60AB358D9FFF667A405B793	F30882439309CACEAA4449D2B078A0A452CB181F5A802B20886AEE61B0AB7EB0	Main_Modules/TALENTS/TALENTS_Ogryn.lua:597	Main_Modules/TALENTS/TALENTS_Ogryn.lua:607	localization_table	no	yes	yes	yes	KEEP		ED3-OGRYN-RECHECK-002	match	resolved
Main_Modules/TALENTS/TALENTS_Ogryn.lua	23	localization_table	loc_talent_ogryn_special_ammo_fire_shots_new_desc	7615E2E5C9FB09F238B8B5C90F7DE0590D6F7DD6B6541B530E4668A1805D3308	31AE2187C784805A34B9A2CB3662BE0A1BF4A8111A192DA6DB689863DBD33F04	Main_Modules/TALENTS/TALENTS_Ogryn.lua:616	Main_Modules/TALENTS/TALENTS_Ogryn.lua:622	localization_table	no	yes	yes	yes	KEEP		ED3-OGRYN-RECHECK-002	match	resolved
Main_Modules/TALENTS/TALENTS_Ogryn.lua	24	localization_table	loc_talent_ogryn_passive_heavy_hitter_new_desc	5FBB0ACE2EB14C36BA3F5C47646A194A431499E2ED9EC185A7EA049FA64B2B69	047153D1CDA47E2CB29580E2EF9040CE32A453026785EEAF5B4FE97D3FB0EB75	Main_Modules/TALENTS/TALENTS_Ogryn.lua:630	Main_Modules/TALENTS/TALENTS_Ogryn.lua:648	localization_table	yes	yes	yes	yes	KEEP		ED3-OGRYN-RECHECK-002	match	resolved
Main_Modules/TALENTS/TALENTS_Ogryn.lua	25	localization_table	loc_talent_ogryn_passive_heavy_hitter_tdr_desc	6E73CBF5C37A4914A05AA1396DA1BE1456BD878C40B8C0D60AFB8AD199F846EE	E7925EB75D15D7F10EF4AB40C00D37461A05DF8B62CD3CF08C201D18B237C8BD	Main_Modules/TALENTS/TALENTS_Ogryn.lua:662	Main_Modules/TALENTS/TALENTS_Ogryn.lua:666	localization_table	no	yes	yes	yes	KEEP		ED3-OGRYN-RECHECK-002	match	resolved
Main_Modules/TALENTS/TALENTS_Ogryn.lua	26	localization_table	loc_talent_ogryn_heavy_hitter_max_stacks_improves_attack_speed_description	E80459B2730E4E6F395A5BD9F4D13BAA982B873F354595725743CACC273F4DBA	41C4B51F7BEB6621EDC73E056DEDB24A3DF62128DAAA04F7E9AC7547C0F4B8EC	Main_Modules/TALENTS/TALENTS_Ogryn.lua:672	Main_Modules/TALENTS/TALENTS_Ogryn.lua:680	localization_table	no	yes	yes	yes	KEEP		ED3-OGRYN-RECHECK-002	match	resolved
Main_Modules/TALENTS/TALENTS_Ogryn.lua	27	localization_table	loc_talent_ogryn_heavy_hitter_max_stacks_improves_toughness_new_description	5B28175E398B32188315D6F033488905EF912C198D117480F3722A65E0F2E071	EFBA3E7BC28943345727F069606B64B63ACB68C8CA27F18A67A87108F225E14F	Main_Modules/TALENTS/TALENTS_Ogryn.lua:689	Main_Modules/TALENTS/TALENTS_Ogryn.lua:707	localization_table	no	yes	yes	yes	CHANGE	GRAMMAR;DISPLAY_CLARITY	ED3-OGRYN-RECHECK-002	match	resolved
Main_Modules/TALENTS/TALENTS_Ogryn.lua	28	localization_table	loc_talent_ogryn_passive_heavy_hitter_cleave_desc	D5CBA06341C7021496CF38156FA4CB7B143B4311967B573E21E8A1E55F3D6122	7C01E8548FD6FDDAE54196EF13FAF5DB650782B957DE93F79B5EC12A6C45DB32	Main_Modules/TALENTS/TALENTS_Ogryn.lua:721	Main_Modules/TALENTS/TALENTS_Ogryn.lua:729	localization_table	no	yes	yes	yes	KEEP		ED3-OGRYN-RECHECK-002	match	resolved
Main_Modules/TALENTS/TALENTS_Ogryn.lua	29	localization_table	loc_talent_ogryn_passive_heavy_hitter_stagger_desc	317BD866D4C066BA9FB9FD5E8C84F78DD5B5386179F979537901F96A43BB6A77	AA70FE0C837F04EE69E9DCD918454A9A52CF8CDD49F0F1EE80307DBCBEA8605B	Main_Modules/TALENTS/TALENTS_Ogryn.lua:737	Main_Modules/TALENTS/TALENTS_Ogryn.lua:745	localization_table	no	yes	yes	yes	KEEP		ED3-OGRYN-RECHECK-002	match	resolved
Main_Modules/TALENTS/TALENTS_Ogryn.lua	30	localization_table	loc_talent_ogryn_carapace_armor_any_damage_desc	B7DF77D4B9AB43CC58ACAC1DBF28D4AF60DF7445E8E290051A5438A52778F73E	0AE180F7AD052E722A6B2FA399B645603CFF923564BB02569EF7C0C26298A145	Main_Modules/TALENTS/TALENTS_Ogryn.lua:753	Main_Modules/TALENTS/TALENTS_Ogryn.lua:773	localization_table	no	yes	yes	yes	KEEP		ED3-OGRYN-RECHECK-002	match	resolved
Main_Modules/TALENTS/TALENTS_Ogryn.lua	31	localization_table	loc_talent_ogryn_carapace_armor_trigger_on_zero_stacks_new_desc	0D60582C691223662796E2295A54DFABB715038F6206442816B9432009B998A3	B1260ED8FD0F99A1BD8370FFCED4D7F5E3D7BBD28DE0742CE0CC546B6122549D	Main_Modules/TALENTS/TALENTS_Ogryn.lua:787	Main_Modules/TALENTS/TALENTS_Ogryn.lua:807	localization_table	no	yes	yes	yes	KEEP		ED3-OGRYN-RECHECK-003	match	resolved
Main_Modules/TALENTS/TALENTS_Ogryn.lua	32	localization_table	loc_talent_ogryn_carapace_armor_add_stack_on_push_desc	C20F7E37643ED0BEC6FF1651AB26EC8FD22B99C3BF33E0850B5526771D86E6A9	1A76885DBCB8C3A8FE264BCE999FB916D7B05083BC45F219C780B91926C25927	Main_Modules/TALENTS/TALENTS_Ogryn.lua:823	Main_Modules/TALENTS/TALENTS_Ogryn.lua:831	localization_table	no	no	yes	yes	KEEP		ED3-OGRYN-RECHECK-003	match	resolved
Main_Modules/TALENTS/TALENTS_Ogryn.lua	33	localization_table	loc_talent_ogryn_carapace_armor_more_toughness_desc	88047201A48D0DA2F04AFD5A8A3F53EF46977B649DA47B86E82DC63A0A237A00	BA87D000AA2E0926016A1E2F58A981BF506D5346C2B9C25C13BC2523084A7210	Main_Modules/TALENTS/TALENTS_Ogryn.lua:840	Main_Modules/TALENTS/TALENTS_Ogryn.lua:848	localization_table	no	yes	yes	yes	KEEP		ED3-OGRYN-RECHECK-003	match	resolved
Main_Modules/TALENTS/TALENTS_Ogryn.lua	34	localization_table	loc_talent_ogryn_blo_new_alt_desc	482A4ED32355A86716D3FB11479A0A19EDFA56D342FC9928C90EBF35D7EF59D8	23774FE96163EB6F9BEFEAB21E47A246DAED897E53BDFAD51CAAE7BAE40FE1ED	Main_Modules/TALENTS/TALENTS_Ogryn.lua:856	Main_Modules/TALENTS/TALENTS_Ogryn.lua:872	localization_table	no	yes	yes	yes	KEEP		ED3-OGRYN-RECHECK-003	match	resolved
Main_Modules/TALENTS/TALENTS_Ogryn.lua	35	localization_table	loc_talent_ogryn_blo_melee_desc	C03F9B663C5CF28C99538BAFB07D80DC0B424ABC1DE15B9C640CB340AB78BF2F	33DB24EA6011C30C5BDE38E81689E2DF2D05C70CED810D75CA33898A71031A62	Main_Modules/TALENTS/TALENTS_Ogryn.lua:885	Main_Modules/TALENTS/TALENTS_Ogryn.lua:895	localization_table	yes	yes	yes	yes	KEEP		ED3-OGRYN-RECHECK-003	match	resolved
Main_Modules/TALENTS/TALENTS_Ogryn.lua	36	localization_table	loc_talent_ogryn_leadbelcher_grant_cooldown_reduction_desc	593B44F66A27AACEA9666B66F38ACB2EDCF95E8A8DF9DA3AF4D8DB3494E502B8	A0DB580AC24E1283FCBB5B84D19597DE6BB2D4E95E59CDCB8079BEDD78B8F246	Main_Modules/TALENTS/TALENTS_Ogryn.lua:905	Main_Modules/TALENTS/TALENTS_Ogryn.lua:909	localization_table	no	yes	yes	yes	KEEP		ED3-OGRYN-RECHECK-003	match	resolved
Main_Modules/TALENTS/TALENTS_Ogryn.lua	37	localization_table	loc_talent_ogryn_critical_leadbelcher_desc	BAE94DA120755258D2622C71887269C6D6D52ABF76CFCDD531D2223782DAEDD4	C44F7B331B7152056D82BE74E116B281A3F510D9F6A3C4460AA632E5310E859B	Main_Modules/TALENTS/TALENTS_Ogryn.lua:916	Main_Modules/TALENTS/TALENTS_Ogryn.lua:918	localization_table	no	yes	yes	yes	KEEP		ED3-OGRYN-RECHECK-003	match	resolved
Main_Modules/TALENTS/TALENTS_Ogryn.lua	38	localization_table	loc_talent_ogryn_blo_fire_rate_desc	FCD67F74F06DC460A8F2E47F9FE1E8FE1F5783A1D6826F9299100754DAA0F13F	BAEB95D70AF6D0C89B744A901A3357D359C311AA274412A4EBFAA72970330695	Main_Modules/TALENTS/TALENTS_Ogryn.lua:923	Main_Modules/TALENTS/TALENTS_Ogryn.lua:927	localization_table	no	no	no	yes	KEEP		ED3-OGRYN-RECHECK-003	match	none
Main_Modules/TALENTS/TALENTS_Ogryn.lua	39	localization_table	loc_talent_ogryn_blo_ally_ranged_buffs_desc	B4DA031CC87663F4AC73B82593FB443BEDB0A1FC4FE920D655A048672A864E04	6A904DDFF9914BDBDA35A0D294D50D100B746F1F297FAD54A92822B4ABB3617C	Main_Modules/TALENTS/TALENTS_Ogryn.lua:933	Main_Modules/TALENTS/TALENTS_Ogryn.lua:945	localization_table	no	yes	yes	yes	CHANGE	CONSISTENCY	ED3-OGRYN-RECHECK-003	match	resolved
Main_Modules/TALENTS/TALENTS_Ogryn.lua	40	localization_table	loc_talent_ogryn_coherency_toughness_increase_desc	546137FB1CCCDAC2D6DA193DD13D3005042BE29C4110F4CB4B8C55F7597715EE	F88D408ECDC32BC1856789CB7CC5BD647DAE749FE2F4FB4046A1D8A6BBA6BFC6	Main_Modules/TALENTS/TALENTS_Ogryn.lua:956	Main_Modules/TALENTS/TALENTS_Ogryn.lua:958	localization_table	no	yes	yes	yes	CHANGE	DISPLAY_CLARITY	ED3-OGRYN-RECHECK-003	match	resolved
Main_Modules/TALENTS/TALENTS_Ogryn.lua	41	localization_table	loc_talent_ogryn_ogryn_fighter_desc	71635877858D701DC9916877DBDEA04ACF74693E9ED8485FEAF57B7968527E8D	842C75B4911B0407712727E5A378E2E2795EEF468EE38AA48ACE739A3D0A5A38	Main_Modules/TALENTS/TALENTS_Ogryn.lua:963	Main_Modules/TALENTS/TALENTS_Ogryn.lua:969	localization_table	no	yes	yes	yes	CHANGE	GRAMMAR;DISPLAY_CLARITY	ED3-OGRYN-RECHECK-003	match	resolved
Main_Modules/TALENTS/TALENTS_Ogryn.lua	42	localization_table	loc_talent_ogryn_toughness_regen_while_bracing_or_shooting_desc	B9EBB56CA37DAE54E20FB51E68E0B7A782E495DB7879880C142E4BFDFC8CF29D	6B8607D52CA48ACE38DF93430E2CEEEBDA7348D30E26A79BB77CBD37332B4745	Main_Modules/TALENTS/TALENTS_Ogryn.lua:977	Main_Modules/TALENTS/TALENTS_Ogryn.lua:985	localization_table	no	yes	yes	yes	KEEP		ED3-OGRYN-RECHECK-003	match	resolved
Main_Modules/TALENTS/TALENTS_Ogryn.lua	43	localization_table	loc_talent_ogryn_toughness_on_single_heavy_new_desc	94A91F72490D2335C7FD6449F9F3AA04D476A289CADC7E8FF8A8FB47BB4F8B12	33A22E64DBE6497FAC08B881B2BC1A6F1E7A2BAEE6322EBBE1DDD902DAFF509A	Main_Modules/TALENTS/TALENTS_Ogryn.lua:993	Main_Modules/TALENTS/TALENTS_Ogryn.lua:1005	localization_table	no	yes	yes	yes	KEEP		ED3-OGRYN-RECHECK-003	match	resolved
Main_Modules/TALENTS/TALENTS_Ogryn.lua	44	localization_table	loc_talent_ogryn_toughness_on_multiple_new_desc	5339644FA84771224C8CF18020958CA0F5DA715041EFD1EEB84A52B13E5814D3	C450494BF0E7AD7849832FC51D5FEEB63145096D071EEB2FC091EBA42792B9B5	Main_Modules/TALENTS/TALENTS_Ogryn.lua:1015	Main_Modules/TALENTS/TALENTS_Ogryn.lua:1027	localization_table	no	yes	yes	yes	CHANGE	MISSING_INFO;DISPLAY_CLARITY	ED3-OGRYN-RECHECK-003	match	resolved
Main_Modules/TALENTS/TALENTS_Ogryn.lua	45	localization_table	loc_talent_ogryn_damage_per_enemy_hit_previous_new_desc	B9F8E0C12EE40F8AA197BA3F85236EF6A9B4823AD8F658D332C161C140DF4D32	F16A73EA14FA4B98AFECF27927EBB32AE0F42D9B38FCDF69C61C2F586952266E	Main_Modules/TALENTS/TALENTS_Ogryn.lua:1037	Main_Modules/TALENTS/TALENTS_Ogryn.lua:1049	localization_table	no	yes	yes	yes	KEEP		ED3-OGRYN-RECHECK-003	match	resolved
Main_Modules/TALENTS/TALENTS_Ogryn.lua	46	localization_table	loc_talent_ogryn_bigger_coherency_radius_desc	AFA719A5645033B816BF1A3D657B2176A8D995E1D5ED6F7D497551A6252EE74A	64861AD31400D07743383FC2A47C29D29BE09093D9D0D2AD249F8579737463F7	Main_Modules/TALENTS/TALENTS_Ogryn.lua:1059	Main_Modules/TALENTS/TALENTS_Ogryn.lua:1061	localization_table	no	yes	yes	yes	KEEP		ED3-OGRYN-RECHECK-004	match	resolved
Main_Modules/TALENTS/TALENTS_Ogryn.lua	47	localization_table	loc_talent_ogryn_targets_recieve_damage_increase_debuff_new_desc	844E3DBB5ABE4AB56DC1B9F9EFD95AEDF5FE20FA2F0A521E1CA2FB2359C7D806	D41B41F4C320C67FE7419EB8406FBD75F79B8B6A98B2BBE0B8690F0F2590C635	Main_Modules/TALENTS/TALENTS_Ogryn.lua:1066	Main_Modules/TALENTS/TALENTS_Ogryn.lua:1080	localization_table	no	yes	yes	yes	KEEP		ED3-OGRYN-RECHECK-004	match	resolved
Main_Modules/TALENTS/TALENTS_Ogryn.lua	48	localization_table	loc_talent_ogryn_revenge_damage_new_desc	0F7E4DAAE025A64D3DAD1670B16992F669BA05D76A339EE47A9422531343DB3E	F269796CC0AE438D5E7253D0C2E6828242B200600620FFFE4A098CF3E616309E	Main_Modules/TALENTS/TALENTS_Ogryn.lua:1092	Main_Modules/TALENTS/TALENTS_Ogryn.lua:1110	localization_table	no	yes	yes	yes	CHANGE	TERMINOLOGY	ED3-OGRYN-RECHECK-004	match	resolved
Main_Modules/TALENTS/TALENTS_Ogryn.lua	49	localization_table	loc_talent_ogryn_damage_reduction_on_high_stamina_desc	BC186647F9E5577B29613290265E2D8C0B6E2443E2D379EEAB0804D75748D293	BBE37D740990122870F8DC586DF12BBCE7EF6036F2742A59A56EB66C835FAD22	Main_Modules/TALENTS/TALENTS_Ogryn.lua:1124	Main_Modules/TALENTS/TALENTS_Ogryn.lua:1128	localization_table	no	yes	yes	yes	KEEP		ED3-OGRYN-RECHECK-004	match	resolved
Main_Modules/TALENTS/TALENTS_Ogryn.lua	50	localization_table	loc_talent_ogryn_melee_attacks_give_mtdr_desc	F529616544DB26F658E863ECE507B56262CDE3DFDF851D09BFB708AFCBB08CE5	4964E9BE0BD4EC9C8110C78CB2DEFA08C8B276A4B18CB474E8320E82A3E6ECA2	Main_Modules/TALENTS/TALENTS_Ogryn.lua:1134	Main_Modules/TALENTS/TALENTS_Ogryn.lua:1144	localization_table	yes	yes	yes	yes	KEEP		ED3-OGRYN-RECHECK-004	match	resolved
Main_Modules/TALENTS/TALENTS_Ogryn.lua	51	localization_table	loc_talent_ogryn_damage_reduction_after_elite_kill_desc	80AFCA10EAB995F9CD59AC5486567D21BCB1B7890A558E5CEE4A85FE2A4B5575	E2382881CD990F02A7ACDEF6103DE87FB8B17F7BA26EFF166C03D43432114028	Main_Modules/TALENTS/TALENTS_Ogryn.lua:1153	Main_Modules/TALENTS/TALENTS_Ogryn.lua:1157	localization_table	no	yes	yes	yes	KEEP		ED3-OGRYN-RECHECK-004	match	resolved
Main_Modules/TALENTS/TALENTS_Ogryn.lua	52	localization_table	loc_talent_ogryn_ranged_damage_immunity_desc	9CE61C813D6E67818B415EA9F3592D92AE1296CE997C7B274EB9A930D73C6A11	CC3CA38A8F0D40F805746E92479D68C8BDE11231FBBBA968FA0BF61966213CC6	Main_Modules/TALENTS/TALENTS_Ogryn.lua:1163	Main_Modules/TALENTS/TALENTS_Ogryn.lua:1169	localization_table	no	yes	yes	yes	CHANGE	UNNATURAL	ED3-OGRYN-RECHECK-004	match	resolved
Main_Modules/TALENTS/TALENTS_Ogryn.lua	53	localization_table	loc_talent_ogryn_reload_speed_on_empty_desc	805961CA5CDED12AC923C6FCA221EB45BBE4C0F376BC7927F16F18AD6B7922AB	392C831A2BFA1BE56E48B070D8333139297D8C93B838449449A6D7EBFA40F6EB	Main_Modules/TALENTS/TALENTS_Ogryn.lua:1176	Main_Modules/TALENTS/TALENTS_Ogryn.lua:1178	localization_table	no	yes	no	yes	KEEP		ED3-OGRYN-RECHECK-004	match	none
Main_Modules/TALENTS/TALENTS_Ogryn.lua	54	localization_table	loc_talent_ogryn_melee_damage_after_heavy_desc	0AA7DA802AFB6A768BA221F06E2305666B190FC39516AC72EF817512E505EA79	A4ECBB14021AD54C46EB435410B03D62169E1D29BC60BCF7BFB18C01468EC956	Main_Modules/TALENTS/TALENTS_Ogryn.lua:1183	Main_Modules/TALENTS/TALENTS_Ogryn.lua:1189	localization_table	no	yes	yes	yes	CHANGE	TERMINOLOGY;CONSISTENCY	ED3-OGRYN-RECHECK-004	match	resolved
Main_Modules/TALENTS/TALENTS_Ogryn.lua	55	localization_table	loc_talent_ogryn_weakspot_damage_desc	40DEAB49AF895FA101EDF4727CED5828CB40D0C0A4D8F0D204A1BDD2CE9BF86B	7B037BEF1B966B2A5EA46E4465C6A3830AD1D023DCDA3CE3FA57FEF7A3708B55	Main_Modules/TALENTS/TALENTS_Ogryn.lua:1196	Main_Modules/TALENTS/TALENTS_Ogryn.lua:1202	localization_table	no	yes	yes	yes	CHANGE	DISPLAY_CLARITY	ED3-OGRYN-RECHECK-004	match	resolved
Main_Modules/TALENTS/TALENTS_Ogryn.lua	56	localization_table	loc_talent_ogryn_melee_stagger_new_desc	CD96972BA5F502E16C1D2DC9A8474305D317CE8932987069BAA029D5251AFED1	970978B1F8DC7DD2F9108FAE42360FDD5EB9EE0F5396FF80489CFBEFC9F02E60	Main_Modules/TALENTS/TALENTS_Ogryn.lua:1209	Main_Modules/TALENTS/TALENTS_Ogryn.lua:1223	localization_table	no	yes	yes	yes	KEEP		ED3-OGRYN-RECHECK-004	match	resolved
Main_Modules/TALENTS/TALENTS_Ogryn.lua	57	localization_table	loc_talent_ogryn_increased_ammo_desc	3952433EABF4204AAAFDADDC1D7D200A748B88215F55BE65F70BA8CEB54C656E	73C0A3650157E68F46A7DF98BC2FF25C5FE5EBCCDD74B6B4C77E1415D4B64A2C	Main_Modules/TALENTS/TALENTS_Ogryn.lua:1234	Main_Modules/TALENTS/TALENTS_Ogryn.lua:1236	localization_table	no	yes	no	yes	KEEP		ED3-OGRYN-RECHECK-004	match	none
Main_Modules/TALENTS/TALENTS_Ogryn.lua	58	localization_table	loc_talent_ogryn_increase_explosion_radius_desc	19B18A0978D1E7B64D9C1B89C357CCD83BF464054D3DB5F30D4C46A0702603D6	EF6D671823FA95E52E2D94E5AC889038CF203097EE314E3ED9B7698CCB9CC339	Main_Modules/TALENTS/TALENTS_Ogryn.lua:1241	Main_Modules/TALENTS/TALENTS_Ogryn.lua:1243	localization_table	no	no	no	yes	KEEP		ED3-OGRYN-RECHECK-004	match	none
Main_Modules/TALENTS/TALENTS_Ogryn.lua	59	localization_table	loc_talent_ogryn_fully_charged_attacks_gain_damage_and_stagger_new_desc	32448AE8C9CECC957267D10868CFF70C63E0EEE096F2BB71A8A5E8E37666B48B	69B7DF17126A7D9262ACBF3480B65939BA7C24EE72134B017247826A378CECAA	Main_Modules/TALENTS/TALENTS_Ogryn.lua:1248	Main_Modules/TALENTS/TALENTS_Ogryn.lua:1270	localization_table	no	yes	yes	yes	CHANGE	MISSING_INFO;TERMINOLOGY;CONSISTENCY	ED3-OGRYN-RECHECK-004	match	resolved
Main_Modules/TALENTS/TALENTS_Ogryn.lua	60	localization_table	loc_talent_ogryn_heavy_bleeds_new_desc	E28F673B11093720A9A3D147A11F83A1677D0A2680A6E33DCA81A8C116ACC6E0	F8C564F52006F2233CBE87657AF7932FE0090F892EB7FED2FAF16C9D88F33137	Main_Modules/TALENTS/TALENTS_Ogryn.lua:1285	Main_Modules/TALENTS/TALENTS_Ogryn.lua:1299	localization_table	no	yes	yes	yes	CHANGE	TERMINOLOGY;CONSISTENCY	ED3-OGRYN-RECHECK-004	match	resolved
Main_Modules/TALENTS/TALENTS_Ogryn.lua	61	localization_table	loc_talent_ogryn_pushing_applies_brittlenes_desc	DC4607643CED7528CF15211234F3B2A79B9185708416CACA35FF6EE3C9D688F7	FDB5B4DBBE39E6B5C66534637D3FE58762C8200F36FB655A4CF45B41C828E2A4	Main_Modules/TALENTS/TALENTS_Ogryn.lua:1310	Main_Modules/TALENTS/TALENTS_Ogryn.lua:1324	localization_table	no	yes	yes	yes	KEEP		ED3-OGRYN-RECHECK-005	match	resolved
Main_Modules/TALENTS/TALENTS_Ogryn.lua	62	localization_table	loc_talent_ogryn_protect_allies_desc	1C92C667C7987C7716E7CF2453E7D2B369F0413F408A380646A1641AAEEF4F85	AF5F2ECAFD53AB8AB8337A7E38AACECD02ED67B1FBF59B6CAB8FF4D892E48018	Main_Modules/TALENTS/TALENTS_Ogryn.lua:1335	Main_Modules/TALENTS/TALENTS_Ogryn.lua:1351	localization_table	no	yes	yes	yes	KEEP		ED3-OGRYN-RECHECK-005	match	resolved
Main_Modules/TALENTS/TALENTS_Ogryn.lua	63	localization_table	loc_talent_ogryn_drain_stamina_for_handling_desc	1680A780DAFBE68D30D4A402640A184558F7D6A98270DD12E66935D23FEA6967	D14723E8D559B8CFA9CBAFA8D21A8F1375BBF83BBA8899F170CF4B0AA8819FFE	Main_Modules/TALENTS/TALENTS_Ogryn.lua:1363	Main_Modules/TALENTS/TALENTS_Ogryn.lua:1375	localization_table	no	yes	yes	yes	KEEP		ED3-OGRYN-RECHECK-005	match	resolved
Main_Modules/TALENTS/TALENTS_Ogryn.lua	64	localization_table	loc_talent_ogryn_explosions_burn_close_desc	E2C7FE813327FACB1AEA710D6DB141CFB58D4C1085CCA73F543710C9004C54DC	144813479A3A54FA4F73D930C035C851356E2001EBB86D9F723E236BEB1FF08A	Main_Modules/TALENTS/TALENTS_Ogryn.lua:1385	Main_Modules/TALENTS/TALENTS_Ogryn.lua:1395	localization_table	no	yes	yes	yes	KEEP		ED3-OGRYN-RECHECK-005	match	resolved
Main_Modules/TALENTS/TALENTS_Ogryn.lua	65	localization_table	loc_talent_ogryn_corruption_resistance_desc	76B75D167EE576AD173B0D0F0FA8C5202DF3C8C07E6C8058C1FC930EE9A2E693	698A22269DC9336FA5F1D6992414F03D6B46B9B830B55D2BF2F1E0C01E80ADB6	Main_Modules/TALENTS/TALENTS_Ogryn.lua:1404	Main_Modules/TALENTS/TALENTS_Ogryn.lua:1424	localization_table	no	yes	yes	yes	KEEP		ED3-OGRYN-RECHECK-005	match	resolved
Main_Modules/TALENTS/TALENTS_Ogryn.lua	66	localization_table	loc_talent_ogryn_block_all_attacks_variant_desc	E76B95F4DBDF81E2341F025488B40C0802F8D026E511C48C5E8A2C9B5ADB315F	8F331D20959DE9F13B8361759DF5D0F5A1AC13B75FDD38F649F9E355DC77B650	Main_Modules/TALENTS/TALENTS_Ogryn.lua:1438	Main_Modules/TALENTS/TALENTS_Ogryn.lua:1446	localization_table	no	yes	yes	yes	KEEP		ED3-OGRYN-RECHECK-005	match	resolved
Main_Modules/TALENTS/TALENTS_Ogryn.lua	67	localization_table	loc_talent_ogryn_toughness_gain_increase_on_low_health_desc	D4FA98AC9FCC9FE2ECCB37B37F4EA8A327CC8F744C9E3A7BAB15F4D4059A9175	DB6A3764A62CA00E178172FE504098A7F0BE55727F438943F8E3538F1BCFCFE7	Main_Modules/TALENTS/TALENTS_Ogryn.lua:1454	Main_Modules/TALENTS/TALENTS_Ogryn.lua:1458	localization_table	no	yes	yes	yes	KEEP		ED3-OGRYN-RECHECK-005	match	resolved
Main_Modules/TALENTS/TALENTS_Ogryn.lua	68	localization_table	loc_talent_ogryn_stacking_attack_speed_desc	A530582DB4CCEAC7FF14E1DBEA65FC8F3238C2BE47EDE4FFCFCAC6A5D32957E5	0F3A7B29A5957EF7A91566FB9994DFF3E913DEC4440F97BC4643B2B4DA1BDBBE	Main_Modules/TALENTS/TALENTS_Ogryn.lua:1464	Main_Modules/TALENTS/TALENTS_Ogryn.lua:1476	localization_table	yes	no	yes	yes	KEEP		ED3-OGRYN-RECHECK-005	match	resolved
Main_Modules/TALENTS/TALENTS_Ogryn.lua	69	localization_table	loc_talent_ranged_enemies_taunt_description	CEEDA799A1905533784C09ACA0F68B3E81CE43BB20049466465109C203C09211	0BCE6D2E4E3E16BB37EBB904B54508099D0CD078A92A65D6DA2F3680B6CC8B26	Main_Modules/TALENTS/TALENTS_Ogryn.lua:1487	Main_Modules/TALENTS/TALENTS_Ogryn.lua:1511	localization_table	no	yes	yes	yes	CHANGE	TERMINOLOGY	ED3-OGRYN-RECHECK-005	match	resolved
Main_Modules/TALENTS/TALENTS_Ogryn.lua	70	localization_table	loc_talent_ogryn_cooldown_on_elite_kills_new_desc	01F9F7E7DFE91E731AA0753CD748153850D96CED6E248268C14A65D76AA5F699	7FC3B14AE6F821FB8F1EE279F0746020AB4D97E2F36EF6A72775BFCA0E063820	Main_Modules/TALENTS/TALENTS_Ogryn.lua:1527	Main_Modules/TALENTS/TALENTS_Ogryn.lua:1535	localization_table	no	yes	yes	yes	CHANGE	CONSISTENCY	ED3-OGRYN-RECHECK-005	match	resolved
Main_Modules/TALENTS/TALENTS_Ogryn.lua	71	localization_table	loc_talent_ogryn_reload_speed_on_multiple_hits_new_desc	3B5516D0C9DC57405BAA4100904C11FF2C3B22F75DADF070E184ECB06CDEBC6E	E0B2994E48DA77FBAA4536C4A1DD435CD18085A9707B3E0579715DDBD3B362D2	Main_Modules/TALENTS/TALENTS_Ogryn.lua:1544	Main_Modules/TALENTS/TALENTS_Ogryn.lua:1552	localization_table	no	yes	yes	yes	KEEP		ED3-OGRYN-RECHECK-005	match	resolved
Main_Modules/TALENTS/TALENTS_Ogryn.lua	72	localization_table	loc_talent_ogryn_ranged_kill_grant_movement_speed_desc	32E6A094CB99D89BC714829A819DE65078B5CB1FEA3AFB030344FEF66E5E810A	75285EDFEDFB5CB44349694CB5F0F0E44C0140515A6FF19E70485E5681E8FA1F	Main_Modules/TALENTS/TALENTS_Ogryn.lua:1560	Main_Modules/TALENTS/TALENTS_Ogryn.lua:1564	localization_table	no	no	no	yes	KEEP		ED3-OGRYN-RECHECK-005	match	none
Main_Modules/TALENTS/TALENTS_Ogryn.lua	73	localization_table	loc_talent_ogryn_damage_reduction_per_bleed_desc	A1AB934522C03A212C836DD7CDF424622EE95D083645B6A2AA43959377E25907	F60974F781A79030ABFF094C5A4899200C5E718122E2B20F32F2762C25526052	Main_Modules/TALENTS/TALENTS_Ogryn.lua:1570	Main_Modules/TALENTS/TALENTS_Ogryn.lua:1575	localization_table	no	yes	yes	yes	CHANGE	GRAMMAR;DISPLAY_CLARITY	ED3-OGRYN-RECHECK-005	match	resolved
Main_Modules/TALENTS/TALENTS_Ogryn.lua	74	localization_table	loc_talent_ogryn_wield_speed_increase_desc	B1BB7DB73E15CD5D9C8AFFF6BFE531CB46D9D0525F9B83729E04F40EDA3AD11C	634DFC267AE0BBA53F0E5E6EECE584D6D1D52E39A0FC3D02D82D705D28D7F775	Main_Modules/TALENTS/TALENTS_Ogryn.lua:1582	Main_Modules/TALENTS/TALENTS_Ogryn.lua:1588	localization_table	no	no	no	yes	KEEP		ED3-OGRYN-RECHECK-005	match	none
Main_Modules/TALENTS/TALENTS_Ogryn.lua	75	localization_table	loc_talent_ogryn_bracing_or_shooting_reduces_damage_taken_desc	3A10399110F0328A93F6D8C6F6779B8540F92F26F5093124F91357A4DBA2CE37	4D3F2A3F57052EE1C6573C03D0B66927A142020BF56AFF65725E81CB68D01FEA	Main_Modules/TALENTS/TALENTS_Ogryn.lua:1595	Main_Modules/TALENTS/TALENTS_Ogryn.lua:1599	localization_table	no	yes	yes	yes	KEEP		ED3-OGRYN-RECHECK-005	match	resolved
Main_Modules/TALENTS/TALENTS_Ogryn.lua	76	localization_table	loc_talent_ogryn_windup_reduces_damage_taken_desc	CE1EE164A2DDFC7CE94338D220B912765551EFE5FDEED99442E61E744F5BB49C	3D3DB381F437EF9DD2C9084BD2CC722A017BAD01066C82F1E87F2FCB69F40FDF	Main_Modules/TALENTS/TALENTS_Ogryn.lua:1605	Main_Modules/TALENTS/TALENTS_Ogryn.lua:1609	localization_table	no	yes	yes	yes	KEEP		ED3-OGRYN-RECHECK-006	match	resolved
Main_Modules/TALENTS/TALENTS_Ogryn.lua	77	localization_table	loc_talent_ogryn_rending_on_elite_kills_desc	96016C3507D0FCB44C18173623DC2A2252C9371BF0EE3B60B4D207ECF4126B95	804EFBB218C80323E33BDA4956483EFE8694C665E0B6A2E481674D04B6636472	Main_Modules/TALENTS/TALENTS_Ogryn.lua:1615	Main_Modules/TALENTS/TALENTS_Ogryn.lua:1625	localization_table	no	yes	yes	yes	KEEP		ED3-OGRYN-RECHECK-006	match	resolved
Main_Modules/TALENTS/TALENTS_Ogryn.lua	78	localization_table	loc_talent_ogryn_empowered_pushes_desc	5BA25563E29DD027AB311545D0397707F27F41B567063899E392F38C1B949859	5FA98E58C4A8272471F807A813780BC60E0D01314A0B805E84FA9C99B5AFCEE0	Main_Modules/TALENTS/TALENTS_Ogryn.lua:1634	Main_Modules/TALENTS/TALENTS_Ogryn.lua:1638	localization_table	no	yes	yes	yes	KEEP		ED3-OGRYN-RECHECK-006	match	resolved
Main_Modules/TALENTS/TALENTS_Ogryn.lua	79	localization_table	loc_talent_ogryn_ability_movement_speed_desc	D0ECF1074367C5F556FCF918A27294EEA9EE77DC93AA7277A4EA7EBE6DBE87AF	88C2A66058A894F5AF95BE3F4CE771F76EBB4D3C0086D2034A630940EB562929	Main_Modules/TALENTS/TALENTS_Ogryn.lua:1643	Main_Modules/TALENTS/TALENTS_Ogryn.lua:1651	localization_table	no	yes	yes	yes	CHANGE	CONSISTENCY	ED3-OGRYN-RECHECK-006	match	resolved
Main_Modules/TALENTS/TALENTS_Ogryn.lua	80	localization_table	loc_talent_ogryn_ranged_damage_on_reload_desc	13BB7255517AE6A92D2F9CA40718AFBC94931D8AB6B117D33EDCEADCA5A0D3EA	21C4CA77CCA8BEA603140209542AA3BF9D5288DFBFD16E4B3EACA1FF324E0F8B	Main_Modules/TALENTS/TALENTS_Ogryn.lua:1661	Main_Modules/TALENTS/TALENTS_Ogryn.lua:1663	localization_table	no	yes	yes	yes	KEEP		ED3-OGRYN-RECHECK-006	match	resolved
Main_Modules/TALENTS/TALENTS_Ogryn.lua	81	localization_table	loc_talent_ogryn_crit_chance_on_kill_desc	D43CD6DB5CF8CEBEB0BB82FD83DE3CD6029EEE0FCDC001C0BF7A9E8591A26D81	45B40C733D1D06A2F3D6583FB6D238C18EBC97EF07E09B57DE786097EDFAC4B4	Main_Modules/TALENTS/TALENTS_Ogryn.lua:1669	Main_Modules/TALENTS/TALENTS_Ogryn.lua:1675	localization_table	no	yes	yes	yes	KEEP		ED3-OGRYN-RECHECK-006	match	resolved
Main_Modules/TALENTS/TALENTS_Ogryn.lua	82	localization_table	loc_talent_ogryn_windup_is_uninterruptible_unslowed_desc	476414F40AE3F69D7204E4A5B0284D33271919BF8E0A29B35CF1102B88033DAF	D7B5F338F4E46C5E8E47818E9A887EBAE2D99DB9703FE00D415BC3DEA9A3ACF0	Main_Modules/TALENTS/TALENTS_Ogryn.lua:1682	Main_Modules/TALENTS/TALENTS_Ogryn.lua:1688	localization_table	no	no	no	yes	KEEP		ED3-OGRYN-RECHECK-006	match	none
Main_Modules/TALENTS/TALENTS_Ogryn.lua	83	localization_table	loc_talent_ogryn_melee_improves_ranged_desc	163EBFD1A203BEE28843AD9A7AF19448AF7512786BF0392BCA1AE1CF8119FBEF	A55EDAF08472A8C337149EDEEAFA09074EEB3CFBDE3CFDF27D52B79C06FC39C7	Main_Modules/TALENTS/TALENTS_Ogryn.lua:1695	Main_Modules/TALENTS/TALENTS_Ogryn.lua:1707	localization_table	no	yes	yes	yes	KEEP		ED3-OGRYN-RECHECK-006	match	resolved
Main_Modules/TALENTS/TALENTS_Ogryn.lua	84	localization_table	loc_talent_ogryn_big_bully_heavy_hits_new_desc	3E6F1EA2CA7B108FC6DDED6D6F1F841C952EE4DD698F65D46F2AF69C4C21BCAB	89763234CE3E08252BE31E688290C889103614D9AD009A4193C284003C5106AF	Main_Modules/TALENTS/TALENTS_Ogryn.lua:1716	Main_Modules/TALENTS/TALENTS_Ogryn.lua:1720	localization_table	no	yes	yes	yes	KEEP		ED3-OGRYN-RECHECK-006	match	resolved
Main_Modules/TALENTS/TALENTS_Ogryn.lua	85	localization_table	loc_talent_ogryn_damage_taken_by_all_increases_strength_tdr_desc	AD0B56D6C3926F493DED38DD83C8806BEA85B4882B8AF369487834CD662B69C8	5252AB9FFBC31F155EC8D8AD6BAC2E2084B8DBA8F342050A29248D780F479940	Main_Modules/TALENTS/TALENTS_Ogryn.lua:1725	Main_Modules/TALENTS/TALENTS_Ogryn.lua:1747	localization_table	no	yes	yes	yes	CHANGE	CONSISTENCY	ED3-OGRYN-RECHECK-006	match	resolved
Main_Modules/TALENTS/TALENTS_Ogryn.lua	86	localization_table	loc_talent_ogryn_tanky_with_downed_allies_desc	0BB419DB07C4E3B38AACFE453A7C617BAEBEA8FA7DE8AF61984A1D60162FBA12	9E478831F8EA2319C240D98F0EBBAC55E787A0E8A8D4EED505B1A50C1549C2EB	Main_Modules/TALENTS/TALENTS_Ogryn.lua:1762	Main_Modules/TALENTS/TALENTS_Ogryn.lua:1764	localization_table	no	yes	yes	yes	CHANGE	GRAMMAR;DISPLAY_CLARITY	ED3-OGRYN-RECHECK-006	match	resolved
Main_Modules/TALENTS/TALENTS_Ogryn.lua	87	localization_table	loc_talent_ogryn_ranged_improves_melee_desc	E30D5FE3DDA8C7BF6AB43B0C64052EE960D0014C551904171F873E582067F4B1	C23EB39D499EF0E6F1C0518C1C2950A9BAF6989CBA769D8632D075CF4B006186	Main_Modules/TALENTS/TALENTS_Ogryn.lua:1771	Main_Modules/TALENTS/TALENTS_Ogryn.lua:1777	localization_table	no	yes	yes	yes	KEEP		ED3-OGRYN-RECHECK-006	match	resolved
Main_Modules/TALENTS/TALENTS_Ogryn.lua	88	localization_table	loc_talent_ogryn_crit_damage_increase_desc	D56D52A59BF74C07136794C3B8B29898B37BFD18C1D43E1B0CF23C48ECF111C0	B557F13ACB7F18358928FB28BA2987B47A9231CC11C0375ED663421D55097176	Main_Modules/TALENTS/TALENTS_Ogryn.lua:1784	Main_Modules/TALENTS/TALENTS_Ogryn.lua:1786	localization_table	no	yes	yes	yes	KEEP		ED3-OGRYN-RECHECK-006	match	resolved
Main_Modules/TALENTS/TALENTS_Arbites.lua	1	localization_table	loc_talent_ability_adamant_grenade_description	B472A1659D635CAE9824A4110EE502C430DF87DBC3A7B50B81968459554565A2	55C16BE5B33C5404B2184F5066847346FDF3BE4F556960B76C95E22F101D5CAF	Main_Modules/TALENTS/TALENTS_Arbites.lua:26	Main_Modules/TALENTS/TALENTS_Arbites.lua:42	localization_table	no	yes	yes	yes	CHANGE	GRAMMAR;DISPLAY_CLARITY	ED3-ARBITES-RECHECK-001	match	resolved
Main_Modules/TALENTS/TALENTS_Arbites.lua	2	localization_table	loc_talent_ability_detonate_description	DA7E95232457F1F50271D9127E9031103E1A320715B23E074B2B4F35225E1E7A	D483AFFEE491F419DDB558CB3C5C4894CD1F20C671BBC8756BEA33BD36200F22	Main_Modules/TALENTS/TALENTS_Arbites.lua:54	Main_Modules/TALENTS/TALENTS_Arbites.lua:78	localization_table	no	yes	yes	yes	KEEP		ED3-ARBITES-RECHECK-001	match	resolved
Main_Modules/TALENTS/TALENTS_Arbites.lua	3	localization_table	loc_talent_ability_shock_mine_description	A0655D0D89F31136A739878BBE2A42DB7487680D62CE743A7737BAD318F916DD	98B21B9CF15F0345B3C6329ED6324C61A381D4CBC43491A5DD82ED6157367452	Main_Modules/TALENTS/TALENTS_Arbites.lua:92	Main_Modules/TALENTS/TALENTS_Arbites.lua:96	localization_table	no	yes	yes	yes	KEEP		ED3-ARBITES-RECHECK-001	match	resolved
Main_Modules/TALENTS/TALENTS_Arbites.lua	4	localization_table	loc_talent_ability_adamant_grenade_improved_description	66561E9D6C2F0A7694601263634172099DA9DD80AA6AA0C1BC34469D96893FE7	0035DA0C53C24ED0E8D0EA0D0E51D0076AE4D5ED993EFBE373D2249B7016FF60	Main_Modules/TALENTS/TALENTS_Arbites.lua:102	Main_Modules/TALENTS/TALENTS_Arbites.lua:108	localization_table	no	no	no	yes	KEEP		ED3-ARBITES-RECHECK-001	match	none
Main_Modules/TALENTS/TALENTS_Arbites.lua	5	localization_table	loc_talent_adamant_companion_coherency_desc	C8DBBF3EC173F29FE74D04552937748E1A0D74A326105E3B41C3FC615B196E17	494D44D3092446E3F3C2373AA25455846D9BB928FC6F607CBD74FF4BD3925978	Main_Modules/TALENTS/TALENTS_Arbites.lua:115	Main_Modules/TALENTS/TALENTS_Arbites.lua:117	localization_table	no	yes	yes	yes	KEEP		ED3-ARBITES-RECHECK-001	match	resolved
Main_Modules/TALENTS/TALENTS_Arbites.lua	6	localization_table	loc_talent_adamant_companion_coherency_alt_desc	6A8139A6832DEEB343876B6A8C451638A514B00C1B697CA8821BD72DD2041B0F	70D83FF9739F1A4449B5D390BFC88CFA058F9F9D6643F4DB34750AD997D2FD1F	Main_Modules/TALENTS/TALENTS_Arbites.lua:120	Main_Modules/TALENTS/TALENTS_Arbites.lua:126	localization_table	yes	yes	yes	yes	CHANGE	CONSISTENCY	ED3-ARBITES-RECHECK-001	match	resolved
Main_Modules/TALENTS/TALENTS_Arbites.lua	7	localization_table	loc_talent_adamant_reload_speed_aura_desc	E1129BEF806C640AA4226E6DD9BB9AB9C18B8779A3CB7D843245F7427793F2EA	C6E6293CC2BF8091AF213CD44D16AFCA89B4FF94241B26C7DB0AF431A439CC63	Main_Modules/TALENTS/TALENTS_Arbites.lua:133	Main_Modules/TALENTS/TALENTS_Arbites.lua:135	localization_table	no	yes	yes	yes	CHANGE	CONSISTENCY	ED3-ARBITES-RECHECK-001	match	resolved
Main_Modules/TALENTS/TALENTS_Arbites.lua	8	localization_table	loc_talent_adamant_damage_vs_staggered_aura_alt_desc	D6DC3C7DBC9E3C38CD80D425E6D10B697FBECF9C26C86C322A9454DA9D61B1D0	26F13D14AB1E5B133FB338CE8229D0E2E348AB986BD4C1CD3FC71FD1E0815050	Main_Modules/TALENTS/TALENTS_Arbites.lua:140	Main_Modules/TALENTS/TALENTS_Arbites.lua:142	localization_table	no	yes	yes	yes	CHANGE	CONSISTENCY	ED3-ARBITES-RECHECK-001	match	resolved
Main_Modules/TALENTS/TALENTS_Arbites.lua	9	localization_table	loc_talent_adamant_ability_nuncio_base_desc	3BE07F7D5FBAB9523BE8EF8594C1DB174C0585C73B3186A8E5B429626C6D72B5	CD506275A124051C6B1FF097B536617C3490EE31DF27277759EC342E87AE1457	Main_Modules/TALENTS/TALENTS_Arbites.lua:148	Main_Modules/TALENTS/TALENTS_Arbites.lua:168	localization_table	no	yes	yes	yes	CHANGE	DISPLAY_CLARITY	ED3-ARBITES-RECHECK-001	match	resolved
Main_Modules/TALENTS/TALENTS_Arbites.lua	10	localization_table	loc_talent_adamant_stance_ability_power_description	713CA80212EDF9F8446BE7A87672266F21950F8A483C8A7B5EB667987D4BB9C5	508B1DFE2C3604E1DD4202EF1E39B7D774D74F70CAE7ACF2D9A0084B17EE0966	Main_Modules/TALENTS/TALENTS_Arbites.lua:184	Main_Modules/TALENTS/TALENTS_Arbites.lua:202	localization_table	no	yes	yes	yes	KEEP		ED3-ARBITES-RECHECK-001	match	resolved
Main_Modules/TALENTS/TALENTS_Arbites.lua	11	localization_table	loc_talent_adamant_stance_ranged_kills_transfer_ammo_no_cd_desc	880615FC6E77EE0DDE28FBA947024AA1C09F4587D01D502753642D246B10FF2C	58DBD0AB580FAA25FF87C4BD12795F4E0B36C4F94F086DEB6CF63FBEDDB52EB5	Main_Modules/TALENTS/TALENTS_Arbites.lua:215	Main_Modules/TALENTS/TALENTS_Arbites.lua:223	localization_table	no	no	no	yes	KEEP		ED3-ARBITES-RECHECK-001	match	none
Main_Modules/TALENTS/TALENTS_Arbites.lua	12	localization_table	loc_talent_adamant_stance_elite_kills_stack_damage_desc	473D1C179D6C1360A9FC2CE2966F5679338C66E0D1B95A8B55FB20FF1E88034A	0B0D735B2E58438437F48E1116E5F0CA3FF2CAD57CB5BCE30CF12B6F14631F2B	Main_Modules/TALENTS/TALENTS_Arbites.lua:230	Main_Modules/TALENTS/TALENTS_Arbites.lua:238	localization_table	no	yes	yes	yes	KEEP		ED3-ARBITES-RECHECK-001	match	resolved
Main_Modules/TALENTS/TALENTS_Arbites.lua	13	localization_table	loc_talent_adamant_stance_bloodlust_desc	71ED124E28E8BCD78C28A33E62FF891CAE58005080FDC227A846544EA89EAF13	858F287898533685937F78D70D51464134B6C2A649B86D0042F133CB6C987132	Main_Modules/TALENTS/TALENTS_Arbites.lua:246	Main_Modules/TALENTS/TALENTS_Arbites.lua:250	localization_table	no	yes	yes	yes	KEEP		ED3-ARBITES-RECHECK-001	match	resolved
Main_Modules/TALENTS/TALENTS_Arbites.lua	14	localization_table	loc_talent_ability_area_buff_drone_improved_description	E08BE63057B8172922049BBF945907BD6D3B47F704E6940D17F33F330081537D	5E5ABBC83BFCA8FCA0ACF975BABB02565DF1E9E4392F4C8E8AF3EA495E26CEC0	Main_Modules/TALENTS/TALENTS_Arbites.lua:255	Main_Modules/TALENTS/TALENTS_Arbites.lua:289	localization_table	no	yes	yes	yes	CHANGE	DISPLAY_CLARITY	ED3-ARBITES-RECHECK-001	match	resolved
Main_Modules/TALENTS/TALENTS_Arbites.lua	15	localization_table	loc_talent_adamant_drone_buff_talent_alt_desc	3B1AD578CC6509C62334C6385AB7A00C77D5751CA17E7EF9E42FF559F637B28A	C9C6B4A0BDA70AE4916C30C750C059B9B7DBF6E6C9A088C02480522EEFDFA435	Main_Modules/TALENTS/TALENTS_Arbites.lua:312	Main_Modules/TALENTS/TALENTS_Arbites.lua:320	localization_table	yes	yes	yes	yes	KEEP		ED3-ARBITES-RECHECK-001	match	resolved
Main_Modules/TALENTS/TALENTS_Arbites.lua	16	localization_table	loc_talent_adamant_drone_debuff_talent_desc	FD8FA1BCA8BF404F80618B2A04FE05600626FBB9C22F09663E70E2984B646A8E	F26A0F7D5002974FD4AAB62EC86A81D288B47BCF92B876BEE5EA35950D957A3B	Main_Modules/TALENTS/TALENTS_Arbites.lua:326	Main_Modules/TALENTS/TALENTS_Arbites.lua:332	localization_table	no	yes	yes	yes	KEEP		ED3-ARBITES-RECHECK-002	match	resolved
Main_Modules/TALENTS/TALENTS_Arbites.lua	17	localization_table	loc_ability_adamant_charge_blocking_desc	FB3C2459987999B4BD9A075B7CD015661B9D368093232E010E96B48390269C36	60348EE488AD2AE5B25BE13537390349C930DFF44B19FCDA9C880F4F2E21286C	Main_Modules/TALENTS/TALENTS_Arbites.lua:337	Main_Modules/TALENTS/TALENTS_Arbites.lua:349	localization_table	no	yes	yes	yes	KEEP		ED3-ARBITES-RECHECK-002	match	resolved
Main_Modules/TALENTS/TALENTS_Arbites.lua	18	localization_table	loc_talent_adamant_charge_toughness_alt_description	886A2B6EBDF14A53E527AD35A1AF04CF7F1026E14691B912F91DA4339EFD68B7	693D15B8FAC306A9D9FF77687D8C01639904C920BB23A092884401452F1E9C85	Main_Modules/TALENTS/TALENTS_Arbites.lua:360	Main_Modules/TALENTS/TALENTS_Arbites.lua:368	localization_table	no	yes	yes	yes	KEEP		ED3-ARBITES-RECHECK-002	match	resolved
Main_Modules/TALENTS/TALENTS_Arbites.lua	19	localization_table	loc_talent_adamant_charge_cooldown_alt_description	9F90B575C0705A1F65CFC9ED7242ADC47ED2DBF9DF58A1A94D3A83DCBE1D67B9	8FB1C64ACA1F1BEF12DB00F10C6718806F6B926AE83FB57F0EB6A569B1934AA1	Main_Modules/TALENTS/TALENTS_Arbites.lua:375	Main_Modules/TALENTS/TALENTS_Arbites.lua:383	localization_table	yes	yes	yes	yes	KEEP		ED3-ARBITES-RECHECK-002	match	resolved
Main_Modules/TALENTS/TALENTS_Arbites.lua	20	localization_table	loc_talent_adamant_dog_damage_after_ability_desc	D87B489CC7E3CB49344D399B95DA7374E528CFF155DFDCBA9D2AD97A7CFF0B8C	6838D42717EB712385F528B7A9A1655D3EED8835F0ED0D3016D3F9CCB9E4C508	Main_Modules/TALENTS/TALENTS_Arbites.lua:391	Main_Modules/TALENTS/TALENTS_Arbites.lua:395	localization_table	no	yes	yes	yes	KEEP		ED3-ARBITES-RECHECK-002	match	resolved
Main_Modules/TALENTS/TALENTS_Arbites.lua	21	localization_table	loc_talent_adamant_charge_longer_distance_desc	8E63F0498A56883E2BFFC899E6B91FDC86ADBEC6E21EEC83447F009EA2D21F72	809F6D9BD9AA641DA5675952EAB28FAC64B577D2BDE851A9E2B4E8C30B0EDD1D	Main_Modules/TALENTS/TALENTS_Arbites.lua:401	Main_Modules/TALENTS/TALENTS_Arbites.lua:403	localization_table	no	no	yes	yes	KEEP		ED3-ARBITES-RECHECK-002	match	resolved
Main_Modules/TALENTS/TALENTS_Arbites.lua	22	localization_table	loc_talent_adamant_cyber_mastiff_elites_desc	FB5F61F31B77954E7E4D30F584FB5472869268983BEDBFD0D1FEE0B4FEEA2A21	D83BDC53698C766CEAD7489EC3E0E78A4F939F325CDE31E421541FB2F15DA362	Main_Modules/TALENTS/TALENTS_Arbites.lua:408	Main_Modules/TALENTS/TALENTS_Arbites.lua:414	localization_table	no	yes	yes	yes	KEEP		ED3-ARBITES-RECHECK-002	match	resolved
Main_Modules/TALENTS/TALENTS_Arbites.lua	23	localization_table	loc_talent_adamant_disable_companion_replenish_split_desc	CFEC884536B52E7F0626C33540FF0F296EFCA3A33D9FD29151398C971B783E41	4E6D1C2370999FF55F77CE6C4809A9879F9C79F5B30B84768DAFA337DB274C99	Main_Modules/TALENTS/TALENTS_Arbites.lua:419	Main_Modules/TALENTS/TALENTS_Arbites.lua:439	localization_table	yes	yes	yes	yes	CHANGE	GRAMMAR;DISPLAY_CLARITY	ED3-ARBITES-RECHECK-002	match	resolved
Main_Modules/TALENTS/TALENTS_Arbites.lua	24	localization_table	loc_talent_adamant_cyber_mastiff_ranged_desc	DEB798BE79473B72185F4B74554186D05E914804336345AE99E34E946BA26643	9153A7C19B9BFCEE837EA6083610D10C4A9EC5309EEC488625918A998B8F4662	Main_Modules/TALENTS/TALENTS_Arbites.lua:453	Main_Modules/TALENTS/TALENTS_Arbites.lua:459	localization_table	no	yes	yes	yes	KEEP		ED3-ARBITES-RECHECK-002	match	resolved
Main_Modules/TALENTS/TALENTS_Arbites.lua	25	localization_table	loc_talent_execution_order_description	6C007ADBF652F01E7DCB341A6746F53C58FA81F9DE1F788D2BB659F2DAB0F5E7	F6EC1C677B85501FD21F9A2AFD7CBA228E8232681D4D87CC35532F72280672F3	Main_Modules/TALENTS/TALENTS_Arbites.lua:465	Main_Modules/TALENTS/TALENTS_Arbites.lua:483	localization_table	no	yes	yes	yes	KEEP		ED3-ARBITES-RECHECK-002	match	resolved
Main_Modules/TALENTS/TALENTS_Arbites.lua	26	localization_table	loc_talent_execution_order_crit_description	61F7498A0B2CF5A5DA7B72FB86F52CBDB5F128ADDE7EA188653638036E32FDBB	4352A9E4CAC4A36895DCF9E06AC1B82FF1B932355476886447BFE30272173FFD	Main_Modules/TALENTS/TALENTS_Arbites.lua:498	Main_Modules/TALENTS/TALENTS_Arbites.lua:506	localization_table	no	yes	yes	yes	KEEP		ED3-ARBITES-RECHECK-002	match	resolved
Main_Modules/TALENTS/TALENTS_Arbites.lua	27	localization_table	loc_talent_execution_order_cdr_on_kill_description	8212510041F6AE8B1277283E8CAB6DBB32ED8A53ECB646E30B3C67BCDB39398B	9828AF40AE4C6F0554162C7D009060192033FD8AC5113C494F1FDCD8296BCDFF	Main_Modules/TALENTS/TALENTS_Arbites.lua:513	Main_Modules/TALENTS/TALENTS_Arbites.lua:515	localization_table	no	yes	yes	yes	KEEP		ED3-ARBITES-RECHECK-002	match	resolved
Main_Modules/TALENTS/TALENTS_Arbites.lua	28	localization_table	loc_talent_execution_order_command_applies_brittleness_description	9BC1FBDDAB0E7DAAC8A5F84107BF06FA941E72B7CA4C67B14801231822946893	B9325327D9C0B7657FE7A296B40D6F1C62147EAB51DF1E414029F0A818352A9A	Main_Modules/TALENTS/TALENTS_Arbites.lua:520	Main_Modules/TALENTS/TALENTS_Arbites.lua:522	localization_table	no	yes	yes	yes	KEEP		ED3-ARBITES-RECHECK-002	match	resolved
Main_Modules/TALENTS/TALENTS_Arbites.lua	29	localization_table	loc_talent_execution_order_perma_buff_new_description	7C13E24FE889EC86FE88FB91A3F9B7DF9C39E5A67FD74BF3BD13064D812D05A5	CF3DF6C0D22CA8184DBB8F1B2B9C601AC3CFDD5014501E6850A0BA43105BC9A6	Main_Modules/TALENTS/TALENTS_Arbites.lua:527	Main_Modules/TALENTS/TALENTS_Arbites.lua:537	localization_table	no	yes	yes	yes	KEEP		ED3-ARBITES-RECHECK-002	match	resolved
Main_Modules/TALENTS/TALENTS_Arbites.lua	30	localization_table	loc_talent_adamant_pinning_dog_bonus_moving_towards_description	6BC0F37381A9A12C0D3B9E1E30EE23BDF82B80DD1A9C0F5670EE6469B46FA31B	250FF53DB14A067989CFB48F9034B4D900BEEBC216BA0D8BE9D02CA49A0C6031	Main_Modules/TALENTS/TALENTS_Arbites.lua:545	Main_Modules/TALENTS/TALENTS_Arbites.lua:551	localization_table	no	yes	yes	yes	KEEP		ED3-ARBITES-RECHECK-002	match	resolved
Main_Modules/TALENTS/TALENTS_Arbites.lua	31	localization_table	loc_talent_adamant_terminus_warrant_new_desc	6F6327B880A0FCE7E2B312355D0F75EA57DB3D2529EF7A3A7AC3EE16612CD4F4	B12D5EFAB158A36A2A2C5D46C1BAAFCD09C7A2F6B6AAD089C153DA183B2265DC	Main_Modules/TALENTS/TALENTS_Arbites.lua:558	Main_Modules/TALENTS/TALENTS_Arbites.lua:602	localization_table	yes	yes	yes	yes	KEEP		ED3-ARBITES-RECHECK-003	match	resolved
Main_Modules/TALENTS/TALENTS_Arbites.lua	32	localization_table	loc_talent_adamant_terminus_warrant_cdr_desc	6BDA47FF96930BE8910320C0FC3A5099106E30807B663F1AF1C2EA4ACCAFD490	22027C4C527E63E3849573CAEE5009E2DA18975052BBFFB8F1D071FE5E4630FA	Main_Modules/TALENTS/TALENTS_Arbites.lua:629	Main_Modules/TALENTS/TALENTS_Arbites.lua:633	localization_table	no	yes	yes	yes	KEEP		ED3-ARBITES-RECHECK-003	match	resolved
Main_Modules/TALENTS/TALENTS_Arbites.lua	33	localization_table	loc_talent_adamant_terminus_warrant_support_desc	B96FE29EE8989B6447CF427760D448A44962994440F8ADCDDA452C1164C965F8	362A3DD986BF2697B882F134DE81ED01B9A4EF1BB76574A35B975BF894C9B5E1	Main_Modules/TALENTS/TALENTS_Arbites.lua:638	Main_Modules/TALENTS/TALENTS_Arbites.lua:646	localization_table	no	yes	yes	yes	CHANGE	CONSISTENCY	ED3-ARBITES-RECHECK-003	match	resolved
Main_Modules/TALENTS/TALENTS_Arbites.lua	34	localization_table	loc_talent_adamant_terminus_warrant_improved_combined_desc	B996432F846588B4E601B06B283CDB9459954C078E34E1E3C6FC501B87D52D8A	3654456DBCB8CAF1133CD91E1CAF0069A7019D092769EA3A3886CE1F0E1A7917	Main_Modules/TALENTS/TALENTS_Arbites.lua:655	Main_Modules/TALENTS/TALENTS_Arbites.lua:661	localization_table	no	yes	yes	yes	KEEP		ED3-ARBITES-RECHECK-003	match	resolved
Main_Modules/TALENTS/TALENTS_Arbites.lua	35	localization_table	loc_talent_adamant_forceful_base_alt_desc	AB170A9417A0F65708E930592D158C0D96CA821715A3E69C9E16C96BEDB2E7B2	F3F16B1953E0CF37847283828824016FFDFD913025DC14D920B65F2A832D9ABE	Main_Modules/TALENTS/TALENTS_Arbites.lua:667	Main_Modules/TALENTS/TALENTS_Arbites.lua:685	localization_table	no	yes	yes	yes	CHANGE	GRAMMAR;DISPLAY_CLARITY	ED3-ARBITES-RECHECK-003	match	resolved
Main_Modules/TALENTS/TALENTS_Arbites.lua	36	localization_table	loc_talent_adamant_forceful_stun_immune_and_block_all_linger_desc	92894E42D0A16658AD57B73295C7C176B7818F61F1D78F43168741B04BE7BB06	3F924267B936E2D12A6F9F465B8EA4E745BA6EC58CAA1F6634B3CA565A688528	Main_Modules/TALENTS/TALENTS_Arbites.lua:699	Main_Modules/TALENTS/TALENTS_Arbites.lua:705	localization_table	no	yes	yes	yes	KEEP		ED3-ARBITES-RECHECK-003	match	resolved
Main_Modules/TALENTS/TALENTS_Arbites.lua	37	localization_table	loc_talent_adamant_forceful_toughness_regen_per_stack_desc	12921B3D9A8015DD1D8EFAC64EB1B42A457B0611D71424B4ADDBBF2AE7C8EA4C	38D2925601DED9FF950C17074E6C7C04337CCDB63B339C339DDBCFF5CC462D4E	Main_Modules/TALENTS/TALENTS_Arbites.lua:713	Main_Modules/TALENTS/TALENTS_Arbites.lua:715	localization_table	no	yes	yes	yes	KEEP		ED3-ARBITES-RECHECK-003	match	resolved
Main_Modules/TALENTS/TALENTS_Arbites.lua	38	localization_table	loc_talent_adamant_forceful_melee_alt_desc	CB8FE30EECAC0F97CE4ABF757C675E062536A657E41472BC7DDE64CAFA7FFF7F	650A1D56AC589AF74D3B10E39C87B4ED1C490B55B73CB4415FA36642FE0CF8D1	Main_Modules/TALENTS/TALENTS_Arbites.lua:720	Main_Modules/TALENTS/TALENTS_Arbites.lua:726	localization_table	no	yes	yes	yes	KEEP		ED3-ARBITES-RECHECK-003	match	resolved
Main_Modules/TALENTS/TALENTS_Arbites.lua	39	localization_table	loc_talent_adamant_forceful_ability_damage	4D1F424889FC461DC3E357D098D3BE3C5EE8677D81471171B53C99B446D52045	DAD271EE079D902079A90589B6FFD788A156390F4DFFB6B66467345329D73660	Main_Modules/TALENTS/TALENTS_Arbites.lua:734	Main_Modules/TALENTS/TALENTS_Arbites.lua:740	localization_table	no	yes	yes	yes	KEEP		ED3-ARBITES-RECHECK-003	match	resolved
Main_Modules/TALENTS/TALENTS_Arbites.lua	40	localization_table	loc_talent_adamant_forceful_stagger_on_low_high_desc	30A7DEC5683021308992926CAF0E89932CDFF9C4AFA499C616639A2047AC64A6	CD51A4E92767753A10C70603F2384E850A9320F1F51676BE519BA550FAE1587D	Main_Modules/TALENTS/TALENTS_Arbites.lua:746	Main_Modules/TALENTS/TALENTS_Arbites.lua:752	localization_table	no	yes	yes	yes	CHANGE	GRAMMAR;DISPLAY_CLARITY	ED3-ARBITES-RECHECK-003	match	resolved
Main_Modules/TALENTS/TALENTS_Arbites.lua	41	localization_table	loc_talent_adamant_elite_special_kills_offensive_boost_alt_desc	408B5607629FAA45E2011ECA71F27F88E7E62FB6EE39ED3B1CD559D89F945B0C	9DBE7D958CD8A2C90091D5935F576587FB5196BD8866D349596DBF859BBE81E0	Main_Modules/TALENTS/TALENTS_Arbites.lua:761	Main_Modules/TALENTS/TALENTS_Arbites.lua:769	localization_table	no	yes	yes	yes	KEEP		ED3-ARBITES-RECHECK-003	match	resolved
Main_Modules/TALENTS/TALENTS_Arbites.lua	42	localization_table	loc_talent_adamant_damage_after_reloading_desc	9AB528726ECCF223ECD5215B3212081E358FECB2E91DEC42DE8E40FA96F5404F	21C4CA77CCA8BEA603140209542AA3BF9D5288DFBFD16E4B3EACA1FF324E0F8B	Main_Modules/TALENTS/TALENTS_Arbites.lua:776	Main_Modules/TALENTS/TALENTS_Arbites.lua:778	localization_table	no	yes	yes	yes	KEEP		ED3-ARBITES-RECHECK-003	match	resolved
Main_Modules/TALENTS/TALENTS_Arbites.lua	43	localization_table	loc_talent_adamant_multiple_hits_attack_speed_desc	1D6C03BDCC154D96CB5326355B4F1468F79D648175BA16B6997303D036617FA4	02CDDAC5704D4CED13140479AF28760839C0C4B2754CBAFFEED4E22920607EC7	Main_Modules/TALENTS/TALENTS_Arbites.lua:783	Main_Modules/TALENTS/TALENTS_Arbites.lua:785	localization_table	no	no	no	yes	KEEP		ED3-ARBITES-RECHECK-003	match	none
Main_Modules/TALENTS/TALENTS_Arbites.lua	44	localization_table	loc_talent_adamant_dog_pounces_bleed_nearby_desc	89D3B24D11A169FE28432F65685408DC1E73213CB79386945CDFEC1A4B2B4223	2D233A124831156373DC140161B49D6EBD0687970B03F944135EB0AB852E59AC	Main_Modules/TALENTS/TALENTS_Arbites.lua:790	Main_Modules/TALENTS/TALENTS_Arbites.lua:792	localization_table	no	yes	yes	yes	CHANGE	WRONG_MEANING;GRAMMAR	ED3-ARBITES-RECHECK-003	match	resolved
Main_Modules/TALENTS/TALENTS_Arbites.lua	45	localization_table	loc_talent_adamant_elite_special_kills_replenish_toughness_desc	0B12F6DA42B08983892787BDB9B179B6CD9F787AF49596A86C96B4A978FD2269	1D89DC95EDBD0B6E46724345BADC4763E87317309A6F58CC0BC265E48AC14F31	Main_Modules/TALENTS/TALENTS_Arbites.lua:798	Main_Modules/TALENTS/TALENTS_Arbites.lua:804	localization_table	no	yes	yes	yes	KEEP		ED3-ARBITES-RECHECK-003	match	resolved
Main_Modules/TALENTS/TALENTS_Arbites.lua	46	localization_table	loc_talent_adamant_close_kills_restore_toughness_desc	4D88467C7A9ABDBDFB3F75E1BDC2E7BA1E260E546103F6A0CA748968EB059DEE	94E6015BC835088539CED6100F9E960EA8F8C992588AD2F418B535CD3C14994A	Main_Modules/TALENTS/TALENTS_Arbites.lua:810	Main_Modules/TALENTS/TALENTS_Arbites.lua:812	localization_table	no	yes	yes	yes	KEEP		ED3-ARBITES-RECHECK-004	match	resolved
Main_Modules/TALENTS/TALENTS_Arbites.lua	47	localization_table	loc_talent_adamant_staggers_replenish_toughness_melee_desc	46ADB27A1CDFD2D1303DEAD28318A8449D6BEEE8C7ED27230CF2ACCEB1A30E1E	5A1AB9B130E8E53C9B7F3E9F5843AACE5967C1FD385BF470ADB83A5162967852	Main_Modules/TALENTS/TALENTS_Arbites.lua:817	Main_Modules/TALENTS/TALENTS_Arbites.lua:819	localization_table	no	yes	yes	yes	KEEP		ED3-ARBITES-RECHECK-004	match	resolved
Main_Modules/TALENTS/TALENTS_Arbites.lua	48	localization_table	loc_talent_adamant_perfect_block_damage_boost_alt_desc	0E66F08606350A7716EC2278243E132CEA8B35CB158744E4ACCC3CD76A4B2241	07552A9D8D35F6EC70980E3A97690A43B8DA0ACCE26487E7922262D092ACE406	Main_Modules/TALENTS/TALENTS_Arbites.lua:824	Main_Modules/TALENTS/TALENTS_Arbites.lua:834	localization_table	no	yes	yes	yes	KEEP		ED3-ARBITES-RECHECK-004	match	resolved
Main_Modules/TALENTS/TALENTS_Arbites.lua	49	localization_table	loc_talent_adamant_toughness_regen_near_companion_desc	615D846BAD0C972CF5C70F911E43ABC0E129B7E85F6E93EE50A6895897B26125	85B32868BF8B18F186A76E215E6C07A51728BFD4ABF9D914774BE8472D35B124	Main_Modules/TALENTS/TALENTS_Arbites.lua:842	Main_Modules/TALENTS/TALENTS_Arbites.lua:844	localization_table	no	yes	yes	yes	KEEP		ED3-ARBITES-RECHECK-004	match	resolved
Main_Modules/TALENTS/TALENTS_Arbites.lua	50	localization_table	loc_talent_adamant_stamina_spent_replenish_toughness_desc	D0303EB0D8AD35F747B6295C6F945D34E78573BC7886453DF4ABE3FEB25D5C89	B72D3502C279C195418A9205B684B2200869FB8E42FFCD5730D9DAFC8BA7A3B9	Main_Modules/TALENTS/TALENTS_Arbites.lua:849	Main_Modules/TALENTS/TALENTS_Arbites.lua:851	localization_table	no	yes	yes	yes	KEEP		ED3-ARBITES-RECHECK-004	match	resolved
Main_Modules/TALENTS/TALENTS_Arbites.lua	51	localization_table	loc_talent_adamant_shield_plates_alt_desc	7117004C4E47894DA3B700A8AE7E87C1D2289ECCB7E0547D55D06D2723CE3B2E	0CD55378A6EA73D0BDB60C92D188EB8E1E697CF333BEBE9FB9E79AD7E0322676	Main_Modules/TALENTS/TALENTS_Arbites.lua:856	Main_Modules/TALENTS/TALENTS_Arbites.lua:866	localization_table	no	yes	yes	yes	KEEP		ED3-ARBITES-RECHECK-004	match	resolved
Main_Modules/TALENTS/TALENTS_Arbites.lua	52	localization_table	loc_talent_adamant_armor_desc	F5A939B61072BDE73B67B065F57378C01C6FB1360D094B93358717EECB15C7FD	DDC174E6B29A8801441F2AF72D9FB6B2D80EAE1E56BD76A71D005B67BB17094A	Main_Modules/TALENTS/TALENTS_Arbites.lua:875	Main_Modules/TALENTS/TALENTS_Arbites.lua:877	localization_table	no	yes	yes	yes	KEEP		ED3-ARBITES-RECHECK-004	match	resolved
Main_Modules/TALENTS/TALENTS_Arbites.lua	53	localization_table	loc_talent_adamant_dog_attacks_electrocute_desc	8314BB6F02D06612018DFF2D16EB974D4B5C4C075496DAF1A6E21B94341185C4	618C118373FD156D7E8CF6F9758B368C868259A80D02A8D4751611C0D54A8018	Main_Modules/TALENTS/TALENTS_Arbites.lua:881	Main_Modules/TALENTS/TALENTS_Arbites.lua:883	localization_table	no	yes	yes	yes	KEEP		ED3-ARBITES-RECHECK-004	match	resolved
Main_Modules/TALENTS/TALENTS_Arbites.lua	54	localization_table	loc_talent_adamant_ammo_belt_desc	499273AD18FD94C2C1481FA80C25E8C2C9CC0601B8E8C6C634C3532D18BF1AD8	68F8DFE97EEB70E0BC1820A79F0AE35A012B6458BB27372CC6D1ECC1C7F62C41	Main_Modules/TALENTS/TALENTS_Arbites.lua:888	Main_Modules/TALENTS/TALENTS_Arbites.lua:890	localization_table	no	no	no	yes	KEEP		ED3-ARBITES-RECHECK-004	match	none
Main_Modules/TALENTS/TALENTS_Arbites.lua	55	localization_table	loc_talent_adamant_melee_weakspot_hits_count_as_stagger_desc	10DFC7B9512C570D90AA87D91443F5884DA0A4E21AE9BE609BE44B7107C6F66F	D3E41FC5EF5B585C91D594AC8D5A12FD59403B8CCF5482002E0A1E520F92289E	Main_Modules/TALENTS/TALENTS_Arbites.lua:894	Main_Modules/TALENTS/TALENTS_Arbites.lua:896	localization_table	no	yes	yes	yes	KEEP		ED3-ARBITES-RECHECK-004	match	resolved
Main_Modules/TALENTS/TALENTS_Arbites.lua	56	localization_table	loc_talent_adamant_pinning_dog_kills_buff_allies_description	F0D46F698B79F60ED4EB8C9D8EBD5059A9212D7AEDBE1CB221D15B20E2F182E8	13694A168E0B5FCB32D35E56ACABDC1C84A84C223A0C56E5757A56363E469C64	Main_Modules/TALENTS/TALENTS_Arbites.lua:900	Main_Modules/TALENTS/TALENTS_Arbites.lua:906	localization_table	yes	yes	yes	yes	CHANGE	CONSISTENCY	ED3-ARBITES-RECHECK-004	match	resolved
Main_Modules/TALENTS/TALENTS_Arbites.lua	57	localization_table	loc_talent_adamant_damage_reduction_after_elite_kill_desc	A9DDAB14795E4CA237FD5E0BBA4AECE84DBC63111E1F5AED86F86441B910F4BC	ABDB8C7154FE9B7E6ECBE33015B9DF94EDC435CF5C322E1FB0EFB4ADE7F15B3F	Main_Modules/TALENTS/TALENTS_Arbites.lua:914	Main_Modules/TALENTS/TALENTS_Arbites.lua:916	localization_table	no	yes	yes	yes	KEEP		ED3-ARBITES-RECHECK-004	match	resolved
Main_Modules/TALENTS/TALENTS_Arbites.lua	58	localization_table	loc_talent_adamant_staggered_enemies_deal_less_damage_desc	0EA7585DB99AB1CE87479DF16E6F7AE91EFE54641ABE37E4682305157B40A727	A4EAC5C8BA1449F1E7C43DF91F79BB0963BA4982583F0E987FDE337DF0ACC362	Main_Modules/TALENTS/TALENTS_Arbites.lua:920	Main_Modules/TALENTS/TALENTS_Arbites.lua:926	localization_table	no	yes	yes	yes	CHANGE	GRAMMAR;DISPLAY_CLARITY	ED3-ARBITES-RECHECK-004	match	resolved
Main_Modules/TALENTS/TALENTS_Arbites.lua	59	localization_table	loc_talent_adamant_hitting_multiple_gives_tdr_desc	0E0C34A26DFBB432FECB3014B8A3A7A8B2AF68B0B24468A01B022A692E345FAA	72534C9C83AB9525F08D10B4792DF425EF7F342DB1EF28E76F1757DF2EFB0954	Main_Modules/TALENTS/TALENTS_Arbites.lua:934	Main_Modules/TALENTS/TALENTS_Arbites.lua:938	localization_table	yes	yes	yes	yes	KEEP		ED3-ARBITES-RECHECK-004	match	resolved
Main_Modules/TALENTS/TALENTS_Arbites.lua	60	localization_table	loc_talent_adamant_plasteel_plates_desc	F5A939B61072BDE73B67B065F57378C01C6FB1360D094B93358717EECB15C7FD	DDC174E6B29A8801441F2AF72D9FB6B2D80EAE1E56BD76A71D005B67BB17094A	Main_Modules/TALENTS/TALENTS_Arbites.lua:944	Main_Modules/TALENTS/TALENTS_Arbites.lua:946	localization_table	no	yes	yes	yes	KEEP		ED3-ARBITES-RECHECK-004	match	resolved
Main_Modules/TALENTS/TALENTS_Arbites.lua	61	localization_table	loc_talent_adamant_dodge_grants_damage_desc	88838C69E87E6008D302B5FED1996EAEC58F0663EC93D8A3D0FE4CFDA75913DA	66EFCC632A71E5DC7D71D65F077DC42E069B7657EF0BD269A151D54B5318CFA7	Main_Modules/TALENTS/TALENTS_Arbites.lua:950	Main_Modules/TALENTS/TALENTS_Arbites.lua:952	localization_table	no	yes	yes	yes	KEEP		ED3-ARBITES-RECHECK-005	match	resolved
Main_Modules/TALENTS/TALENTS_Arbites.lua	62	localization_table	loc_talent_adamant_stacking_damage_desc	4FEB87CB940E4CE8B0A52725B7987445CE08217108A594925858942E171940DB	0B41C87BAEE6318A46FD0433E5F23EE9CD32B5F1565BA8E0551459398753EF69	Main_Modules/TALENTS/TALENTS_Arbites.lua:957	Main_Modules/TALENTS/TALENTS_Arbites.lua:963	localization_table	no	yes	yes	yes	KEEP		ED3-ARBITES-RECHECK-005	match	resolved
Main_Modules/TALENTS/TALENTS_Arbites.lua	63	localization_table	loc_talent_adamant_staggers_reduce_damage_taken_alt_desc	D784C7D816F5D065F6FCAB962C4586AB85CAADA2892B961C9777DD850FDA427A	734D8E21B02528958CFD01AEEE9B9CAAD0FD1E6044E1501D830507BDDA681FF6	Main_Modules/TALENTS/TALENTS_Arbites.lua:968	Main_Modules/TALENTS/TALENTS_Arbites.lua:978	localization_table	no	yes	yes	yes	CHANGE	GRAMMAR;DISPLAY_CLARITY	ED3-ARBITES-RECHECK-005	match	resolved
Main_Modules/TALENTS/TALENTS_Arbites.lua	64	localization_table	loc_talent_adamant_elite_special_kills_reload_speed_desc	74B6720915FAA461ADCE399FE64747A7774C5241CE2F698079AF6D7376161C98	46524F6FF7D0ADA94B99719902F9A26C4581FE6EE16240E8043DFADBE3EC1C25	Main_Modules/TALENTS/TALENTS_Arbites.lua:989	Main_Modules/TALENTS/TALENTS_Arbites.lua:991	localization_table	no	yes	yes	yes	KEEP		ED3-ARBITES-RECHECK-005	match	resolved
Main_Modules/TALENTS/TALENTS_Arbites.lua	65	localization_table	loc_talent_adamant_sprinting_sliding_description	8D8C2D79302272942CC4FD66D1E9E1CBD9A75676A0778177F8EF9AA149745D14	4319ECDE024A1016D3B315699302F7C17765D6E137E0311C470B35CE569FED4C	Main_Modules/TALENTS/TALENTS_Arbites.lua:996	Main_Modules/TALENTS/TALENTS_Arbites.lua:1004	localization_table	no	yes	yes	yes	KEEP		ED3-ARBITES-RECHECK-005	match	resolved
Main_Modules/TALENTS/TALENTS_Arbites.lua	66	localization_table	loc_talent_adamant_rebreather_desc	39F82766C5E3C498FED6B276AEFDA6AB885ADE64FB1AC35D005978CBABDB27A7	A466C0F59FB7621DDBBCEFB476F36B25851AA8E8C0B9618DF019F0EBDA186DE4	Main_Modules/TALENTS/TALENTS_Arbites.lua:1012	Main_Modules/TALENTS/TALENTS_Arbites.lua:1016	localization_table	no	yes	yes	yes	KEEP		ED3-ARBITES-RECHECK-005	match	resolved
Main_Modules/TALENTS/TALENTS_Arbites.lua	67	localization_table	loc_talent_adamant_damage_vs_suppressed_desc	E5C08902BBF26EDAC78EC9D5A116E92208FA24FB4CBD3C7AF0F69F185097C10E	1BE3FBC77D7E0645EF7388B9503EA0EBAFBBF4A5333DBA58A324E40CE94D3209	Main_Modules/TALENTS/TALENTS_Arbites.lua:1021	Main_Modules/TALENTS/TALENTS_Arbites.lua:1023	localization_table	no	yes	yes	yes	KEEP		ED3-ARBITES-RECHECK-005	match	resolved
Main_Modules/TALENTS/TALENTS_Arbites.lua	68	localization_table	loc_talent_adamant_first_melee_hit_increased_damage_desc	55373884C5D766E5FE55B85CEC4002D13AC3801B406B574B6AC9FC7ECEEE138A	B4A2944814C964C1EC3381167CD617A9580F182384266BD16317AF747C5DC7B8	Main_Modules/TALENTS/TALENTS_Arbites.lua:1030	Main_Modules/TALENTS/TALENTS_Arbites.lua:1036	localization_table	no	yes	yes	yes	CHANGE	GRAMMAR;DISPLAY_CLARITY	ED3-ARBITES-RECHECK-005	match	resolved
Main_Modules/TALENTS/TALENTS_Arbites.lua	69	localization_table	loc_talent_adamant_crit_chance_on_kill_desc	70909DAD2F1A99D020FC787BB9CF8DCE902C3BE8B5B3A81923D2FD712FAF401F	1D74E5ECE9E1B0CC71D7EA15C71637255218B6E5FCCA9B51941F0A4E314E2F40	Main_Modules/TALENTS/TALENTS_Arbites.lua:1044	Main_Modules/TALENTS/TALENTS_Arbites.lua:1050	localization_table	no	yes	yes	yes	KEEP		ED3-ARBITES-RECHECK-005	match	resolved
Main_Modules/TALENTS/TALENTS_Arbites.lua	70	localization_table	loc_talent_adamant_dodge_improvement_desc	4216351139779A6CB774273F19986C08FC4CDC3E56A3D932834648A0D6863679	8B16BCC68E2D6F9DBD0E37EF2A1D90D5A2C7690DC03CA3984AB72BEB80612503	Main_Modules/TALENTS/TALENTS_Arbites.lua:1056	Main_Modules/TALENTS/TALENTS_Arbites.lua:1062	localization_table	no	no	yes	yes	KEEP		ED3-ARBITES-RECHECK-005	match	resolved
Main_Modules/TALENTS/TALENTS_Arbites.lua	71	localization_table	loc_talent_adamant_cleave_after_push_desc	C8319C4E4B4E5444E3B7DC929BAC1F5DFA3D7AB7DB603F06FE3AA839797DB48E	DC9C7875EF909F8B1CBAF4FCD6FFF88D1A18819F0AE5E18D095D3FBF2101BC8A	Main_Modules/TALENTS/TALENTS_Arbites.lua:1069	Main_Modules/TALENTS/TALENTS_Arbites.lua:1073	localization_table	no	yes	yes	yes	KEEP		ED3-ARBITES-RECHECK-005	match	resolved
Main_Modules/TALENTS/TALENTS_Arbites.lua	72	localization_table	loc_talent_adamant_pinning_dog_elite_damage_description	207D5DF0F291672FEE366C930F34CDFB8221B7E19B2D15FA7BEF48CC7E53973C	C38959868E383627393F7ED0039B3579980536A9BE4B1D4A0AE0D08C98F9D06E	Main_Modules/TALENTS/TALENTS_Arbites.lua:1078	Main_Modules/TALENTS/TALENTS_Arbites.lua:1084	localization_table	no	yes	yes	yes	KEEP		ED3-ARBITES-RECHECK-005	match	resolved
Main_Modules/TALENTS/TALENTS_Arbites.lua	73	localization_table	loc_talent_adamant_stacking_weakspot_strength_duration_desc	5E8A7F99611A5A4C808EE6CF89B50B8B1BAF912F9DE8FDC1FFC8A572CCA64790	8BAD5799BA928FDCB77FADEE850E05002DCA5D0F424C0198103CF5DB3F1A05C4	Main_Modules/TALENTS/TALENTS_Arbites.lua:1088	Main_Modules/TALENTS/TALENTS_Arbites.lua:1096	localization_table	no	yes	yes	yes	CHANGE	GRAMMAR;DISPLAY_CLARITY	ED3-ARBITES-RECHECK-005	match	resolved
Main_Modules/TALENTS/TALENTS_Arbites.lua	74	localization_table	loc_talent_adamant_clip_size_alt_desc	B1799AB4F708E79EA843AE9264C7565181471331EA88D0A6283B703A580CE731	AF33C3514BFD07241338A1362CA7F37FD05EBE9DD63C682B3ADC9DEA9324661D	Main_Modules/TALENTS/TALENTS_Arbites.lua:1106	Main_Modules/TALENTS/TALENTS_Arbites.lua:1112	localization_table	no	no	no	yes	KEEP		ED3-ARBITES-RECHECK-005	match	none
Main_Modules/TALENTS/TALENTS_Arbites.lua	75	localization_table	loc_talent_adamant_increased_damage_to_high_health_desc	E7B84C42EE756F856AE093C066150019E0BEBCFA7B2A9ED2BFC749DB4B17497C	6394EB989713352B48D021C1F97283E60D733E1BCAB4EFE2BFF390C52B675F5D	Main_Modules/TALENTS/TALENTS_Arbites.lua:1118	Main_Modules/TALENTS/TALENTS_Arbites.lua:1120	localization_table	no	yes	yes	yes	KEEP		ED3-ARBITES-RECHECK-005	match	resolved
Main_Modules/TALENTS/TALENTS_Arbites.lua	76	localization_table	loc_talent_adamant_ranged_damage_on_melee_stagger_desc	8E4C8E652978DF06FDB7F441E5CB4B43ED54173445E5761F536AF1DBCB17803D	C72F58AB5E63CDB1E5D837EC2376A60D688F7E2483BF83226A44B45A490CC3D0	Main_Modules/TALENTS/TALENTS_Arbites.lua:1123	Main_Modules/TALENTS/TALENTS_Arbites.lua:1127	localization_table	no	yes	yes	yes	CHANGE	GRAMMAR;DISPLAY_CLARITY	ED3-ARBITES-RECHECK-006	match	resolved
Main_Modules/TALENTS/TALENTS_Arbites.lua	77	localization_table	loc_talent_adamant_heavy_attacks_increase_damage_desc	5060C3E7FA94C5425FAEEADD12230C24F58B32CE882F64033CB48C3F8F81E6C3	E65CF648D4B58BE858DF650A7BCBDD8790686A1305126061C0BF7D7169BF540F	Main_Modules/TALENTS/TALENTS_Arbites.lua:1133	Main_Modules/TALENTS/TALENTS_Arbites.lua:1135	localization_table	no	yes	yes	yes	CHANGE	TERMINOLOGY;CONSISTENCY	ED3-ARBITES-RECHECK-006	match	resolved
Main_Modules/TALENTS/TALENTS_Arbites.lua	78	localization_table	loc_talent_adamant_dog_applies_brittleness_desc	47477C1C90749BCA01CB275E0DBF2522D71115D14850BB714946E635502C3516	AE5E33C230B9B513D4CBC4B87A1530ECF850F0FA3B474ECCC6084A660B800210	Main_Modules/TALENTS/TALENTS_Arbites.lua:1142	Main_Modules/TALENTS/TALENTS_Arbites.lua:1146	localization_table	no	yes	yes	yes	KEEP		ED3-ARBITES-RECHECK-006	match	resolved
Main_Modules/TALENTS/TALENTS_Arbites.lua	79	localization_table	loc_talent_adamant_crits_rend_alt_desc	5B9EB229E9D82ED4280E181E49E55E95A16CFB456755D46AD46BC846AAE294E3	E1AC53EF32FACDF6D108187B588A5A141C9B4A672FCD08BB1C7D897927DF5A2F	Main_Modules/TALENTS/TALENTS_Arbites.lua:1151	Main_Modules/TALENTS/TALENTS_Arbites.lua:1153	localization_table	no	yes	yes	yes	KEEP		ED3-ARBITES-RECHECK-006	match	resolved
Main_Modules/TALENTS/TALENTS_Arbites.lua	80	localization_table	loc_talent_adamant_movement_speed_on_block_alt_desc	4890859175ADB75B2CAC83471CF04428665072150CB13BABB48ACC4F22227AFC	00660F8D6C9B8DBA2E454C0AB96EF90B6EAB002CDCEEB2659025855747122DEE	Main_Modules/TALENTS/TALENTS_Arbites.lua:1156	Main_Modules/TALENTS/TALENTS_Arbites.lua:1160	localization_table	no	no	no	yes	CHANGE	GRAMMAR;DISPLAY_CLARITY	ED3-ARBITES-RECHECK-006	match	none
Main_Modules/TALENTS/TALENTS_Arbites.lua	81	localization_table	loc_talent_adamant_monster_hunter_desc	9F01E0A554EA0880FECAC38E2F83E3EA874A4BC10D69F57CA98F4F7D68E4AC0C	DFFD19E3A7DEFA7C10DEEEFD4ABFFED284A7D0E3C2B53FB469E2FC4822C9BD60	Main_Modules/TALENTS/TALENTS_Arbites.lua:1168	Main_Modules/TALENTS/TALENTS_Arbites.lua:1170	localization_table	no	yes	yes	yes	KEEP		ED3-ARBITES-RECHECK-006	match	resolved
Main_Modules/TALENTS/TALENTS_Arbites.lua	82	localization_table	loc_talent_adamant_melee_attacks_on_staggered_rend_alt_desc	C1210FB2551EE8ED95ABD443C23B867CE9EE799C362E717FB6A993309BA8ED33	695BA4F47789130E123AEB31CAF4E1FE0B37FA5D58027A73C2E7FAF9BD43368D	Main_Modules/TALENTS/TALENTS_Arbites.lua:1174	Main_Modules/TALENTS/TALENTS_Arbites.lua:1176	localization_table	no	yes	yes	yes	KEEP		ED3-ARBITES-RECHECK-006	match	resolved
Main_Modules/TALENTS/TALENTS_Arbites.lua	83	localization_table	loc_talent_adamant_limit_dmg_taken_from_hits_desc	FF6EBA07A16673DDCB0B528D7F230390926C9B4F9DD3A66FC5FBE51815C45527	288D82E8572DAB45675FC0737702F137B99CCDBFAE54CC738621004343F2D0B4	Main_Modules/TALENTS/TALENTS_Arbites.lua:1179	Main_Modules/TALENTS/TALENTS_Arbites.lua:1181	localization_table	no	yes	yes	yes	CHANGE	DISPLAY_CLARITY	ED3-ARBITES-RECHECK-006	match	resolved
Main_Modules/TALENTS/TALENTS_Scum.lua	1	localization_table	loc_talent_broker_blitz_flash_grenade_desc	EDD5EC2C5628BE33F393F5098ECF166D418F0298969F4B085ED7A6A03CD5561E	2872C1C5552BF49AFC089DEAAC09DFAE5380F14883C897C280EFB9EA2BE8BE10	Main_Modules/TALENTS/TALENTS_Scum.lua:26	Main_Modules/TALENTS/TALENTS_Scum.lua:42	localization_table	no	pending	yes	no				match	resolved
Main_Modules/TALENTS/TALENTS_Scum.lua	2	localization_table	loc_talent_broker_blitz_flash_grenade_improved_desc	5BA999F034C1975257E044B16C1415C8CDB2CA92B320C08979A2CCF05D83FDD8	67C645476EBE8E0BB66C20DCFDB7E2830852F379369A582D26812BCC8B8D2CE0	Main_Modules/TALENTS/TALENTS_Scum.lua:53	Main_Modules/TALENTS/TALENTS_Scum.lua:71	localization_table	no	pending	yes	no				match	resolved
Main_Modules/TALENTS/TALENTS_Scum.lua	3	localization_table	loc_talent_broker_blitz_missile_launcher_desc	6C818D8777743A3D6475B4FCE942B9CAF59D352B7A131E89BC31D3AA753D395E	CBB0EAEAF0FCC9F8FFB1ABE6F38CA9AC63CFEDC5FE091E3C76C6788E5EED8406	Main_Modules/TALENTS/TALENTS_Scum.lua:83	Main_Modules/TALENTS/TALENTS_Scum.lua:130	localization_table	no	pending	yes	no				match	resolved
Main_Modules/TALENTS/TALENTS_Scum.lua	4	localization_table	loc_talent_broker_blitz_tox_grenade_desc_02	F6138584973A86932723E568A794F3FEA64BB8ACAC286C9A6E73A763F5BFEBC8	6B5EB1E74C6BA13A9020BCCA8B7BE97B014B711B19A8890A248C3BBB39A07FAF	Main_Modules/TALENTS/TALENTS_Scum.lua:164	Main_Modules/TALENTS/TALENTS_Scum.lua:214	localization_table	no	pending	yes	no				match	resolved
Main_Modules/TALENTS/TALENTS_Scum.lua	5	localization_table	loc_talent_broker_aura_gunslinger_desc	F11E6D47D8E5BD6723B6D3979B7AE4B19883AD55BE42496D768365C3957C868D	A0D271B63130703C63FB18C15285E86F5B3AA454FF0739284F3547489C211152	Main_Modules/TALENTS/TALENTS_Scum.lua:243	Main_Modules/TALENTS/TALENTS_Scum.lua:249	localization_table	no	pending	yes	no				match	resolved
Main_Modules/TALENTS/TALENTS_Scum.lua	6	localization_table	loc_talent_broker_aura_gunslinger_improved_desc	4DDD4C6F41E5A8B8084884DA96E5B825DCED92C2DE03072F2BD814DBA132FABE	00E6C812220391B4103C12A39A30343F82C61103362B542C5A043B320ED62A54	Main_Modules/TALENTS/TALENTS_Scum.lua:255	Main_Modules/TALENTS/TALENTS_Scum.lua:263	localization_table	no	pending	yes	no				match	resolved
Main_Modules/TALENTS/TALENTS_Scum.lua	7	localization_table	loc_talent_broker_aura_ruffian_desc	69DA91BE8D8044DBAB8D3191804A70F2F6D9C9467E63B9AD2D0D69EB8E412D03	222599A667F3350B92E01B4A5C602875D2B4262AD72AA7CB408FF11F42E32ECC	Main_Modules/TALENTS/TALENTS_Scum.lua:270	Main_Modules/TALENTS/TALENTS_Scum.lua:276	localization_table	no	pending	yes	no				match	resolved
Main_Modules/TALENTS/TALENTS_Scum.lua	8	localization_table	loc_talent_broker_aura_anarchist_desc	18B3B4BF4144C46A034E0E935C8E9BECD9CBD35AC1F4ADAB06756506EBA8DF54	F205B7334A7EFFB052F8D64D87B82D5637F679DFB15AD24C61579E9F8BF1436A	Main_Modules/TALENTS/TALENTS_Scum.lua:282	Main_Modules/TALENTS/TALENTS_Scum.lua:288	localization_table	no	pending	yes	no				match	resolved
Main_Modules/TALENTS/TALENTS_Scum.lua	9	localization_table	loc_talent_broker_ability_focus_desc	12332E50886CBA995F7E2AF3044067EB1EF1DBCF7274925FBA409EA32C1F9FA0	737D46DAA3714E1C5254B619F94EBF5F734C4438F82D8693C76D96E8928645B0	Main_Modules/TALENTS/TALENTS_Scum.lua:295	Main_Modules/TALENTS/TALENTS_Scum.lua:315	localization_table	no	pending	yes	no				match	resolved
Main_Modules/TALENTS/TALENTS_Scum.lua	10	localization_table	loc_talent_broker_ability_focus_improved_desc	54968D675E938C47C26A0A470FB1F7346023898060E8EEAFD7892F355651305A	DB75A17E9B6A171B13ED3EB66AB09ECB375BD9D6897FE1735C79627672BDFFF5	Main_Modules/TALENTS/TALENTS_Scum.lua:328	Main_Modules/TALENTS/TALENTS_Scum.lua:366	localization_table	no	pending	yes	no				match	resolved
Main_Modules/TALENTS/TALENTS_Scum.lua	11	localization_table	loc_talent_broker_ability_focus_sub_2_desc	E3ADA03490D11DB930AFAB99796A505AF712B52CB9F012B0CD695B4AA52FB43B	381C0EC1E2A2B098CF86394D603AE7A48ACEF11699E7E6E6F38DBFCFAE0A6648	Main_Modules/TALENTS/TALENTS_Scum.lua:388	Main_Modules/TALENTS/TALENTS_Scum.lua:412	localization_table	no	pending	yes	no				match	resolved
Main_Modules/TALENTS/TALENTS_Scum.lua	12	localization_table	loc_talent_broker_ability_focus_sub_3_desc	08AEA79A0E1641FC6EC293996996D40A88813A14E2B62417B02679EB54834526	92914945A8FBE50F45276695F6885EDABCDFA1566CBBD7A0BB02305494A554F1	Main_Modules/TALENTS/TALENTS_Scum.lua:427	Main_Modules/TALENTS/TALENTS_Scum.lua:441	localization_table	no	pending	yes	no				match	resolved
Main_Modules/TALENTS/TALENTS_Scum.lua	13	localization_table	loc_talent_broker_ability_punk_rage_desc_3	2875A6051636EF92B6FA47F3B4D6B69EB5C8DFD8EA2F8EE2FD5980F8B463E47C	705A66E2C485561E60AFC418CFF916B193B3A7CA4D5A97C5CD01AAFA1D5CC9FA	Main_Modules/TALENTS/TALENTS_Scum.lua:451	Main_Modules/TALENTS/TALENTS_Scum.lua:489	localization_table	no	pending	yes	no				match	resolved
Main_Modules/TALENTS/TALENTS_Scum.lua	14	localization_table	loc_talent_broker_ability_punk_rage_sub_1_desc_02	CA23E2B1B3C8FE8555A779550E278CCB21977CBB0217D38894372FA48546E86D	85ACE568AF6BAC9F7305364745E1E6EC1EFA53DAE9FE150CC697E7F583766C43	Main_Modules/TALENTS/TALENTS_Scum.lua:511	Main_Modules/TALENTS/TALENTS_Scum.lua:519	localization_table	no	pending	yes	no				match	resolved
Main_Modules/TALENTS/TALENTS_Scum.lua	15	localization_table	loc_talent_broker_ability_punk_rage_sub_4_desc	D515E567E20A36F955C4CA7E5656940B8817D0DB39E1C9B146E9F511B7DCBA6C	7C661BDA82A7C1A73F6A488EB72EE21D0C126E9C9D77096E8EDBD81C4BB714AD	Main_Modules/TALENTS/TALENTS_Scum.lua:526	Main_Modules/TALENTS/TALENTS_Scum.lua:532	localization_table	no	pending	yes	no				match	resolved
Main_Modules/TALENTS/TALENTS_Scum.lua	16	localization_table	loc_talent_broker_ability_punk_rage_sub_3_desc_02	7EFB56DC1A5DA52A5FBFC3A1BEBFEAD8DDDC8A4FCE8E2D0D6F04994DD45EAD37	0C73DCB92A2E838CD2D679B8FC035CB15525616212D8250F5B480861F6409882	Main_Modules/TALENTS/TALENTS_Scum.lua:538	Main_Modules/TALENTS/TALENTS_Scum.lua:560	localization_table	no	pending	yes	no				match	resolved
Main_Modules/TALENTS/TALENTS_Scum.lua	17	localization_table	loc_talent_broker_ability_punk_rage_sub_2_desc	02C6A88E62FE1C6FA448426D1C506769952819B52A944118F28608E904CBA14E	6E32FC3FA9A32251AA026BC7F3A0C58DB0B0210C170A087FDE695404C2E017D6	Main_Modules/TALENTS/TALENTS_Scum.lua:574	Main_Modules/TALENTS/TALENTS_Scum.lua:588	localization_table	no	pending	yes	no				match	resolved
Main_Modules/TALENTS/TALENTS_Scum.lua	18	localization_table	loc_talent_broker_ability_stimm_field_desc_3	8ABA82119AA16F1AA97CBE64E5BD1A2EB53254FA8941C6BB4E5B49ABCD8DD95B	8D03D702C4417303876E65A6976E80C05EC68D640A04E2BAC94D120E61571FB8	Main_Modules/TALENTS/TALENTS_Scum.lua:598	Main_Modules/TALENTS/TALENTS_Scum.lua:622	localization_table	no	pending	yes	no				match	resolved
Main_Modules/TALENTS/TALENTS_Scum.lua	19	localization_table	loc_talent_broker_ability_stimm_field_sub_3_desc	1E19753E9E336DF8B21130D3D4A7882FE14BB8F8F211BF0DF0FC5974470304AB	336623CE579684F756DFE4D4B72B1C1119ADDF66E1585D07F0ECD33D526A9A00	Main_Modules/TALENTS/TALENTS_Scum.lua:637	Main_Modules/TALENTS/TALENTS_Scum.lua:653	localization_table	no	pending	yes	no				match	resolved
Main_Modules/TALENTS/TALENTS_Scum.lua	20	localization_table	loc_talent_broker_ability_stimm_field_sub_2_desc	B3DBE0F06E4847E0D426D34D5563519F2704EF05ADBEFD9C93869B8433403B2F	A5AFFC35C8F1FD3B8ED331121253B2AA4FAC8AF579394C6D43356AD4A479CBC0	Main_Modules/TALENTS/TALENTS_Scum.lua:664	Main_Modules/TALENTS/TALENTS_Scum.lua:674	localization_table	no	pending	yes	no				match	resolved
Main_Modules/TALENTS/TALENTS_Scum.lua	21	localization_table	loc_talent_broker_ability_stimm_field_sub_1_desc	43B384C85ED9AE1FC0E608C526967F0E3981068E74E7E22EFC65FD022B791F3E	3D629580FC9178AED012F62E51A5850881127AF5093607F69E4C63BE3467E596	Main_Modules/TALENTS/TALENTS_Scum.lua:682	Main_Modules/TALENTS/TALENTS_Scum.lua:688	localization_table	no	pending	yes	no				match	resolved
Main_Modules/TALENTS/TALENTS_Scum.lua	22	localization_table	loc_talent_broker_passive_longer_dodges_desc	5445455B14411A0265CB63D452B68568DC2F5680A7854770106795C553B94DFD	6B40D1FAE528B1F458AD5BB89B00EF5E93E92BE1DCFAC163244CF7AFA691D569	Main_Modules/TALENTS/TALENTS_Scum.lua:695	Main_Modules/TALENTS/TALENTS_Scum.lua:697	localization_table	no	pending	no	no				match	none
Main_Modules/TALENTS/TALENTS_Scum.lua	23	localization_table	loc_talent_broker_passive_improved_dodges_desc_02	3AF913AD53DAD232AFEAB21D96C1685B17DCA097ABE342FE0CD2B1D9F0892DAD	A26C1BCF1A5F582807B0CD2A6E044E577D07E4DC1D81FD366DD94444A927E03C	Main_Modules/TALENTS/TALENTS_Scum.lua:701	Main_Modules/TALENTS/TALENTS_Scum.lua:707	localization_table	no	pending	no	no				match	none
Main_Modules/TALENTS/TALENTS_Scum.lua	24	localization_table	loc_talent_broker_keystone_vultures_mark_on_kill_desc	C12E91D9189560C1921ED790E943E2DAD060A7C1B3B5A4F60265EBC3F978C906	1FEB2617F091DAB3E5831C9366CE68107C05916D4246BA15D5912DAA047BC192	Main_Modules/TALENTS/TALENTS_Scum.lua:713	Main_Modules/TALENTS/TALENTS_Scum.lua:739	localization_table	no	pending	yes	no				match	resolved
Main_Modules/TALENTS/TALENTS_Scum.lua	25	localization_table	loc_talent_broker_keystone_vultures_mark_aoe_stagger_desc	F49B0B2424342E0D2C5F4A87DA1547E98B47AD5E717DC1EC19284C11CE67C222	B15AF3370B9ED1D60CA42B71EAE3B95098F0CA8228557AE0770D1F0E76468771	Main_Modules/TALENTS/TALENTS_Scum.lua:755	Main_Modules/TALENTS/TALENTS_Scum.lua:761	localization_table	no	pending	yes	no				match	resolved
Main_Modules/TALENTS/TALENTS_Scum.lua	26	localization_table	loc_talent_broker_keystone_vultures_mark_dodge_on_ranged_crit_desc	834E33282CBE5263368757B99C96186ED6061FC890643B492E4E18759645DD29	90285C51B2F3D4186579ADFA2424E3374D1188A93E3DDDF5559723C384E9DB25	Main_Modules/TALENTS/TALENTS_Scum.lua:767	Main_Modules/TALENTS/TALENTS_Scum.lua:775	localization_table	no	pending	yes	no				match	resolved
Main_Modules/TALENTS/TALENTS_Scum.lua	27	localization_table	loc_talent_broker_keystone_vultures_mark_increased_duration_desc	76A403353A152E17331235A07566D1F1FCF9B58AC365B7DB170135998A39D2B5	E0A5113BE781D895D4D7E82C2789446ADE6A78ED0C8136BA02D70A62A1353FC3	Main_Modules/TALENTS/TALENTS_Scum.lua:782	Main_Modules/TALENTS/TALENTS_Scum.lua:784	localization_table	no	pending	yes	no				match	resolved
Main_Modules/TALENTS/TALENTS_Scum.lua	28	localization_table	loc_talent_broker_keystone_adrenaline_junkie_desc	A3753B29A2EB86985BA7FBAB0E96641F53A1EE19ADD583E08E056C3138F025AB	66E20CCEB6A71C9F33093F2707F7571F779CA8179E21C766308D1706633AB274	Main_Modules/TALENTS/TALENTS_Scum.lua:788	Main_Modules/TALENTS/TALENTS_Scum.lua:817	localization_table	no	pending	yes	no				match	resolved
Main_Modules/TALENTS/TALENTS_Scum.lua	29	localization_table	loc_talent_broker_keystone_adrenaline_junkie_sub_1_desc	54362603C5991029BFBE6FBD751830B434258FE93AED4B1F684922D07062EDEC	3409AB33FA419A6681BCC0F900187B70BCA7E304DFA53BB84540698E2FCB2D34	Main_Modules/TALENTS/TALENTS_Scum.lua:834	Main_Modules/TALENTS/TALENTS_Scum.lua:846	localization_table	no	pending	yes	no				match	resolved
Main_Modules/TALENTS/TALENTS_Scum.lua	30	localization_table	loc_talent_broker_keystone_adrenaline_junkie_sub_2_desc	7D03C17992D84D34EBED29EAD5D54E7462E778E502383637A895B1CBC8F4E935	2F5D26F84471397BE2BE8D929C77DED68361A074E4F537643DFC8BA7DF691B75	Main_Modules/TALENTS/TALENTS_Scum.lua:855	Main_Modules/TALENTS/TALENTS_Scum.lua:876	localization_table	no	pending	yes	no				match	resolved
Main_Modules/TALENTS/TALENTS_Scum.lua	31	localization_table	loc_talent_broker_keystone_adrenaline_junkie_sub_3_desc	05FDB877386C5010E8BA4E6D2FEEBCF071C132FD4E3280B0EB01594BA226CC97	C605E059094981010F0AA3F5D38A90908940755724D32FA918789FCB216854BC	Main_Modules/TALENTS/TALENTS_Scum.lua:890	Main_Modules/TALENTS/TALENTS_Scum.lua:892	localization_table	no	pending	yes	no				match	resolved
Main_Modules/TALENTS/TALENTS_Scum.lua	32	localization_table	loc_talent_broker_keystone_adrenaline_junkie_sub_5_desc	46A1E4F12EF521D6C82CAE8426EB5CC0A9DC2898C0D575FD94F36003E47CE672	1906B292FA387DB01874B7E2532A3D2BD3D9737E989B18CA9D8F9835F7C3C58F	Main_Modules/TALENTS/TALENTS_Scum.lua:896	Main_Modules/TALENTS/TALENTS_Scum.lua:900	localization_table	no	pending	yes	no				match	resolved
Main_Modules/TALENTS/TALENTS_Scum.lua	33	localization_table	loc_talent_broker_keystone_adrenaline_junkie_sub_4_desc	6F03C787FA32CDD218C6994AE932A9193ABFD45DA8DF9F5B31CCB821420E7A8C	13ADAD2B39CED3BA005326B2E08DDCA93F610C651423DF733444773DF8D60DA9	Main_Modules/TALENTS/TALENTS_Scum.lua:905	Main_Modules/TALENTS/TALENTS_Scum.lua:907	localization_table	no	pending	yes	no				match	resolved
Main_Modules/TALENTS/TALENTS_Scum.lua	34	localization_table	loc_talent_broker_keystone_chemical_dependency_desc	854F5283FE3170FB904D3DEACDE0FB6E00B2CA36FBD96EA6E6FE921DB2CA0587	D24820920A6BE523BBF1A6ED44733F4E1DD490C9AE062CFB16E6D37981158147	Main_Modules/TALENTS/TALENTS_Scum.lua:911	Main_Modules/TALENTS/TALENTS_Scum.lua:925	localization_table	no	pending	yes	no				match	resolved
Main_Modules/TALENTS/TALENTS_Scum.lua	35	localization_table	loc_talent_broker_keystone_chemical_dependency_sub_1_desc	46EF517EED37DB106DF5EAA4BD89E919467F6B1802C41A18DA04DB9B6E1D6B0D	A8A4C094FA1CBA9D2129C5163FC39DA1068AD25F050E3F712A732E59BF0DC602	Main_Modules/TALENTS/TALENTS_Scum.lua:935	Main_Modules/TALENTS/TALENTS_Scum.lua:937	localization_table	no	pending	yes	no				match	resolved
Main_Modules/TALENTS/TALENTS_Scum.lua	36	localization_table	loc_talent_broker_keystone_chemical_dependency_sub_2_desc	BFCD4E05B4BF83244B5C1F1CA86D72A4C91FAD0AADCE4ACDB10EBECB216C0352	CAF851E245319E7D803AA7A59A7CE1A6FEDEBB3780DA8D307C1FF3267EE567DC	Main_Modules/TALENTS/TALENTS_Scum.lua:941	Main_Modules/TALENTS/TALENTS_Scum.lua:949	localization_table	yes	pending	yes	no				match	resolved
Main_Modules/TALENTS/TALENTS_Scum.lua	37	localization_table	loc_talent_broker_keystone_chemical_dependency_sub_3_desc	1BA161B807EC2AA7EFA8BA031CE3BD6029D440A49E6487C0E17DC74CEB99C3B5	0A9280E94111E65E2B54E2144FD86B9C68B0C25E0CEB63CB63DC0C4C2E160A6A	Main_Modules/TALENTS/TALENTS_Scum.lua:956	Main_Modules/TALENTS/TALENTS_Scum.lua:962	localization_table	no	pending	yes	no				match	resolved
Main_Modules/TALENTS/TALENTS_Scum.lua	38	localization_table	loc_talent_broker_passive_restore_toughness_on_close_ranged_kill_desc	5179DA15EE290E44B3D8A9FBFDED847CBC37FD37D8926547B37E1461FD27AED5	209C6D56303497E18000F3A7FB059794A371C7973B08FCE8CCD0F13BAAFDAA19	Main_Modules/TALENTS/TALENTS_Scum.lua:969	Main_Modules/TALENTS/TALENTS_Scum.lua:983	localization_table	no	pending	yes	no				match	resolved
Main_Modules/TALENTS/TALENTS_Scum.lua	39	localization_table	loc_talent_broker_passive_close_range_damage_on_dodge_desc	62650FAFF5D76BE55B06EDB8BE08B32F02D6574667CF88EDC799A5D1C86F8B3B	4B5ACC98CD98E2BC845BBC278B2AE82D4F083D38BBA35A0190E0D229B21790E3	Main_Modules/TALENTS/TALENTS_Scum.lua:993	Main_Modules/TALENTS/TALENTS_Scum.lua:1019	localization_table	no	pending	yes	no				match	resolved
Main_Modules/TALENTS/TALENTS_Scum.lua	40	localization_table	loc_talent_broker_passive_restore_toughness_on_weakspot_kill_desc	130A718F259048324E759C124DEC190132BB75252478F7250A849ACE3D4CB719	BC5F81798EC1F4FB2315ACA83569F045A731044EC5E0D36F5A57FDE6AC677ABA	Main_Modules/TALENTS/TALENTS_Scum.lua:1034	Main_Modules/TALENTS/TALENTS_Scum.lua:1054	localization_table	no	pending	yes	no				match	resolved
Main_Modules/TALENTS/TALENTS_Scum.lua	41	localization_table	loc_talent_broker_passive_close_ranged_damage_desc	B3D895640D9D7A3E8CF69D31036B3B623C448CFD97339A76E01DA41A66AD3667	B8CA5323EF38D570EA6E2F5064DB9184EEC8F5A276A2739BD871D3B70E18C8C4	Main_Modules/TALENTS/TALENTS_Scum.lua:1070	Main_Modules/TALENTS/TALENTS_Scum.lua:1076	localization_table	no	pending	yes	no				match	resolved
Main_Modules/TALENTS/TALENTS_Scum.lua	42	localization_table	loc_talent_broker_passive_reduced_toughness_damage_during_reload_desc	9F3CA73D814986ECD4E4B8E1A21045089431DD9E2F370014C719FD3C685AEF65	A10F10C2449E6CCE0B3571F5CB7047D9809561FDA0EAD350EF6F4868152F56E3	Main_Modules/TALENTS/TALENTS_Scum.lua:1083	Main_Modules/TALENTS/TALENTS_Scum.lua:1087	localization_table	yes	pending	yes	no				match	resolved
Main_Modules/TALENTS/TALENTS_Scum.lua	43	localization_table	loc_talent_broker_passive_stun_immunity_on_toughness_broken_desc	FD25F10DE3C7D3F39A0FDEFAF6EE3110280025DA78AF14ADE11606B4184E9823	5DAE53AE91792D8543D739977FEE36FAD78A6D560D43A5F3582B3055C67C402C	Main_Modules/TALENTS/TALENTS_Scum.lua:1093	Main_Modules/TALENTS/TALENTS_Scum.lua:1103	localization_table	no	pending	yes	no				match	resolved
Main_Modules/TALENTS/TALENTS_Scum.lua	44	localization_table	loc_talent_broker_passive_reduce_swap_time_desc	CBA5AA6123C6F7AEC2D323B50A2FF43C5ABF12969E7B5718F44534552D092BB7	68C26200546688BD16C6D72314585355FF15F605D08C146F913E72F7CF7227B6	Main_Modules/TALENTS/TALENTS_Scum.lua:1111	Main_Modules/TALENTS/TALENTS_Scum.lua:1129	localization_table	no	pending	no	no				match	none
Main_Modules/TALENTS/TALENTS_Scum.lua	45	localization_table	loc_talent_broker_passive_first_target_damage_desc	3B40AEBCA633B0F6FA36D0CE5FFFAFDCBABC022899754A8F2F635056DF16CC4C	21E5CA8D65CB143836835C34C67FDF695946AA980285CF04636EE355707E1F7D	Main_Modules/TALENTS/TALENTS_Scum.lua:1143	Main_Modules/TALENTS/TALENTS_Scum.lua:1145	localization_table	no	pending	yes	no				match	resolved
Main_Modules/TALENTS/TALENTS_Scum.lua	46	localization_table	loc_talent_broker_passive_reload_speed_on_close_kill_desc	7CB5A5D76A8FDF43CE20928A97E9CEECA140074A8DE0E41DBA60A678B964819B	34303EC7AFD6714C477547ED7FB24625F756CFA66CCEC7B6317C8E76287B10D5	Main_Modules/TALENTS/TALENTS_Scum.lua:1150	Main_Modules/TALENTS/TALENTS_Scum.lua:1158	localization_table	no	pending	yes	no				match	resolved
Main_Modules/TALENTS/TALENTS_Scum.lua	47	localization_table	loc_talent_broker_passive_ninja_grants_crit_chance_desc	9097C295E9F0F46B3162A9EAFDC3D4A6678DB1184B0B6F95798D83CA474D3A59	0706354390121E48177F27F0366543B9E7078DD0C0D64D1192CD70E3143F27F5	Main_Modules/TALENTS/TALENTS_Scum.lua:1165	Main_Modules/TALENTS/TALENTS_Scum.lua:1185	localization_table	no	pending	yes	no				match	resolved
Main_Modules/TALENTS/TALENTS_Scum.lua	48	localization_table	loc_talent_broker_passive_stamina_on_successful_dodge_desc	80F2105EFDA63BBF379D491AB2286579BDAD2B480A70CD40793F0BAEFBACE899	54D9B4379A49189B7CDEE429B31492AD729F50BD5B806B95C2D88F37E8D4066B	Main_Modules/TALENTS/TALENTS_Scum.lua:1200	Main_Modules/TALENTS/TALENTS_Scum.lua:1210	localization_table	no	pending	yes	no				match	resolved
Main_Modules/TALENTS/TALENTS_Scum.lua	49	localization_table	loc_talent_broker_passive_replenish_toughness_on_ranged_toughness_damage_desc	4C4AFC17731BA59C5DAA2E3D7580F88047E2803CC16AFC9A8DE42F31DFF42548	BA1364B979BE58220D5F51955B1DD096EB59C613B264C8851CC1A55F94AC4CE6	Main_Modules/TALENTS/TALENTS_Scum.lua:1220	Main_Modules/TALENTS/TALENTS_Scum.lua:1232	localization_table	no	pending	yes	no				match	resolved
Main_Modules/TALENTS/TALENTS_Scum.lua	50	localization_table	loc_talent_broker_passive_ramping_backstabs_desc	24D8D52A2C12826DE5AB2A5419C9E71C859B9790A6A454D50D10240833755C0B	3BE724F2093EA083152F677B867B1728FFB87A52FD51E0035341F90EAD889F69	Main_Modules/TALENTS/TALENTS_Scum.lua:1248	Main_Modules/TALENTS/TALENTS_Scum.lua:1262	localization_table	no	pending	yes	no				match	resolved
Main_Modules/TALENTS/TALENTS_Scum.lua	51	localization_table	loc_talent_broker_passive_stimm_cd_on_kill_desc	7D0FBA514045E401DC7CB2B3E93FB7F0C3B67AD9C99CAC56BB598423E2AC3F22	B0FE23944D9FB3128545F19E79B07A44016654C86DDA021A95E4E784C812AFD8	Main_Modules/TALENTS/TALENTS_Scum.lua:1272	Main_Modules/TALENTS/TALENTS_Scum.lua:1290	localization_table	no	pending	yes	no				match	resolved
Main_Modules/TALENTS/TALENTS_Scum.lua	52	localization_table	loc_talent_broker_passive_improved_dodges_at_full_stamina_desc	A29F2540D8959C3BDA48D10615F8EA1AD570E82B3CA0A9BF0F8B73EBF08EDDF1	F3438B07D9BC9170A8AA1CC5C2E9AAB76AAD6494C2937240DEE7587B558A30A1	Main_Modules/TALENTS/TALENTS_Scum.lua:1301	Main_Modules/TALENTS/TALENTS_Scum.lua:1311	localization_table	no	pending	yes	no				match	resolved
Main_Modules/TALENTS/TALENTS_Scum.lua	53	localization_table	loc_talent_broker_passive_stimm_increased_duration_desc	E05D5C29A022E1EE4893529BD7358E133CA36F5428D59637529CC34989DEF296	D748A2BCC90ADF762C41DB8EDCC98BEFF11C59D1CBE7EEDA3F3E346A6B6D825A	Main_Modules/TALENTS/TALENTS_Scum.lua:1319	Main_Modules/TALENTS/TALENTS_Scum.lua:1329	localization_table	no	pending	yes	no				match	resolved
Main_Modules/TALENTS/TALENTS_Scum.lua	54	localization_table	loc_talent_broker_passive_stimm_cleanse_on_kill_desc	F8ED13848F0DB7B2870AD093A4F46ED7BEF17613201D600698B1BF665B4B1C43	5D8B91C451091B3D99C50049C8B8A6DD3E5074481D62BB8B99D88A67F2E8ACAE	Main_Modules/TALENTS/TALENTS_Scum.lua:1343	Main_Modules/TALENTS/TALENTS_Scum.lua:1355	localization_table	no	pending	yes	no				match	resolved
Main_Modules/TALENTS/TALENTS_Scum.lua	55	localization_table	loc_talent_broker_passive_stamina_grants_atk_speed_desc	6E5C00AB48D0A918777503D4BFD431584E0F1E49040D7A8D4725DBFF2F99C4A0	C79B5AEFB73AFB85A41C87E9E4A00A12D4F62B4B19784CDC89271DF9056C3041	Main_Modules/TALENTS/TALENTS_Scum.lua:1365	Main_Modules/TALENTS/TALENTS_Scum.lua:1367	localization_table	no	pending	yes	no				match	resolved
Main_Modules/TALENTS/TALENTS_Scum.lua	56	localization_table	loc_talent_broker_passive_damage_vs_elites_monsters_desc	402844680D77BF72433C9A16067F7A5B6BB9C3573C7DEF72424D9CC07608FEA8	6A8F112A33AE9DFAF1DD365A3803C69C847FB9F4892332F7A6780A3F65835DA0	Main_Modules/TALENTS/TALENTS_Scum.lua:1372	Main_Modules/TALENTS/TALENTS_Scum.lua:1378	localization_table	no	pending	yes	no				match	resolved
Main_Modules/TALENTS/TALENTS_Scum.lua	57	localization_table	loc_talent_broker_passive_dr_damage_tradeoff_on_stamina_desc	BEC850AAE559BB90EE9EE25361E4FB77D5C718F8D291603EC40C93EA2E2C5D62	287CA1EB8E5849417346C8A5A18F129D1B6B602CD496FAFA704D50834C52013C	Main_Modules/TALENTS/TALENTS_Scum.lua:1387	Main_Modules/TALENTS/TALENTS_Scum.lua:1393	localization_table	no	pending	yes	no				match	resolved
Main_Modules/TALENTS/TALENTS_Scum.lua	58	localization_table	loc_talent_broker_passive_damage_vs_heavy_staggered_desc_02	6980AB7221EE7010887140E51ACF6B5BA2B2BEAFFEF7EE3C664078B92CF203FE	62EA6582B80DE4A2A71520D8FDCF2AAE6D174FD474C86DD16D19B5D2816C05BC	Main_Modules/TALENTS/TALENTS_Scum.lua:1401	Main_Modules/TALENTS/TALENTS_Scum.lua:1411	localization_table	no	pending	yes	no				match	resolved
Main_Modules/TALENTS/TALENTS_Scum.lua	59	localization_table	loc_talent_broker_passive_melee_cleave_on_melee_kill_desc	E67B9DE10D22DE4588BDD465A7F4558BF02FBB84CABDF3D13267D8F05ADD7EF3	A9C9C735535D0023A69BDD7A1B7F40F1EDA07C918E67C2D81EB8BD13802CE355	Main_Modules/TALENTS/TALENTS_Scum.lua:1420	Main_Modules/TALENTS/TALENTS_Scum.lua:1434	localization_table	no	pending	yes	no				match	resolved
Main_Modules/TALENTS/TALENTS_Scum.lua	60	localization_table	loc_talent_broker_passive_melee_attacks_apply_toxin_desc	8EB5307808FE314C50A2633C7386E82B2C7943101CB475A189772EAEEDC3C2C7	CCEFC377F1047B8DE6C5D9B301F669373768B746CB75670A6F6345067C19463E	Main_Modules/TALENTS/TALENTS_Scum.lua:1444	Main_Modules/TALENTS/TALENTS_Scum.lua:1450	localization_table	no	pending	yes	no				match	resolved
Main_Modules/TALENTS/TALENTS_Scum.lua	61	localization_table	loc_talent_broker_passive_extended_mag_desc	8DC2E1462E7498320D1929A880B8E3C56878D7EA3F309D0141328DDCC407EA8B	B46391003D2886965022C87DFC182E576E7C7A09227A4F218432DDE259AED383	Main_Modules/TALENTS/TALENTS_Scum.lua:1457	Main_Modules/TALENTS/TALENTS_Scum.lua:1461	localization_table	no	pending	no	no				match	none
Main_Modules/TALENTS/TALENTS_Scum.lua	62	localization_table	loc_talent_broker_passive_low_ammo_regen_desc_04	106108D99F737B3B7224147493DCB330409E15EE776D5D8EFBF6E57D06171C52	8948B1D50532AFBAB5FB70334669DAF1763E33AEE8708E1B055F396B17936397	Main_Modules/TALENTS/TALENTS_Scum.lua:1466	Main_Modules/TALENTS/TALENTS_Scum.lua:1470	localization_table	no	pending	no	no				match	none
Main_Modules/TALENTS/TALENTS_Scum.lua	63	localization_table	loc_talent_broker_passive_melee_crit_instakill_desc	92157A6152D347FC0EBDD4219D36E0D351198D99118B634FC907CACC0F7B5B87	B56773338003346388A160AF902501B055055624360C97898BA60526BAB4023A	Main_Modules/TALENTS/TALENTS_Scum.lua:1476	Main_Modules/TALENTS/TALENTS_Scum.lua:1486	localization_table	no	pending	yes	no				match	resolved
Main_Modules/TALENTS/TALENTS_Scum.lua	64	localization_table	loc_talent_broker_passive_increased_weakspot_damage_desc	7B3F110CBA069CBE6C94114204EB6D9BA66ED9E2F7E4324D1146FF444953B3CE	996B6244EF99C6983860183E9BCA9EBF3705E563B21D4299F0343D10E4B393AA	Main_Modules/TALENTS/TALENTS_Scum.lua:1498	Main_Modules/TALENTS/TALENTS_Scum.lua:1500	localization_table	no	pending	yes	no				match	resolved
Main_Modules/TALENTS/TALENTS_Scum.lua	65	localization_table	loc_talent_broker_passive_damage_on_reload_desc	DC7ED93B788B32CD640968E1C39FE1B4A8F5E29820A8A5C33AF8AA51916E477D	DBCF2CD4F54357331A7EB169317FD46D3240F2C50D180F38118E922DEF1EB7DB	Main_Modules/TALENTS/TALENTS_Scum.lua:1504	Main_Modules/TALENTS/TALENTS_Scum.lua:1520	localization_table	no	pending	yes	no				match	resolved
Main_Modules/TALENTS/TALENTS_Scum.lua	66	localization_table	loc_talent_broker_passive_melee_damage_carry_over_desc	045E383503E9E7EED3358FE527162C736D7F57EAA6459513B02BDAAFDDD36174	9FDA9499696BB34521BAC5ED4B7A19E29C272095C7E447204A18CEE0F1FEAA60	Main_Modules/TALENTS/TALENTS_Scum.lua:1533	Main_Modules/TALENTS/TALENTS_Scum.lua:1549	localization_table	no	pending	yes	no				match	resolved
Main_Modules/TALENTS/TALENTS_Scum.lua	67	localization_table	loc_talent_broker_passive_knockback_on_taking_melee_damage_desc_02	0F81C5A43349E8A5EDDA2652B18A91981E1A9D6C063AB67BE5A283A7E1DD146C	2D447156180ED9D562C82784E73D171A2B155BDDB2AE988C563F406A1A846A88	Main_Modules/TALENTS/TALENTS_Scum.lua:1562	Main_Modules/TALENTS/TALENTS_Scum.lua:1570	localization_table	no	pending	yes	no				match	resolved
Main_Modules/TALENTS/TALENTS_Scum.lua	68	localization_table	loc_talent_broker_passive_cleave_on_cleave_desc	04B428EFDCDFCB5670C1984825B70189F13312821CA3C1E4D7174EFC1A3499E2	9AFAD73CD0D9DCBBD29ABE4704445AD4E92078B7FC3293AD8848EC2E756B463A	Main_Modules/TALENTS/TALENTS_Scum.lua:1579	Main_Modules/TALENTS/TALENTS_Scum.lua:1583	localization_table	no	pending	yes	no				match	resolved
Main_Modules/TALENTS/TALENTS_Scum.lua	69	localization_table	loc_talent_broker_passive_increased_blitz_ammo_desc	D03C28B7F1D49CB91E33C48FAEC4B43CCB7BF5CD3B299047A13D5D77D1CB1A09	C3B1B5FB9EF21787AF30DE2E3FCAA9980DAE25212CE0EB43F265B8CFC413723C	Main_Modules/TALENTS/TALENTS_Scum.lua:1589	Main_Modules/TALENTS/TALENTS_Scum.lua:1591	localization_table	no	pending	no	no				match	none
Main_Modules/TALENTS/TALENTS_Scum.lua	70	localization_table	loc_talent_broker_passive_blitz_inflicts_toxin_desc_02	C5CE4ACCB54EFC5C255FCC0E3C51255974585C5FA6EC50070DEE6163B4A0C788	83FD7124E7FEC97B4C4F04DBA9261164C8DC6A10DAF2319BDF7BF0A3BE247D8B	Main_Modules/TALENTS/TALENTS_Scum.lua:1595	Main_Modules/TALENTS/TALENTS_Scum.lua:1603	localization_table	no	pending	yes	no				match	resolved
Main_Modules/TALENTS/TALENTS_Scum.lua	71	localization_table	loc_talent_broker_passive_toxin_spread_on_kills_desc_02	74F96D6005EA9940C7D1E9F572F2176E1C7A53C9FE651991323A73442F7F310D	623BC15D6F1DA78A5201E56E08211455D2315F231DC5CD2F9B2274B0490C5394	Main_Modules/TALENTS/TALENTS_Scum.lua:1611	Main_Modules/TALENTS/TALENTS_Scum.lua:1613	localization_table	no	pending	yes	no				match	resolved
Main_Modules/TALENTS/TALENTS_Scum.lua	72	localization_table	loc_talent_broker_passive_replenish_toughness_while_toxined_enemies_in_proximity_desc	BB2B125B8DFAE38C63247D7D34089603CB86F56597A871E543DDF9546F1FA667	8DD5FFBF1BC2D44D732579F655EA3CFB49D4F5EBC60ED86D3DE8B6DADB5F1315	Main_Modules/TALENTS/TALENTS_Scum.lua:1619	Main_Modules/TALENTS/TALENTS_Scum.lua:1627	localization_table	no	pending	yes	no				match	resolved
Main_Modules/TALENTS/TALENTS_Scum.lua	73	localization_table	loc_talent_broker_damage_after_toxined_enemies_desc	CF74C79B59D0C4480EC2A0B1FEDC6FD8FF9D7EDE97D703C28BF202E4A5A0C8E6	896963750674D8439F7B09A3C34329EBE38FE3B1C1EF372C3C9E693F86AD020D	Main_Modules/TALENTS/TALENTS_Scum.lua:1635	Main_Modules/TALENTS/TALENTS_Scum.lua:1643	localization_table	no	pending	yes	no				match	resolved
Main_Modules/TALENTS/TALENTS_Scum.lua	74	localization_table	loc_talent_broker_passive_increased_ranged_dodges_desc	7B1219C4B7C5112238B954285A9EAF706A9C13C103CA53305A97A5939FC2E86C	53B8265F36FCB0DAFAFA1AC58CFB19B951FF1DDDDE5CC553302FDD1319826108	Main_Modules/TALENTS/TALENTS_Scum.lua:1651	Main_Modules/TALENTS/TALENTS_Scum.lua:1655	localization_table	no	pending	no	no				match	none
Main_Modules/TALENTS/TALENTS_Scum.lua	75	localization_table	loc_talent_broker_passive_crit_grants_damage_desc	ECEEB5178A7C6558C29106E6040A431BF27C431472CAE7DAFF53522E0F4FB1C6	E72D982254473E48DC3E2FDFE41B47700D6437787855E97FEB84029A545658DE	Main_Modules/TALENTS/TALENTS_Scum.lua:1660	Main_Modules/TALENTS/TALENTS_Scum.lua:1666	localization_table	no	pending	yes	no				match	resolved
Main_Modules/TALENTS/TALENTS_Scum.lua	76	localization_table	loc_talent_broker_passive_toxin_infected_enemies_take_increased_damage_desc	EFABE0CB861AB5755438D563EF0ECF128EEDF81CEB5E10258DF2ACB885C9DDE6	C08FDB2AAA171AA5077DE547D7C691AE792D4B3DF3F93B0A39356D9983B102D6	Main_Modules/TALENTS/TALENTS_Scum.lua:1673	Main_Modules/TALENTS/TALENTS_Scum.lua:1677	localization_table	no	pending	yes	no				match	resolved
Main_Modules/TALENTS/TALENTS_Scum.lua	77	localization_table	loc_talent_broker_passive_reduced_damage_by_toxined_desc	F32125CE31BDDFDF177CE1D8CCB79CC51DBAB34D3C7B368473794413A85B242F	581414CE5E86EA413A239A9487B5C634286D6C23B9A8AC3773EB08A1609ED607	Main_Modules/TALENTS/TALENTS_Scum.lua:1683	Main_Modules/TALENTS/TALENTS_Scum.lua:1693	localization_table	no	pending	yes	no				match	resolved
Main_Modules/TALENTS/TALENTS_Scum.lua	78	localization_table	loc_talent_buff_toughness_on_stimm	34CFFF44146A32A755250A7D959D526D294D2CC7725EB30E8728F76D4D122FA0	03BEADF0C6F9527F5A8B5AB1B17583BAF2BEC8AB5934D373ED5995123723416A	Main_Modules/TALENTS/TALENTS_Scum.lua:1704	Main_Modules/TALENTS/TALENTS_Scum.lua:1708	localization_table	no	pending	yes	no				match	resolved
Main_Modules/TALENTS/TALENTS_Scum.lua	79	localization_table	loc_talent_stat_toughness_replenish_modifier	0A62D6EE5A3C94CF738F2064EEDDF986EDD639490D12E0F333019343ED2F7082	4AD545F4D630AD0412C86FC0ECC7E0E63A2FC5F20DFAD9A9E6EADCE4DC59203C	Main_Modules/TALENTS/TALENTS_Scum.lua:1712	Main_Modules/TALENTS/TALENTS_Scum.lua:1716	localization_table	no	pending	yes	no				match	resolved
Main_Modules/TALENTS/TALENTS_Scum.lua	80	localization_table	loc_talent_stat_damage_taken_multiplier	EC6589AA508567AF852D28B825AA100B0533A66BBAE6C6FC018D33EE5527C608	10C4C2B742D5E81140459A92D1E58A1B1A51FFABAA96845D121A024B03CC4F41	Main_Modules/TALENTS/TALENTS_Scum.lua:1720	Main_Modules/TALENTS/TALENTS_Scum.lua:1722	localization_table	no	pending	yes	no				match	resolved
Main_Modules/TALENTS/TALENTS_Scum.lua	81	localization_table	loc_talent_buff_toughness_during_stimm	4BF425D44355C283CBD6886B94D75811E4BC6101E274EFAF9F5D63AC85509890	92B1B88F278B3E112664940153D821A073982CA4427A10CD642EB9C33E982530	Main_Modules/TALENTS/TALENTS_Scum.lua:1725	Main_Modules/TALENTS/TALENTS_Scum.lua:1729	localization_table	no	pending	yes	no				match	resolved
Main_Modules/TALENTS/TALENTS_Scum.lua	82	localization_table	loc_talent_stat_power_level	17B7B915DBB46FFE28959DF864B31D7297E33126D965EBC89C274F7C4E9ACC31	FAFD9F8537014944644AD864D1E86D05135131D6470F72F7864D682707BEDE69	Main_Modules/TALENTS/TALENTS_Scum.lua:1734	Main_Modules/TALENTS/TALENTS_Scum.lua:1740	localization_table	no	pending	yes	no				match	resolved
Main_Modules/TALENTS/TALENTS_Scum.lua	83	localization_table	loc_talent_stat_finesse_modifier_bonus	C4EE30C3A9491E6D52FD243F775DEF5DED082AFE0A9A7E2D3CEDD11BE5BF669F	7EC37C4FCA0EB2608B7BB0C4A6983C8F4C35513CABA60B0C2F4223D43026890E	Main_Modules/TALENTS/TALENTS_Scum.lua:1745	Main_Modules/TALENTS/TALENTS_Scum.lua:1749	localization_table	no	pending	yes	no				match	resolved
Main_Modules/TALENTS/TALENTS_Scum.lua	84	localization_table	loc_talent_stat_rending_multiplier	CC025B9A86153BF808CC9CD0CDBCCD86EA68C97DA7B64C2989B45F7FFB36A3F5	3DFBE9FE83F1F30D90E9BDEFAEC20942D0FCECF2F5198414F209FB4A207FCCBA	Main_Modules/TALENTS/TALENTS_Scum.lua:1753	Main_Modules/TALENTS/TALENTS_Scum.lua:1757	localization_table	no	pending	yes	no				match	resolved
Main_Modules/TALENTS/TALENTS_Scum.lua	85	localization_table	loc_talent_stat_critical_strike_chance	E86EA03E1B0B8966A7B89D26BABD863F60B7647321969E4C1A34A0E0A98C02DB	8FC54BE64BB0B1C003CD98897784E8DD28DA28219B90F2C1D22B060AC04600C3	Main_Modules/TALENTS/TALENTS_Scum.lua:1761	Main_Modules/TALENTS/TALENTS_Scum.lua:1763	localization_table	no	pending	yes	no				match	resolved
Main_Modules/TALENTS/TALENTS_Scum.lua	86	localization_table	loc_talent_stat_attack_speed	C6566C8FC092F9AAAA6F516D96A0E6305DAD68725D75694B08A36E699D774219	47432ADCB829CA2078A71B77B6C15BD6B1CB196E444619E82879EC5797A059B6	Main_Modules/TALENTS/TALENTS_Scum.lua:1767	Main_Modules/TALENTS/TALENTS_Scum.lua:1771	localization_table	no	pending	no	no				match	none
Main_Modules/TALENTS/TALENTS_Scum.lua	87	localization_table	loc_talent_stat_wield_speed	47BA6567454A116B3931BA9DBD4458C68F7E08D1DF97401CB3D82B61F4093551	9EC9DCEE7AE1E2C37413AD2ED3F7DF3ED5C8582124D15B39CAD246085DAFFA4B	Main_Modules/TALENTS/TALENTS_Scum.lua:1775	Main_Modules/TALENTS/TALENTS_Scum.lua:1781	localization_table	no	pending	no	no				match	none
Main_Modules/TALENTS/TALENTS_Scum.lua	88	localization_table	loc_talent_stat_stamina_cost_multiplier	813EF18464206BA9318725D26ECF84990BF86F3CF4642C7F483BC76A4A493A6F	43CC025F0AF14C5E192ED417483CC4DF8E5DBAEEA357E7E5F226FF46FABB2460	Main_Modules/TALENTS/TALENTS_Scum.lua:1786	Main_Modules/TALENTS/TALENTS_Scum.lua:1790	localization_table	no	pending	yes	no				match	resolved
Main_Modules/TALENTS/TALENTS_Scum.lua	89	localization_table	loc_talent_keyword_stun_immune	E7E365D78D4B8A4EC50F73D3F8B93C8EF186387748A16404AB89E7124E9BD5E0	EE499E014952AB18EC77D0B75C9AFA5F62F86D6B56B773514C46182216A1295E	Main_Modules/TALENTS/TALENTS_Scum.lua:1794	Main_Modules/TALENTS/TALENTS_Scum.lua:1798	localization_table	no	pending	yes	no				match	resolved
Main_Modules/TALENTS/TALENTS_Scum.lua	90	localization_table	loc_talent_keyword_slowdown_immune	AED465FE339A70CC284818E0B697DE9966C5321166B2C6F470DB73E359602ED0	6BCA655B0E35BD190A9C85FCB8C3482A26D377C6CA964EFAC4F8B192C2D72E58	Main_Modules/TALENTS/TALENTS_Scum.lua:1802	Main_Modules/TALENTS/TALENTS_Scum.lua:1810	localization_table	no	pending	no	no				match	none
Main_Modules/TALENTS/TALENTS_Scum.lua	91	localization_table	loc_talent_stat_reload_speed	E44BD96EC1EF54BA10190DC9B4DABDF2D7D6931FC76C1F441C9A5EE52E39441F	967A71D9D1A1DECBD7B63E5605CBD06BEF80D89FFA388CBF2B757A6B66042E67	Main_Modules/TALENTS/TALENTS_Scum.lua:1817	Main_Modules/TALENTS/TALENTS_Scum.lua:1819	localization_table	no	pending	no	no				match	none
Main_Modules/TALENTS/TALENTS_Scum.lua	92	localization_table	loc_talent_stat_recoil_modifier	EC0B074E7261ED5CC0B59846AB811BA2A158410DE400E068FDE83EBA0BD20316	327732ADA449A0C9EA552B25517D0D29055829C80775801DD85343A0141BCB58	Main_Modules/TALENTS/TALENTS_Scum.lua:1822	Main_Modules/TALENTS/TALENTS_Scum.lua:1824	localization_table	no	pending	no	no				match	none
Main_Modules/TALENTS/TALENTS_Scum.lua	93	localization_table	loc_talent_stat_movement_speed	379CDB6B942A456A9505E918DCED5AD012D8212303989D6C5B55692066C8621C	46045662E7917DA7CD58484B063F754E16973D4DC1CBEDFB1737D46431CC4683	Main_Modules/TALENTS/TALENTS_Scum.lua:1828	Main_Modules/TALENTS/TALENTS_Scum.lua:1830	localization_table	no	pending	no	no				match	none
Main_Modules/TALENTS/TALENTS_Scum.lua	94	localization_table	loc_talent_stat_dodge_distance_modifier	43E6D23A2BF665D6591954EBE78AB7EB549DFDEEFE15E737C855C39FC80C4EDA	D49C12BEFDE9D5F5D6B60B8E9A256300B792EA79DDB58BCA495399A908EFFDAF	Main_Modules/TALENTS/TALENTS_Scum.lua:1833	Main_Modules/TALENTS/TALENTS_Scum.lua:1835	localization_table	no	pending	no	no				match	none
Main_Modules/TALENTS/TALENTS_Scum.lua	95	localization_table	loc_talent_stat_dodge_speed_multiplier	408EB6A7ACD0F0681BD10E03727D4442481C5040A9E20849F422043118515FA6	76A18171CEB5C010427CBF478A475E6585DCBC8C350174797AB284F0ACC7406A	Main_Modules/TALENTS/TALENTS_Scum.lua:1838	Main_Modules/TALENTS/TALENTS_Scum.lua:1840	localization_table	no	pending	no	no				match	none
Main_Modules/TALENTS/TALENTS_Scum.lua	96	localization_table	loc_talent_stat_dodge_cooldown_reset_modifier	4F2705BE498FB0E1DD3CFA3C6E110DE107C92340C85DE0CE662B8036FFAEB934	9E1257E1134A8E05C69D06598B4C40AC52BBEF9F9116182ACDC1770B74233963	Main_Modules/TALENTS/TALENTS_Scum.lua:1843	Main_Modules/TALENTS/TALENTS_Scum.lua:1849	localization_table	no	pending	no	no				match	none
Main_Modules/TALENTS/TALENTS_Scum.lua	97	localization_table	loc_talent_stat_combat_ability_cooldown_regen_modifier	F538A7E14A13F8AF095F3AD6A64C6DDF4343639F025885E901611FB338387B3B	CD800C12234F0C75DCF07AE48C9AA5C18CE7FE7918C53415BD59B215B78A4636	Main_Modules/TALENTS/TALENTS_Scum.lua:1855	Main_Modules/TALENTS/TALENTS_Scum.lua:1857	localization_table	no	pending	yes	no				match	resolved
Main_Modules/TALENTS/TALENTS_Scum.lua	98	localization_table	loc_talent_buff_cooldown_on_melee_kills	F478DB77D70BE95D9C65AD456F6965A1E91C43FE837E32B269DBF017FE2E0940	DA3EDE5698A7A6BE8D3338CD097BA79366872B28C6F8B6965A9DFCBC2F22EB09	Main_Modules/TALENTS/TALENTS_Scum.lua:1861	Main_Modules/TALENTS/TALENTS_Scum.lua:1869	localization_table	no	pending	yes	no				match	resolved
Main_Modules/TALENTS/TALENTS_Scum.lua	99	localization_table	loc_talent_buff_cooldown_on_ranged_kills	59847DB59AB9B8C0F1C3B67EB63D9BD6A541CB07F79828375E2D18298FA6D175	E95606400960E375C9589C9A3C9E330B33DBF6DC372A57E1275B45BEAECAA1D0	Main_Modules/TALENTS/TALENTS_Scum.lua:1876	Main_Modules/TALENTS/TALENTS_Scum.lua:1884	localization_table	no	pending	yes	no				match	resolved
Main_Modules/TALENTS/TALENTS_Skitarii.lua	1	localization_table	loc_talent_cryptic_servo_skull_base_burn_desc	CE39ABDD75E24C27339152A9BA80BF2019624A7B6A247426B18D63974B735D9B	27F1CF1632B90CC5227CA2084EB1EF4E5309D03741978A86C4749C663CDB79FA	Main_Modules/TALENTS/TALENTS_Skitarii.lua:26	Main_Modules/TALENTS/TALENTS_Skitarii.lua:40	localization_table	no	pending	yes	no				match	resolved
Main_Modules/TALENTS/TALENTS_Skitarii.lua	2	localization_table	loc_talent_cryptic_servo_skull_improved_clarified_desc	70BEE63BC803CB4F66AC4AC61C3151D8BD81B96238ED0249FD6D7904E40AEC31	FC02FF23C57D71FF3A1F84147228FC69D3583C204661615FA77A89FE45CC3406	Main_Modules/TALENTS/TALENTS_Skitarii.lua:71	Main_Modules/TALENTS/TALENTS_Skitarii.lua:88	localization_table	no	pending	yes	no				match	resolved
Main_Modules/TALENTS/TALENTS_Skitarii.lua	3	localization_table	loc_talent_cryptic_servo_skull_inject_ally_revive_desc	6FC7B85B80B23A901B211917B42A6D83D324EFB6FC9676B5D8959146EFC2177F	C430A7C7418DC1A42881155D609C35C6A78196A9A7A4FD0AE4470040BFB00A02	Main_Modules/TALENTS/TALENTS_Skitarii.lua:125	Main_Modules/TALENTS/TALENTS_Skitarii.lua:131	localization_table	yes	pending	yes	no				match	resolved
Main_Modules/TALENTS/TALENTS_Skitarii.lua	4	localization_table	loc_talent_cryptic_servo_skull_flamethrower_desc	984C4CA14AB068DBA87363996967602377F9ACAF7EE683EB9C737162EEABA540	253C7A61C7E8E3DCFA290CE17DD9726350C421227D88153B89C7D2C2A1554834	Main_Modules/TALENTS/TALENTS_Skitarii.lua:146	Main_Modules/TALENTS/TALENTS_Skitarii.lua:153	localization_table	no	pending	yes	no				match	resolved
Main_Modules/TALENTS/TALENTS_Skitarii.lua	5	localization_table	loc_talent_cryptic_servo_skull_improved_tagging_fire_rate_cost_desc	FEA112A90A487041159BE6E38D4B620799127C63CD2805569F84D0FAF7F0687A	0F1C04CE0C1898C7020B1D2153C4C6AB2BF311DA1F88C4A427082D66F0DC4BA7	Main_Modules/TALENTS/TALENTS_Skitarii.lua:170	Main_Modules/TALENTS/TALENTS_Skitarii.lua:173	localization_table	no	pending	yes	no				match	resolved
Main_Modules/TALENTS/TALENTS_Skitarii.lua	6	localization_table	loc_talent_cryptic_arc_grenades_desc	A2692FB6305E0C51C69F1E32A2848D63ABAA1A7ACA627512C508F63C97CD8154	C88B7B1D64F0BCFC69E8D4A840172634C36F1976D1C55E553A9D7EC13CE6F814	Main_Modules/TALENTS/TALENTS_Skitarii.lua:183	Main_Modules/TALENTS/TALENTS_Skitarii.lua:186	localization_table	no	pending	yes	no				match	resolved
Main_Modules/TALENTS/TALENTS_Skitarii.lua	7	localization_table	loc_talent_cryptic_arc_grenades_brittleness_desc	2AF678DE244726C68651296B15E54A2D4E6D5D4A40F9F425AAF562683A11C635	1733A04115912FA3A10EEE69CF8B75E39A15AF9E581D520328DDA0D83FF746F3	Main_Modules/TALENTS/TALENTS_Skitarii.lua:195	Main_Modules/TALENTS/TALENTS_Skitarii.lua:199	localization_table	no	pending	yes	no				match	resolved
Main_Modules/TALENTS/TALENTS_Skitarii.lua	8	localization_table	loc_talent_cryptic_arc_grenades_weapon_malfunction_desc	F7442C8EE04A32B20A866008CA5103D8C26F182C0E5BDBA3FBB99DD016DA68C7	64B37CB2ED36EA4978850F6F05C95BEF5AA0A91E1DE982656102D74F85FEE5B0	Main_Modules/TALENTS/TALENTS_Skitarii.lua:210	Main_Modules/TALENTS/TALENTS_Skitarii.lua:211	localization_table	no	pending	yes	no				match	resolved
Main_Modules/TALENTS/TALENTS_Skitarii.lua	9	localization_table	loc_talent_cryptic_grenade_ability_force_field_clarified_desc	92D7B0683923429C41EC13EFD4C8BBA15FF61723BD4B73BF3CB5E93C8FF2E6BB	C62722F6C993698488CB74E846E5E63FF10346180B9DA01CFC768CCF6D8BF42A	Main_Modules/TALENTS/TALENTS_Skitarii.lua:217	Main_Modules/TALENTS/TALENTS_Skitarii.lua:221	localization_table	no	pending	yes	no				match	resolved
Main_Modules/TALENTS/TALENTS_Skitarii.lua	10	localization_table	loc_talent_cryptic_force_field_duration_increase_desc	4A173C63A010AAE3030507FD23F23A789955234D5379F2D6655A480BCAF4CC5F	CF16D5DC0B4083ED61275DF3939B95CC09D299C90179462CF7C446AAB2D8AC52	Main_Modules/TALENTS/TALENTS_Skitarii.lua:232	Main_Modules/TALENTS/TALENTS_Skitarii.lua:235	localization_table	no	pending	yes	no				match	resolved
Main_Modules/TALENTS/TALENTS_Skitarii.lua	11	localization_table	loc_talent_cryptic_force_field_arcs_desc	B04B956D02354AEE105B5678BB7ACEC5B7E2B98E3BA08C469C63ADA5BB7A0CF9	C60E38E4D569170FCA9BC205CD71AF2FA078250CF902C0444FE844ABEC57FD89	Main_Modules/TALENTS/TALENTS_Skitarii.lua:244	Main_Modules/TALENTS/TALENTS_Skitarii.lua:245	localization_table	no	pending	yes	no				match	resolved
Main_Modules/TALENTS/TALENTS_Skitarii.lua	12	localization_table	loc_talent_cryptic_force_field_health_damage_limit_desc	95D310620411F94B8000F6C734D6BD54D2D17EAA1161969E9813D9784631F130	B2D929D3551F555DF579DA58CA3C8673A7D16510BAD75488BFD25C54EB0FD535	Main_Modules/TALENTS/TALENTS_Skitarii.lua:250	Main_Modules/TALENTS/TALENTS_Skitarii.lua:251	localization_table	no	pending	yes	no				match	resolved
Main_Modules/TALENTS/TALENTS_Skitarii.lua	13	localization_table	loc_talent_cryptic_coherency_regen_aura_desc	E6C0A22DEE10B6E680A3DA0A6B6B2BBEC68C44007572F873C5A905EFF479FDDA	D0DA446CF193A68880EC4A3D1CEF4F1803BD76EDD128A2E7F24A6D29488D3465	Main_Modules/TALENTS/TALENTS_Skitarii.lua:257	Main_Modules/TALENTS/TALENTS_Skitarii.lua:258	localization_table	no	pending	yes	no				match	resolved
Main_Modules/TALENTS/TALENTS_Skitarii.lua	14	localization_table	loc_talent_cryptic_coherency_regen_aura_improved_desc	8BD5A9FEEC72AF1CDE038503C2B82EEBC842F017AB44BCECE9B376DBFD17FC43	EDC9B57D6F1879E4269F3C843193B256D06B400115E32EB744CCB4697BD91094	Main_Modules/TALENTS/TALENTS_Skitarii.lua:263	Main_Modules/TALENTS/TALENTS_Skitarii.lua:266	localization_table	no	pending	yes	no				match	resolved
Main_Modules/TALENTS/TALENTS_Skitarii.lua	15	localization_table	loc_talent_cryptic_ammo_aura_toughness_desc	943C1E28DB70131116BA4AC921DFCD11D44D277120C322D59919349921EB7E7C	B02E8272C54DC9811BE99BD90B3193B20F033BB8B3454341654BB248615CE06A	Main_Modules/TALENTS/TALENTS_Skitarii.lua:275	Main_Modules/TALENTS/TALENTS_Skitarii.lua:278	localization_table	no	pending	yes	no				match	resolved
Main_Modules/TALENTS/TALENTS_Skitarii.lua	16	localization_table	loc_talent_cryptic_aura_weapon_improved_desc	A7F53DB919E44D397C7E2CE42F5EA48B4EA5ADAA8B17E65CAE40D19E1969CCA4	8CBE67C720C483261622C589FC17AB6BA22152B99BC8FCA393C0A050D27FE6AB	Main_Modules/TALENTS/TALENTS_Skitarii.lua:287	Main_Modules/TALENTS/TALENTS_Skitarii.lua:292	localization_table	no	pending	yes	no				match	resolved
Main_Modules/TALENTS/TALENTS_Skitarii.lua	17	localization_table	loc_talent_cryptic_discharge_base_desc	B0A490E50D523DBF456642C81CFCCEBEA3783B9DBA836256948C61A3DA60124A	0DB1D86583841D01686E7499D5EACBB3698EEEF8D12C866E9D48451F3685AA10	Main_Modules/TALENTS/TALENTS_Skitarii.lua:307	Main_Modules/TALENTS/TALENTS_Skitarii.lua:312	localization_table	no	pending	yes	no				match	resolved
Main_Modules/TALENTS/TALENTS_Skitarii.lua	18	localization_table	loc_talent_cryptic_discharge_desc	8581B6B939DD8BA7DD4AD2363099C49E4804CF556A98D327B6DADFAEA362A201	8436971DB68FA17F398FAADF0416F2DBF1BAA19F091EBA4ABB452A388EB91956	Main_Modules/TALENTS/TALENTS_Skitarii.lua:325	Main_Modules/TALENTS/TALENTS_Skitarii.lua:332	localization_table	no	pending	yes	no				match	resolved
Main_Modules/TALENTS/TALENTS_Skitarii.lua	19	localization_table	loc_talent_cryptic_discharge_toughness_desc	50D21F73AEEB985F6178465AFB89BCA79FE042D4AD0257163F4603018A1471A8	68AD00EB563F40C13E6C6C90D4B637BF41BCD302E07B03C8F595035F369A5BB5	Main_Modules/TALENTS/TALENTS_Skitarii.lua:349	Main_Modules/TALENTS/TALENTS_Skitarii.lua:353	localization_table	no	pending	yes	no				match	resolved
Main_Modules/TALENTS/TALENTS_Skitarii.lua	20	localization_table	loc_talent_cryptic_discharge_two_charge_bonus_desc	45B8D9F2CAEC69565585B2C69A04310995DF77A0F3887D02D6983EF27228D71D	472F6DA1B12F40A80B5F74E4655AF1DAC4CB0AD444E77DAA12E4C0D1A590A7A2	Main_Modules/TALENTS/TALENTS_Skitarii.lua:364	Main_Modules/TALENTS/TALENTS_Skitarii.lua:366	localization_table	no	pending	no	no				match	none
Main_Modules/TALENTS/TALENTS_Skitarii.lua	21	localization_table	loc_talent_cryptic_discharge_arc_bonus_desc	DC023E50C61BB31CFA0E13C48154A54A88652956984598A55D9574B5BB98B283	20057700A576FAB17E7B9098D81935C62237E5A1EB9BF8D8610B11F81A957936	Main_Modules/TALENTS/TALENTS_Skitarii.lua:373	Main_Modules/TALENTS/TALENTS_Skitarii.lua:376	localization_table	no	pending	yes	no				match	resolved
Main_Modules/TALENTS/TALENTS_Skitarii.lua	22	localization_table	loc_talent_cryptic_chordclaw_desc	118DEC67A9BB3EAD78A62045E13A3B5C33900C25F9E1525DA93D05603C3C87A4	EA255EAF5B9001AA64AE4AD00FF75EAC058B23C692A9A9F33394F9A94A95D737	Main_Modules/TALENTS/TALENTS_Skitarii.lua:385	Main_Modules/TALENTS/TALENTS_Skitarii.lua:389	localization_table	no	pending	yes	no				match	resolved
Main_Modules/TALENTS/TALENTS_Skitarii.lua	23	localization_table	loc_talent_cryptic_chordclaw_capacitance_restoration_desc	3CB937B32DC7D33491F5682724AEB00AF8A88C05CB4CFD2E9AE822CB5AC615B9	C0282FC77F5AF79641F9FDFE49E8EC29354D9A8A263EBA206360A3822DDCA59A	Main_Modules/TALENTS/TALENTS_Skitarii.lua:400	Main_Modules/TALENTS/TALENTS_Skitarii.lua:402	localization_table	no	pending	yes	no				match	resolved
Main_Modules/TALENTS/TALENTS_Skitarii.lua	24	localization_table	loc_talent_cryptic_chordclaw_horizontal_swipe_desc	628A3EAF08C8A2D7653F8EFA6A76F21CB5D869728F4120BC2319ECFDF58A179D	24CB83BDE2C3910EF5907ECF2215B9B20F4B504AAA64B67FF5E6B85EB2A7F6B1	Main_Modules/TALENTS/TALENTS_Skitarii.lua:409	Main_Modules/TALENTS/TALENTS_Skitarii.lua:410	localization_table	no	pending	yes	no				match	resolved
Main_Modules/TALENTS/TALENTS_Skitarii.lua	25	localization_table	loc_talent_cryptic_chordclaw_quick_stab_combo_desc	A1300B692D37C583D4E538A2CEB0E2FC8C9D7A782985E16943D6F2BFD5115DD3	AB154F002DDAB3CE73A5A03FBE250FBA217CD79602692AFB5D7EAEB3FF4D0ACA	Main_Modules/TALENTS/TALENTS_Skitarii.lua:415	Main_Modules/TALENTS/TALENTS_Skitarii.lua:417	localization_table	no	pending	yes	no				match	resolved
Main_Modules/TALENTS/TALENTS_Skitarii.lua	26	localization_table	loc_talent_cryptic_chordclaw_consecutive_bonus_desc	4C12D2DE90A4C41F413545A7BDC086D31A3FB386766FC4A099B463A5BE77B2DA	138613296B310A70CDA1F16B34B6C6F375DDD2E6084FE827EAFDA85891CF2FF5	Main_Modules/TALENTS/TALENTS_Skitarii.lua:424	Main_Modules/TALENTS/TALENTS_Skitarii.lua:432	localization_table	no	pending	yes	no				match	resolved
Main_Modules/TALENTS/TALENTS_Skitarii.lua	27	localization_table	loc_talent_cryptic_precision_stance_drain_cost_desc	1077D882129706FE660C9130E137D48DA9B9F90E9F1FBFFA666E3B4187CE67B5	4E21341458E53708F31C80D252478D8978A8FB756F829AD92AF1093C5979A520	Main_Modules/TALENTS/TALENTS_Skitarii.lua:451	Main_Modules/TALENTS/TALENTS_Skitarii.lua:475	localization_table	no	pending	yes	no				match	resolved
Main_Modules/TALENTS/TALENTS_Skitarii.lua	28	localization_table	loc_talent_cryptic_precision_stance_toughness_suppression_desc	6021C14FA138EBF6A8EE762A8B48322E3422A2F95B5B6E524BFBDB950CD94D2F	1081C252C7784FD32F60AE48BE777FA6537580269450C58F202D2B66642F919E	Main_Modules/TALENTS/TALENTS_Skitarii.lua:523	Main_Modules/TALENTS/TALENTS_Skitarii.lua:527	localization_table	no	pending	yes	no				match	resolved
Main_Modules/TALENTS/TALENTS_Skitarii.lua	29	localization_table	loc_talent_cryptic_precision_stance_fire_rate_increased_desc	85327165D97FBC7F2C0825A330309B43E0DB545C321734C5831DFECC398B3B4D	0951DFFBF68BA7442395B2AB49F5FF9AE7AFAEC7D4BEBE28D0E6E830EFF64018	Main_Modules/TALENTS/TALENTS_Skitarii.lua:538	Main_Modules/TALENTS/TALENTS_Skitarii.lua:543	localization_table	no	pending	yes	no				match	resolved
Main_Modules/TALENTS/TALENTS_Skitarii.lua	30	localization_table	loc_talent_cryptic_precision_stance_damage_on_elite_kill_desc	DEB35EFE32B690CE072C84F9BDD2ABF4F2F490428D45F798F077718B3659D4E2	082EB9024350F3F3032B5B70B15979F2C59F49B2525C3A55D8FF46D772150205	Main_Modules/TALENTS/TALENTS_Skitarii.lua:556	Main_Modules/TALENTS/TALENTS_Skitarii.lua:565	localization_table	no	pending	yes	no				match	resolved
Main_Modules/TALENTS/TALENTS_Skitarii.lua	31	localization_table	loc_talent_cryptic_precision_stance_reload_speed_desc	EAF051271DCC2CEEA55B5C75E8ED74387CCBC0B8DEB6E173CB633BF20105A3AC	AB537076E3BA7993ACD8753C6BBC9ABC3FE2FAA165759E5A75D0EAE3297E9A10	Main_Modules/TALENTS/TALENTS_Skitarii.lua:586	Main_Modules/TALENTS/TALENTS_Skitarii.lua:588	localization_table	no	pending	no	no				match	none
Main_Modules/TALENTS/TALENTS_Skitarii.lua	32	localization_table	loc_talent_cryptic_precision_stance_crit_cleave_desc	60C714AD71FB292E9506CD3AAFF26C4B52F15A1B18644B60437451DBE4EA33DB	884D714AC77AAB58689963F1AE348263CFD19053FBB96CD1DA0FEB65A228ABC4	Main_Modules/TALENTS/TALENTS_Skitarii.lua:595	Main_Modules/TALENTS/TALENTS_Skitarii.lua:602	localization_table	no	pending	yes	no				match	resolved
Main_Modules/TALENTS/TALENTS_Skitarii.lua	33	localization_table	loc_talent_cryptic_multi_hits_grant_power_desc	6F69BE33D1725742396397AF10437CAB2C3D6B2737F4E10054B54944E56C0C92	D513DDDE8F43C3B2CE575648CB9BE7B4AD7722730F5AAE85D549F3532E5C94CA	Main_Modules/TALENTS/TALENTS_Skitarii.lua:619	Main_Modules/TALENTS/TALENTS_Skitarii.lua:621	localization_table	no	pending	yes	no				match	resolved
Main_Modules/TALENTS/TALENTS_Skitarii.lua	34	localization_table	loc_talent_cryptic_increased_passive_cooldown_regen_desc	72CD335C699B1269A57AFDC68EFEC2D139F7FE38089B2167CC04045292599F70	BCCC6815AF78803B1371E39A1F24CA1D3FE0502157CD8FFEF080449295ABA9B4	Main_Modules/TALENTS/TALENTS_Skitarii.lua:628	Main_Modules/TALENTS/TALENTS_Skitarii.lua:629	localization_table	no	pending	yes	no				match	resolved
Main_Modules/TALENTS/TALENTS_Skitarii.lua	35	localization_table	loc_talent_cryptic_crits_grant_power_desc	FFB02E10FD69C3A2D0431D29147D6EA8878A9846D31A93E225A33066598991AD	19F986D5C85614DAD34F0A09F564305110688503B58A783E8FB2FD84B0EF49C3	Main_Modules/TALENTS/TALENTS_Skitarii.lua:634	Main_Modules/TALENTS/TALENTS_Skitarii.lua:635	localization_table	yes	pending	yes	no				match	resolved
Main_Modules/TALENTS/TALENTS_Skitarii.lua	36	localization_table	loc_talent_cryptic_weakspot_kills_grant_power_desc	6881AEF929B7D44793D0E83A49FFC87A156F558A8A9F67517BD69BFE86ABBBF7	308716DEA20ACE5CD5596F2D7305BD36AB37BDCDE259C335B529B9F03AD3B704	Main_Modules/TALENTS/TALENTS_Skitarii.lua:640	Main_Modules/TALENTS/TALENTS_Skitarii.lua:641	localization_table	no	pending	yes	no				match	resolved
Main_Modules/TALENTS/TALENTS_Skitarii.lua	37	localization_table	loc_talent_cryptic_redline_charge_stacking_clarified_desc	46F69F3E03526C80E8C781187809360BCEEAB86D9FAED1AD4CD1A95C33D9A6B3	5D615E5F06FB4CE78F11B0A786F9067EB130A9DAF1A564E46023C14BC53F7CB9	Main_Modules/TALENTS/TALENTS_Skitarii.lua:647	Main_Modules/TALENTS/TALENTS_Skitarii.lua:655	localization_table	yes	pending	yes	no				match	resolved
Main_Modules/TALENTS/TALENTS_Skitarii.lua	38	localization_table	loc_talent_cryptic_redline_strength_clarified_desc	8FC0C472CF1C244877B186C8C4A9403110CB2EBCBC86237E2730AD689AD6F06A	20F37617387A056A008E30D5FCD1D0666224A25B8A89025B873E51940D1AF6DA	Main_Modules/TALENTS/TALENTS_Skitarii.lua:674	Main_Modules/TALENTS/TALENTS_Skitarii.lua:676	localization_table	no	pending	yes	no				match	resolved
Main_Modules/TALENTS/TALENTS_Skitarii.lua	39	localization_table	loc_talent_cryptic_redline_stacks_clarified_desc	F18591322FCC6EF8B2B3DE50DB4306A572EFA6CB4738E8EA5E647CE78804BAAB	F93BAF248BD73A708DA8E23BFE130415CB8CB16AD35F28999C95B6F304A1BE21	Main_Modules/TALENTS/TALENTS_Skitarii.lua:683	Main_Modules/TALENTS/TALENTS_Skitarii.lua:686	localization_table	no	pending	yes	no				match	resolved
Main_Modules/TALENTS/TALENTS_Skitarii.lua	40	localization_table	loc_talent_cryptic_redline_rending_clarified_desc	FE9955CD998FADCDCDB5F1B0BFFBBF97E521BAFD92D38330AF443549F1C64DB9	027C994A32F7ABD385C52C39380358426498B1296B494046C9FAD2F393D4F84C	Main_Modules/TALENTS/TALENTS_Skitarii.lua:695	Main_Modules/TALENTS/TALENTS_Skitarii.lua:697	localization_table	no	pending	yes	no				match	resolved
Main_Modules/TALENTS/TALENTS_Skitarii.lua	41	localization_table	loc_talent_cryptic_redline_toughness_clarified_desc	9BCF8C74028E3E443E2E164CC5336DE2BCB6C2E3338FB70614734F8FCDB50120	6257BF0CE7A3E371E864A0D91DB079438CFF7F4D2D1DB92EC163EB7DA4751AB5	Main_Modules/TALENTS/TALENTS_Skitarii.lua:704	Main_Modules/TALENTS/TALENTS_Skitarii.lua:706	localization_table	no	pending	yes	no				match	resolved
Main_Modules/TALENTS/TALENTS_Skitarii.lua	42	localization_table	loc_talent_cryptic_overload_keystone_coherency_desc	239360F04946CE41C94C0577A2FA63CA61815EB69AA3897B1B582A7C8B5AD1FF	3783BAEC6ED8D06257269E948EF8F689F94569517BFF52AB91F24F10D64DFAD2	Main_Modules/TALENTS/TALENTS_Skitarii.lua:713	Main_Modules/TALENTS/TALENTS_Skitarii.lua:723	localization_table	yes	pending	yes	no				match	resolved
Main_Modules/TALENTS/TALENTS_Skitarii.lua	43	localization_table	loc_talent_cryptic_overload_keystone_bigger_explosion_desc	CBBC60F373921D624B266CE2234CA1A3617EA62D5A64CFB7F890CD352B4D72BB	A60AC531D9E59D66D285BF9F4B76161B3BBACF249375D9300DA73B038EC7BF84	Main_Modules/TALENTS/TALENTS_Skitarii.lua:746	Main_Modules/TALENTS/TALENTS_Skitarii.lua:750	localization_table	no	pending	yes	no				match	resolved
Main_Modules/TALENTS/TALENTS_Skitarii.lua	44	localization_table	loc_talent_cryptic_overload_keystone_toughness_stamina_desc	E706F54663A02600897F9CFD698F76F79EB8AE92D5CBE30D2D4ED7B05F5A5EA5	84D3E414BD4660CC634D21D25CCDCE00CCF76EC3828982808F8EEC53151E6D54	Main_Modules/TALENTS/TALENTS_Skitarii.lua:761	Main_Modules/TALENTS/TALENTS_Skitarii.lua:764	localization_table	no	pending	yes	no				match	resolved
Main_Modules/TALENTS/TALENTS_Skitarii.lua	45	localization_table	loc_talent_cryptic_overload_keystone_permastack_desc	7A04B52004AF284D01AF2468803FDE32EC08C2C027FAC295E0352D73225D03CA	1C65786C0E93468275B46BDBA4672D1DB7B7FE9C9147D13FF6CB7966D777DCFB	Main_Modules/TALENTS/TALENTS_Skitarii.lua:773	Main_Modules/TALENTS/TALENTS_Skitarii.lua:783	localization_table	yes	pending	yes	no				match	resolved
Main_Modules/TALENTS/TALENTS_Skitarii.lua	46	localization_table	loc_talent_cryptic_overload_keystone_abilities_desc	BB441226202B5D4ECC1E6688D824BA881F6FAD643030ED16CE9A04177710FF9F	60DAC9A8488EF457D4FCF27BC668F4515224A60E01A724495C2A3B2D2BCCF651	Main_Modules/TALENTS/TALENTS_Skitarii.lua:806	Main_Modules/TALENTS/TALENTS_Skitarii.lua:808	localization_table	no	pending	yes	no				match	resolved
Main_Modules/TALENTS/TALENTS_Skitarii.lua	47	localization_table	loc_talent_cryptic_dissector_desc	38F0FA476276AF5985068920091083714846055D3F29B38F42920FA7FCF8FEF1	C1E732F9B37A23744361203B939142521B758C0F74ECEC3C6FB58E785119E7D3	Main_Modules/TALENTS/TALENTS_Skitarii.lua:815	Main_Modules/TALENTS/TALENTS_Skitarii.lua:828	localization_table	yes	pending	yes	no				match	resolved
Main_Modules/TALENTS/TALENTS_Skitarii.lua	48	localization_table	loc_talent_cryptic_dissector_crit_attack_speed_desc	2D5BC7CBEAFA59BC942299D48EF2931B6C161412160D7AF84DC9208FEE3FE4F3	EE17150AE4691B8E6CF30839528781C974170DAF1980AC6437F49B9A94E29C4F	Main_Modules/TALENTS/TALENTS_Skitarii.lua:857	Main_Modules/TALENTS/TALENTS_Skitarii.lua:860	localization_table	no	pending	yes	no				match	resolved
Main_Modules/TALENTS/TALENTS_Skitarii.lua	49	localization_table	loc_talent_cryptic_dissector_power_desc	6B2F44C4522161B2BDD439C08C28E0386B94BC69CE1888AD813C335AAF481903	9011C49DBFB285F858D2AB5E7FCBE23E683B5DD94E54C6B8E8721560CF22D7D1	Main_Modules/TALENTS/TALENTS_Skitarii.lua:869	Main_Modules/TALENTS/TALENTS_Skitarii.lua:871	localization_table	no	pending	yes	no				match	resolved
Main_Modules/TALENTS/TALENTS_Skitarii.lua	50	localization_table	loc_talent_cryptic_dissector_ability_stacks_desc	2E17BF515A218E5CA89ECBC93A1FFA4C66FA731E2DC1842DE2E6A90FEF07B2F7	555694033D8B31D04E53D23974587EF90C6C04CDABDA1E981181AB34B51C003D	Main_Modules/TALENTS/TALENTS_Skitarii.lua:878	Main_Modules/TALENTS/TALENTS_Skitarii.lua:879	localization_table	no	pending	yes	no				match	resolved
Main_Modules/TALENTS/TALENTS_Skitarii.lua	51	localization_table	loc_talent_cryptic_dissector_max_stacks_desc	5EA0BE203D1FF61CEAB4204E5C3ED2E2F2BF387F33498836FE26BEC0FD2D11CD	461CDAB91EEF074084ED84FD96887D2AF7E48A532FFF7792672DC1732C9A05DE	Main_Modules/TALENTS/TALENTS_Skitarii.lua:884	Main_Modules/TALENTS/TALENTS_Skitarii.lua:885	localization_table	no	pending	no	no				match	none
Main_Modules/TALENTS/TALENTS_Skitarii.lua	52	localization_table	loc_talent_cryptic_electrocution_defense_desc	96814B8D2AE191E0271B607BCB5486A41D3702F05D02A00538227ED15697CC4D	0B9F9317B6B666B755F2A35E4C4C9A7FB67C0AE3EED5E6C0ABD5093124ED7C2D	Main_Modules/TALENTS/TALENTS_Skitarii.lua:891	Main_Modules/TALENTS/TALENTS_Skitarii.lua:894	localization_table	no	pending	yes	no				match	resolved
Main_Modules/TALENTS/TALENTS_Skitarii.lua	53	localization_table	loc_talent_cryptic_damage_vs_electrocuted_scaling_on_charge_desc	C71F6A5AD2B09E544BD101BFE2183A9CB17FBA15263C01A3039307052DB103A0	7DB77C86E0371177F6D5EF11961DDE4F0ACF4FE35D24519A8869CED241D29D53	Main_Modules/TALENTS/TALENTS_Skitarii.lua:903	Main_Modules/TALENTS/TALENTS_Skitarii.lua:906	localization_table	no	pending	yes	no				match	resolved
Main_Modules/TALENTS/TALENTS_Skitarii.lua	54	localization_table	loc_talent_cryptic_toughness_on_damage_taken_desc	17EA8B295644DC9E7AEDED6B5FBE53A361510C2C13B6C22C5271D4B488BA231E	6264B642DA6B814CFAA0C766E85B4F1252BCF04C4D747A95150B62D092D0FDFC	Main_Modules/TALENTS/TALENTS_Skitarii.lua:915	Main_Modules/TALENTS/TALENTS_Skitarii.lua:919	localization_table	no	pending	yes	no				match	resolved
Main_Modules/TALENTS/TALENTS_Skitarii.lua	55	localization_table	loc_talent_cryptic_electrocution_applies_brittleness_desc	F1D1FA466B24EC3ABDE6795AF2BCF8430BB1410ADD11AFED683BAC209E475B43	470862396FF65E2F6D6AB0AD9E224A358FABA31D2617D4CFC9F00010662681C3	Main_Modules/TALENTS/TALENTS_Skitarii.lua:930	Main_Modules/TALENTS/TALENTS_Skitarii.lua:931	localization_table	no	pending	yes	no				match	resolved
Main_Modules/TALENTS/TALENTS_Skitarii.lua	56	localization_table	loc_talent_cryptic_electrocution_toughness_desc	A8D7A94AB7ADF21C52DED0CA87804797CB23EA3BA09260578D47A320D56F3C60	1A2AB96A6237AC0F4C99C2C28BB9CEC419D3EBC8B1447AF5CB655D66A645D0EE	Main_Modules/TALENTS/TALENTS_Skitarii.lua:936	Main_Modules/TALENTS/TALENTS_Skitarii.lua:938	localization_table	no	pending	yes	no				match	resolved
Main_Modules/TALENTS/TALENTS_Skitarii.lua	57	localization_table	loc_talent_cryptic_afflicted_increased_damage_desc	13EF05846C1E90250BFC3B73E74F05BB6B86C76140A408364EF5F220AA5CC510	9E1A1C37EC97D2F7C02833B1DC870323DE8FE47717AB80B937C7A08B444D3F99	Main_Modules/TALENTS/TALENTS_Skitarii.lua:945	Main_Modules/TALENTS/TALENTS_Skitarii.lua:956	localization_table	no	pending	yes	no				match	resolved
Main_Modules/TALENTS/TALENTS_Skitarii.lua	58	localization_table	loc_talent_cryptic_electrocution_push_desc	B316F788E211277D060DD5E86F7BDC690720B5E8928D0A10D82C68544E2BE27F	7815D66EE0F2D8A7513D7B4295F77188D44927C95B28B4E828C88A93BAA47B9C	Main_Modules/TALENTS/TALENTS_Skitarii.lua:981	Main_Modules/TALENTS/TALENTS_Skitarii.lua:984	localization_table	no	pending	yes	no				match	resolved
Main_Modules/TALENTS/TALENTS_Skitarii.lua	59	localization_table	loc_talent_cryptic_corruption_resistance_doom_desc	8F2FBB33FBE3AA0A40CCD54DAF740F93DBF89AB6E8F9FA5869B6780542AD68CC	324CA6FA5792CA6E029D241E7EBCBC9EB64F41505F5DD713B12BAC29251F22CA	Main_Modules/TALENTS/TALENTS_Skitarii.lua:993	Main_Modules/TALENTS/TALENTS_Skitarii.lua:996	localization_table	no	pending	yes	no				match	resolved
Main_Modules/TALENTS/TALENTS_Skitarii.lua	60	localization_table	loc_talent_cryptic_pushing_grants_cleave_alt_desc	0452E377EFD7A1D9550A7969CBC1C35BE3D814C2B660596119BA576BFCDF2B88	38CEF562C180487F3933A104335BBA3F5BA8CB3563C1325B1D3D7070A4C69291	Main_Modules/TALENTS/TALENTS_Skitarii.lua:1005	Main_Modules/TALENTS/TALENTS_Skitarii.lua:1007	localization_table	no	pending	yes	no				match	resolved
Main_Modules/TALENTS/TALENTS_Skitarii.lua	61	localization_table	loc_talent_cryptic_stun_dr_power_desc	510D5897F7D5931C4BA89C0D5D31C53B6884DC2D168EFEA9620C5A5F2A367D51	324D57624E3FBA8B286D0C5128942A2444343E44E55EEA60E3F4E15019F7E630	Main_Modules/TALENTS/TALENTS_Skitarii.lua:1014	Main_Modules/TALENTS/TALENTS_Skitarii.lua:1019	localization_table	no	pending	yes	no				match	resolved
Main_Modules/TALENTS/TALENTS_Skitarii.lua	62	localization_table	loc_talent_cryptic_melee_crits_electrocute_first_desc	F075949433772711886C860757206A83AD61FE5C8F7EB61566A20D4148D916EC	1781F488FACC79DFF3A09EE6DE40DA30FD227D95D2164AF31473003D8D2C6180	Main_Modules/TALENTS/TALENTS_Skitarii.lua:1032	Main_Modules/TALENTS/TALENTS_Skitarii.lua:1033	localization_table	yes	pending	yes	no				match	resolved
Main_Modules/TALENTS/TALENTS_Skitarii.lua	63	localization_table	loc_talent_cryptic_ally_coherency_defenses_desc	D7D7CA34256006B1B8E76FD75A0034AF16604C353CE11487F85E682F3F696824	B47E365C000B9DCA742BE0DA8ECC8AAEA4D15D92B18420A9BAAEB90E1DFDBBA0	Main_Modules/TALENTS/TALENTS_Skitarii.lua:1038	Main_Modules/TALENTS/TALENTS_Skitarii.lua:1045	localization_table	no	pending	yes	no				match	resolved
Main_Modules/TALENTS/TALENTS_Skitarii.lua	64	localization_table	loc_talent_cryptic_revive_speed_and_dr_desc	2CA396C86CCBEBAFF5D0018C5196DCD457F88E47B3A74C7E48A0CAB2427DE2BF	08B6312F6D96C5D63A4C063214E19CE35EC3100E5D97207E71F834688A5D3049	Main_Modules/TALENTS/TALENTS_Skitarii.lua:1062	Main_Modules/TALENTS/TALENTS_Skitarii.lua:1065	localization_table	no	pending	yes	no				match	resolved
Main_Modules/TALENTS/TALENTS_Skitarii.lua	65	localization_table	loc_talent_cryptic_next_attack_all_damage_on_dodge_desc	0DB8CFB8FEBCA5FC97923F982AA91443C1273BFBDF9685576C9458BA708BF4B2	A9BBA815C2ADFEC9C8B55759CEE9440DF4B0CE972C23C7233C7C1029D35E1888	Main_Modules/TALENTS/TALENTS_Skitarii.lua:1074	Main_Modules/TALENTS/TALENTS_Skitarii.lua:1075	localization_table	no	pending	yes	no				match	resolved
Main_Modules/TALENTS/TALENTS_Skitarii.lua	66	localization_table	loc_talent_cryptic_hybrid_damage_desc	872DBA3AB3C0B0CC6EA0BCC396739E070F2BFFC34D7D97CBB33C463A1E208284	FA41D86A6E90628F1221695C4D8823F5B5CD9CD68CAA8980C8598FE0B41417AD	Main_Modules/TALENTS/TALENTS_Skitarii.lua:1080	Main_Modules/TALENTS/TALENTS_Skitarii.lua:1087	localization_table	no	pending	yes	no				match	resolved
Main_Modules/TALENTS/TALENTS_Skitarii.lua	67	localization_table	loc_talent_cryptic_toughness_per_charge_desc	67D6F984FE4375C57F865F76D5E10383D7AD7AD1B8E59148B5CA3837520698CD	A2271FB0727462409170685C9C786EA057E1EE1D14EC733C19841FAEF459978C	Main_Modules/TALENTS/TALENTS_Skitarii.lua:1104	Main_Modules/TALENTS/TALENTS_Skitarii.lua:1107	localization_table	no	pending	yes	no				match	resolved
Main_Modules/TALENTS/TALENTS_Skitarii.lua	68	localization_table	loc_talent_cryptic_shared_toughness_desc	94EDF2042F937384DD4473EE1B5495A0AFF857EAD8BB0DDC58686018831D8E13	96753132AE413F74280F93F0F65E55D6C0E7DE268DB132CDD7FC479F259FC1F3	Main_Modules/TALENTS/TALENTS_Skitarii.lua:1116	Main_Modules/TALENTS/TALENTS_Skitarii.lua:1118	localization_table	no	pending	yes	no				match	resolved
Main_Modules/TALENTS/TALENTS_Skitarii.lua	69	localization_table	loc_talent_cryptic_strength_on_charge_gain_desc	D95FCAF851F0B1E1A795FBEE9F651816CB79F2C4028BA505B2750739535F1B65	DF1F2BFB51081F752C8033D1A86AF4176369A5DB4E0260D4454ABBC34E2B965B	Main_Modules/TALENTS/TALENTS_Skitarii.lua:1125	Main_Modules/TALENTS/TALENTS_Skitarii.lua:1129	localization_table	no	pending	yes	no				match	resolved
Main_Modules/TALENTS/TALENTS_Skitarii.lua	70	localization_table	loc_talent_cryptic_specials_marking_desc	0E89C21B3F3213A47D10306460D1500EF558092C4454ABD463A379E2ED52073E	D2394686963EB689050138B9F7245615C3A70BC170B1520AB1855B36C03F3183	Main_Modules/TALENTS/TALENTS_Skitarii.lua:1140	Main_Modules/TALENTS/TALENTS_Skitarii.lua:1141	localization_table	no	pending	no	no				match	none
Main_Modules/TALENTS/TALENTS_Skitarii.lua	71	localization_table	loc_talent_cryptic_damage_on_ability_desc	62ADD9C7526B87DB779D2E16EC018C5D9370130A479F3DA9701CA9CA1DD19E73	83070B4D1B158073A09F8963A2AA034D31B7F9CC3F349D929A922DE584B21EB8	Main_Modules/TALENTS/TALENTS_Skitarii.lua:1146	Main_Modules/TALENTS/TALENTS_Skitarii.lua:1148	localization_table	no	pending	yes	no				match	resolved
Main_Modules/TALENTS/TALENTS_Skitarii.lua	72	localization_table	loc_talent_cryptic_ranged_stacking_toughness_desc	6C14D4A496ED9A0294D9DCC69ABD66113D0CF3C9DD3762311038D54C7A4D24A6	DEE3B5F05AA2D593598D13A69D925CB45AC26795D3BCA223A604C2F7E034D8DB	Main_Modules/TALENTS/TALENTS_Skitarii.lua:1155	Main_Modules/TALENTS/TALENTS_Skitarii.lua:1162	localization_table	no	pending	yes	no				match	resolved
Main_Modules/TALENTS/TALENTS_Skitarii.lua	73	localization_table	loc_talent_cryptic_no_braced_movement_penalty_desc	8665C4F92FF0E59E1A8E58774A8E25C8A1D10C0B5C2139212A5CE6612A712D1E	CCDD0979CE7F309093EFCB1E72E0461C2169E11534425778A13A07BD8CAF7CB9	Main_Modules/TALENTS/TALENTS_Skitarii.lua:1179	Main_Modules/TALENTS/TALENTS_Skitarii.lua:1182	localization_table	no	pending	no	no				match	none
Main_Modules/TALENTS/TALENTS_Skitarii.lua	74	localization_table	loc_talent_cryptic_multi_hits_restore_toughness_desc	618E920BD50F441A4843550935F881869EF3446213F86E3EDFD4BEABB27F2E06	F43B65C650A838A66ADF47D71A2CC7B8A3DE3C3ED3C79BB77B03D8BC57F53C1C	Main_Modules/TALENTS/TALENTS_Skitarii.lua:1191	Main_Modules/TALENTS/TALENTS_Skitarii.lua:1193	localization_table	no	pending	yes	no				match	resolved
Main_Modules/TALENTS/TALENTS_Skitarii.lua	75	localization_table	loc_talent_cryptic_tdr_based_on_charge_base_desc	9B46D98BC0FD5CBCF4AABFBD1315CCF41C03A953D287D5A2C88F7DC7124963C6	9ABCFFFE7EFF385BEA20D750BDA1ABEFE17ECAD465141C7DD25F843E05650B4F	Main_Modules/TALENTS/TALENTS_Skitarii.lua:1200	Main_Modules/TALENTS/TALENTS_Skitarii.lua:1203	localization_table	yes	pending	yes	no				match	resolved
Main_Modules/TALENTS/TALENTS_Skitarii.lua	76	localization_table	loc_talent_cryptic_crits_grant_tdr_desc	29C59612D21A111908C3479D130D376B96794D1ED96C18836959846DD471F539	086837D178864C4EA307DD8221CB91045212433483345F252E210E24B2818B8F	Main_Modules/TALENTS/TALENTS_Skitarii.lua:1212	Main_Modules/TALENTS/TALENTS_Skitarii.lua:1216	localization_table	yes	pending	yes	no				match	resolved
Main_Modules/TALENTS/TALENTS_Skitarii.lua	77	localization_table	loc_talent_cryptic_elite_kills_toughness_desc	99F6384C226A9C5B0C40AFC70BC5401A181F99EF85C2CBED0E87218F367767D1	E64CC75937DE9448D8692D489974E9D8A482A4ABA7B32DFC660EB682CA9EA0C3	Main_Modules/TALENTS/TALENTS_Skitarii.lua:1227	Main_Modules/TALENTS/TALENTS_Skitarii.lua:1229	localization_table	no	pending	yes	no				match	resolved
Main_Modules/TALENTS/TALENTS_Skitarii.lua	78	localization_table	loc_talent_cryptic_ranged_kills_tdr_desc	2B3878B6B621540AEF5049A2FDE2B5A59523EAFD93AE17618EC597BBE6172C6B	2923FE22C0B0B4E64406862E2BDC86D7AAE91FBCF0FBF46ACDB83A1A4A40946B	Main_Modules/TALENTS/TALENTS_Skitarii.lua:1236	Main_Modules/TALENTS/TALENTS_Skitarii.lua:1243	localization_table	yes	pending	yes	no				match	resolved
Main_Modules/TALENTS/TALENTS_Skitarii.lua	79	localization_table	loc_talent_cryptic_ranged_vs_bfg_desc	95E149610D980B9D3332DD609282EEDC09662DE76766EB79F5A43261B398DCC6	F030B2E1D905463EAEC881023D0A53B902DF60F82CFD7BBA506A87D3A18B3DDA	Main_Modules/TALENTS/TALENTS_Skitarii.lua:1260	Main_Modules/TALENTS/TALENTS_Skitarii.lua:1261	localization_table	no	pending	yes	no				match	resolved
Main_Modules/TALENTS/TALENTS_Skitarii.lua	80	localization_table	loc_talent_cryptic_successful_dodge_stamina_desc	E4DFFC6F3A6D6DD1614C1E359EC9CC2D6F860C554CB5C15AB1726BCA5F839621	460C6F42AF120F1D85314A035E7417E6F7FD40F4ED949831D62FA7C178467952	Main_Modules/TALENTS/TALENTS_Skitarii.lua:1266	Main_Modules/TALENTS/TALENTS_Skitarii.lua:1268	localization_table	no	pending	yes	no				match	resolved
Main_Modules/TALENTS/TALENTS_Skitarii.lua	81	localization_table	loc_talent_cryptic_stamina_increases_damage_desc	9217B474EA79806376AEFC164E617418E58B6893AD26D6B33514AE167CDB1BAF	0A7EC33397763F73F64037BE825C68A256C6F7F680498F7EEA140E929D2A1CE1	Main_Modules/TALENTS/TALENTS_Skitarii.lua:1275	Main_Modules/TALENTS/TALENTS_Skitarii.lua:1277	localization_table	no	pending	yes	no				match	resolved
Main_Modules/TALENTS/TALENTS_Skitarii.lua	82	localization_table	loc_talent_cryptic_crit_chance_based_on_charge_zero_desc	79BD012EBA897902965FDD803765F54BA74AD17F2A2922A935DAE65F708BA1AD	D17DF4B540F134D91B79941D91C12F39B81B99E80C200D45D31F84BBBDAE09A1	Main_Modules/TALENTS/TALENTS_Skitarii.lua:1284	Main_Modules/TALENTS/TALENTS_Skitarii.lua:1288	localization_table	no	pending	yes	no				match	resolved
Main_Modules/TALENTS/TALENTS_Skitarii.lua	83	localization_table	loc_talent_cryptic_ammo_reserve_desc	56F5443AC4AB34A862AFA67A53322BEB5C3C9FA287B2094DF711A5E6F7F6C913	12EA325033330B2051534E262BBF43901AB07B6C950FA0A90D729F628806A4C5	Main_Modules/TALENTS/TALENTS_Skitarii.lua:1299	Main_Modules/TALENTS/TALENTS_Skitarii.lua:1300	localization_table	no	pending	no	no				match	none
Main_Modules/TALENTS/TALENTS_Skitarii.lua	84	localization_table	loc_talent_cryptic_elite_kills_damage_desc	AD1D19FC37032C8738FD58A04D238565677EAD357E727E02793B5D39B1531665	D016D15F1A299C54689B717C5C3DEB5E7CE0FA6757BF3D4F6543C553E5B64DF2	Main_Modules/TALENTS/TALENTS_Skitarii.lua:1305	Main_Modules/TALENTS/TALENTS_Skitarii.lua:1312	localization_table	no	pending	yes	no				match	resolved
Main_Modules/TALENTS/TALENTS_Skitarii.lua	85	localization_table	loc_talent_cryptic_stacking_ranged_damage_desc	B26644C390D7CF564BAA9A49D5F342352C9AD04598D3D8B997D3EBF3A60AC349	3CB1810736723AE8C720FB1FA7431B77CB69EB9BD21791641FF298AD44390EE4	Main_Modules/TALENTS/TALENTS_Skitarii.lua:1329	Main_Modules/TALENTS/TALENTS_Skitarii.lua:1333	localization_table	no	pending	yes	no				match	resolved
Main_Modules/TALENTS/TALENTS_Skitarii.lua	86	localization_table	loc_talent_cryptic_weakspot_kills_restore_toughness_desc	E8B8520083BA57F3BA08CBF8C69300A843E531CC034DB44C39D3C9A2425551C8	CAE872901408856F515E205131B41C7BFB149C997B780B4DC362E2F52743A1A7	Main_Modules/TALENTS/TALENTS_Skitarii.lua:1344	Main_Modules/TALENTS/TALENTS_Skitarii.lua:1345	localization_table	no	pending	yes	no				match	resolved
Main_Modules/TALENTS/TALENTS_Skitarii.lua	87	localization_table	loc_talent_cryptic_coherency_toughness_on_ability_desc	C7F83E744D211A4DBF019075792F4436454D0082F20E3649F5FC30086AD50374	4EF5585883B5D171CC74134BBC9C62385B92C8369BEE1B4311A46ECD7BABF431	Main_Modules/TALENTS/TALENTS_Skitarii.lua:1350	Main_Modules/TALENTS/TALENTS_Skitarii.lua:1351	localization_table	no	pending	yes	no				match	resolved
Main_Modules/TALENTS/TALENTS_Skitarii.lua	88	localization_table	loc_talent_cryptic_disabled_allies_defense_post_boost_desc	BD72A806652EB31E3F48D6A5C758EA4262D53FA9E639F908D7E96115F95F48F0	D8554CECB754242C3EDFD1B30DE4BACA158A8876655732509D6ABA9CD723F5D7	Main_Modules/TALENTS/TALENTS_Skitarii.lua:1356	Main_Modules/TALENTS/TALENTS_Skitarii.lua:1362	localization_table	no	pending	yes	no				match	resolved
Main_Modules/TALENTS/TALENTS_Skitarii.lua	89	localization_table	loc_talent_cryptic_auto_reload_desc	7D491089A19BFE55F5325B50C16756BE8C1F768DE0C3954FA7468E0E6F3BC6E8	D7371F4530A664E444457128FB2C75079003A94D95F33657BA63ABCD326A9999	Main_Modules/TALENTS/TALENTS_Skitarii.lua:1377	Main_Modules/TALENTS/TALENTS_Skitarii.lua:1381	localization_table	no	pending	no	no				match	none
Main_Modules/TALENTS/TALENTS_Skitarii.lua	90	localization_table	loc_talent_cryptic_passive_ammo_replenishment_desc	569858770F9D52B5CD8DAFC97CB3AEB0184D843B1BB20598B5898D46AE48B276	2E4D434C5FD6B282E2F4E36E4F0E7D1B8F7896C5992C5698E091E0646B023690	Main_Modules/TALENTS/TALENTS_Skitarii.lua:1392	Main_Modules/TALENTS/TALENTS_Skitarii.lua:1393	localization_table	no	pending	no	no				match	none
Main_Modules/TALENTS/TALENTS_Skitarii.lua	91	localization_table	loc_talent_cryptic_melee_cleave_and_impact_desc	BE50C412DAE0B40E9329AA751A924D8935C793AD931E0217A66C646E78DEE699	80D88BA3CD88ECB65CD56155BAEA250FA6E9942711A55E453C78171C659DB172	Main_Modules/TALENTS/TALENTS_Skitarii.lua:1398	Main_Modules/TALENTS/TALENTS_Skitarii.lua:1403	localization_table	no	pending	yes	no				match	resolved
Main_Modules/TALENTS/TALENTS_Skitarii.lua	92	localization_table	loc_talent_cryptic_stacking_tdr_desc	D61A8B7215E0C997FE5FCD83DB1C5432BA86BE05FB60BABB8603258056B862B1	EAD5C4C7C6FA62FECCD5C4EBB159AE29CCE1FE79F943BCEF25F639ACD187E8AB	Main_Modules/TALENTS/TALENTS_Skitarii.lua:1416	Main_Modules/TALENTS/TALENTS_Skitarii.lua:1421	localization_table	yes	pending	yes	no				match	resolved
Main_Modules/TALENTS/TALENTS_Skitarii.lua	93	localization_table	loc_talent_cryptic_weakspot_damage_desc	7B3F110CBA069CBE6C94114204EB6D9BA66ED9E2F7E4324D1146FF444953B3CE	996B6244EF99C6983860183E9BCA9EBF3705E563B21D4299F0343D10E4B393AA	Main_Modules/TALENTS/TALENTS_Skitarii.lua:1434	Main_Modules/TALENTS/TALENTS_Skitarii.lua:1435	localization_table	no	pending	yes	no				match	resolved
Main_Modules/TALENTS/TALENTS_Skitarii.lua	94	localization_table	loc_talent_cryptic_mobile_defense_desc	F65C1773AB007342B153BC6AD4BA766735F92D3D9E39AE4EF630D517AFCECC34	58E329D8D5D9FCBD2784FE0F10616166270011248925C77F7F5023FC51A814BA	Main_Modules/TALENTS/TALENTS_Skitarii.lua:1440	Main_Modules/TALENTS/TALENTS_Skitarii.lua:1441	localization_table	no	pending	yes	no				match	resolved
Main_Modules/TALENTS/TALENTS_Skitarii.lua	95	localization_table	loc_talent_cryptic_stun_suppression_immune_desc	1005279A4169EA1AFD1473D644BBD219CB87DF7D943A4A752E4A86F9279007E8	E7A6E39A2781D39E161F89F9FF84260345D9E8A7D15265FA7A9DD126692DD9AD	Main_Modules/TALENTS/TALENTS_Skitarii.lua:1446	Main_Modules/TALENTS/TALENTS_Skitarii.lua:1449	localization_table	no	pending	yes	no				match	resolved
Main_Modules/TALENTS/TALENTS_Skitarii.lua	96	localization_table	loc_talent_cryptic_melee_attacks_give_melee_attack_speed_desc	5D98C3F40BCAF0007B71E37681A30F4CDF9AC3A148D52D889D72AD327D49C4FE	EAF86A5A8ECA5FAFEADFEAC6E3C966CBFCD0D4E2896807482BFDD627ACECA0BD	Main_Modules/TALENTS/TALENTS_Skitarii.lua:1458	Main_Modules/TALENTS/TALENTS_Skitarii.lua:1462	localization_table	no	pending	no	no				match	none
Main_Modules/TALENTS/TALENTS_Skitarii.lua	97	localization_table	loc_talent_cryptic_push_stagger_stamina_desc	95867A870003E95D975BFFBFB6BB09CF0051E3DAEA587EAFC0156BBEDF5D27B9	DF8D0D0B90F5F908208A1A54E970483B1957E44DB4137AE97AC0863F29999D86	Main_Modules/TALENTS/TALENTS_Skitarii.lua:1473	Main_Modules/TALENTS/TALENTS_Skitarii.lua:1475	localization_table	no	pending	yes	no				match	resolved
Main_Modules/TALENTS/TALENTS_Skitarii.lua	98	localization_table	loc_talent_cryptic_stacking_melee_damage_desc	D6A67E44000247194D154A8DA0B22E9E7441F615A5A34B70BE26D206018B2A0A	CCBA3A53AEDC0743FB7071347F666DA727090009BC32D18070411D960E317620	Main_Modules/TALENTS/TALENTS_Skitarii.lua:1482	Main_Modules/TALENTS/TALENTS_Skitarii.lua:1486	localization_table	no	pending	yes	no				match	resolved
Main_Modules/TALENTS/TALENTS_Skitarii.lua	99	localization_table	loc_talent_cryptic_toughness_replenishment_on_kill_bonus_desc	42994D60FC7A7A8AED2DD7DCFDA2EF7034C5FEF7E226F0A4F3B2F3A1415849D1	C9D1DC30AA848AD262CF1A311EC111D374ECB6A4CCC1E2D95796CCC29D8E4710	Main_Modules/TALENTS/TALENTS_Skitarii.lua:1497	Main_Modules/TALENTS/TALENTS_Skitarii.lua:1500	localization_table	no	pending	yes	no				match	resolved
Main_Modules/TALENTS/TALENTS_Skitarii.lua	100	localization_table	loc_talent_cryptic_dr_on_toughness_break_desc	97EA8C3D747AF6E78F017277E36372AECD0C9706A8E6109523763B7858EEFE9C	EDA4D5871234A058FA9A0A411D5E502A7B9021BCF7C6F4C28A388187B8F4FDCD	Main_Modules/TALENTS/TALENTS_Skitarii.lua:1509	Main_Modules/TALENTS/TALENTS_Skitarii.lua:1513	localization_table	no	pending	yes	no				match	resolved
Main_Modules/TALENTS/TALENTS_Skitarii.lua	101	localization_table	loc_talent_cryptic_better_heavies_desc	55D11C8344C9F0CF2A4783C0F582CAA61E48273181445E823FBD8EBD239CA273	5937F371C19C32F65A7B2898DBEFE09BF55A05ADA471C01927FA64878D006157	Main_Modules/TALENTS/TALENTS_Skitarii.lua:1524	Main_Modules/TALENTS/TALENTS_Skitarii.lua:1527	localization_table	no	pending	yes	no				match	resolved
